timestamp,feat_0,feat_1,feat_2,feat_3,subsystem
2026-01-01 12:00:00.000,0.06192350622564596,0.39331447344715736,0.36735543044088015,0.07040995371479876,fms
2026-01-01 12:00:00.050,0.3976227099607861,0.7112315349676974,0.4834406163187209,0.01075352243027855,fms
2026-01-01 12:00:00.100,0.4799783950751577,0.6484690161601332,0.4084030226595299,0.13901803936854176,fms
2026-01-01 12:00:00.150,0.6904323959897161,0.6687964923952741,0.2886864536951002,0.22970480228372034,fms
2026-01-01 12:00:00.200,0.7412969078474587,0.5806274393831191,0.3699146503308524,0.46703164748438986,fms
2026-01-01 12:00:00.250,0.693859531361269,0.5006969764498064,0.37793231688408124,0.84671829988692,fms
2026-01-01 12:00:00.300,0.6208649163076784,0.46117170909718314,0.605855306040881,1.0874994042604977,fms
2026-01-01 12:00:00.350,0.503766674728316,0.5241500850284417,0.8792576520317519,1.319212503085453,fms
2026-01-01 12:00:00.400,0.4745151852547717,0.695501193721982,1.124497997031976,1.5745491642522789,fms
2026-01-01 12:00:00.450,0.43772128936454957,0.8641520461333797,1.3543866190166653,1.4573660737367313,fms
2026-01-01 12:00:00.500,0.6647467895029909,1.2298635807825122,1.560499978801876,1.54583131093275,fms
2026-01-01 12:00:00.550,0.9148903819158436,1.3741388697517465,1.489285653178481,1.2625804179991968,fms
2026-01-01 12:00:00.600,1.1243904840235357,1.5661221252934439,1.5312783164437502,0.8750572394640843,fms
2026-01-01 12:00:00.650,1.3947500518857163,1.5962101597699432,1.3397483029467312,0.5532128217101369,fms
2026-01-01 12:00:00.700,1.5670849348891402,1.5535104777092972,0.9387449352406138,0.25795847207336814,fms
2026-01-01 12:00:00.750,1.5719708566977724,1.271449563965974,0.6421928410601682,-0.07385541063184563,fms
2026-01-01 12:00:00.800,1.5284337598649094,1.1027415310576132,0.3630310982075637,-0.13333832468255002,fms
2026-01-01 12:00:00.850,1.1669200160009383,0.7787560041668692,0.12742695352134675,-0.3100738003468454,fms
2026-01-01 12:00:00.900,1.1450681894556949,0.4722851045743571,0.07241746020535218,-0.2818968192994928,fms
2026-01-01 12:00:00.950,0.9198362104999918,0.4617661116088293,0.07299294613961738,-0.35180767072506364,fms
2026-01-01 12:00:01.000,0.6976181671670151,0.2664897197798972,0.09156885915655638,-0.33634334882093897,fms
2026-01-01 12:00:01.050,0.7356812181369528,0.47962254082661265,0.04951217436733149,-0.433439483896949,fms
2026-01-01 12:00:01.100,0.7667272789629894,0.5384342195419879,0.012527858893922605,-0.6739901663362523,fms
2026-01-01 12:00:01.150,0.8520169747925957,0.5543374702907536,-0.0945342703622791,-1.0258076255730135,fms
2026-01-01 12:00:01.200,1.0614549475120174,0.5148617204116319,-0.4074330413857518,-1.2379796222179367,fms
2026-01-01 12:00:01.250,1.1449701985978986,0.4334850303997935,-0.7252569416005886,-1.530577222507352,fms
2026-01-01 12:00:01.300,1.1992450914022517,0.14172774818564296,-1.0182076813359826,-1.5472707933058614,fms
2026-01-01 12:00:01.350,1.0221439261504945,-0.24534547267302576,-1.3573878448686454,-1.4463491144161826,fms
2026-01-01 12:00:01.400,0.8682463037990719,-0.4431235206708797,-1.5574639166173876,-1.291942059799414,fms
2026-01-01 12:00:01.450,0.5823958929948835,-0.8917513902437614,-1.5387710656474025,-0.9695206147445447,fms
2026-01-01 12:00:01.500,0.15454599185866713,-1.0835456240410584,-1.519355635443711,-0.6563610843584434,fms
2026-01-01 12:00:01.550,-0.027249012525052158,-1.2775466783374059,-1.3386511314219958,-0.20232577532269308,fms
2026-01-01 12:00:01.600,-0.19940852192356315,-1.2033794761270535,-1.0415927877090565,0.08650918261059484,fms
2026-01-01 12:00:01.650,-0.3613089596113511,-1.0636757941742703,-0.7967063564558826,0.2994763677202966,fms
2026-01-01 12:00:01.700,-0.30308722926606796,-1.0080025863060127,-0.5746428678342421,0.44874831055583897,fms
2026-01-01 12:00:01.750,-0.2558560849586986,-0.8349404990428159,-0.38923476342562596,0.45368626249190575,fms
2026-01-01 12:00:01.800,-0.11280504706555225,-0.7789922304977396,-0.49396100432106615,0.5575119108723708,fms
2026-01-01 12:00:01.850,-0.05549243319935295,-0.913805030671285,-0.39029286521776935,0.5099720518763804,fms
2026-01-01 12:00:01.900,-0.10714820808665361,-0.8167098185874033,-0.4997531306710356,0.6163862417888932,fms
2026-01-01 12:00:01.950,-0.17870532799546468,-1.1012409320816945,-0.4246765687356116,0.7541141031867333,fms
2026-01-01 12:00:02.000,-0.5111665799725522,-1.2134578669398344,-0.39889043143236086,0.7864862327096718,fms
2026-01-01 12:00:02.050,-0.9059224596883637,-1.382084231114988,-0.15031091251563478,1.0906501553962176,fms
2026-01-01 12:00:02.100,-1.025686098426655,-1.3706918611416938,0.13070003954591505,1.2262427133628195,fms
2026-01-01 12:00:02.150,-1.2366076873957692,-1.303919434352994,0.43649766579103466,1.4196955670231235,fms
2026-01-01 12:00:02.200,-1.4035296111942512,-1.0191539001368977,0.8734520394251216,1.591901500005493,fms
2026-01-01 12:00:02.250,-1.4662114655519836,-0.6755492206096304,1.1667564859585549,1.3489008265540117,fms
2026-01-01 12:00:02.300,-1.264608867833073,-0.4595780572212329,1.3776887248853487,1.1485574424556155,fms
2026-01-01 12:00:02.350,-1.2172693799279137,-0.06476435076419854,1.4084204104467808,0.8404468314973816,fms
2026-01-01 12:00:02.400,-0.9972367400727126,0.053759798587233704,1.2946393959591334,0.3281802568553282,fms
2026-01-01 12:00:02.450,-0.8715730548377553,0.22030269463600863,1.309921480992168,-0.07162524236832907,fms
2026-01-01 12:00:02.500,-0.7819645756482225,0.19527636226579584,1.044068207280646,-0.36722967238781373,fms
2026-01-01 12:00:02.550,-0.8717722639367356,0.15912968275096606,0.8600262350713003,-0.5201214577445324,fms
2026-01-01 12:00:02.600,-0.9670024273490804,0.07800237385294778,0.7660418080491219,-0.6250276696800215,fms
2026-01-01 12:00:02.650,-1.138575575026362,0.11939275740574803,0.682434881296866,-0.7049989496141967,fms
2026-01-01 12:00:02.700,-1.2567202188903348,0.2647591269918042,0.7615130247232812,-0.6333882212205123,fms
2026-01-01 12:00:02.750,-1.4137417977832196,0.27934800914549335,0.8173056384061458,-0.6688976181174499,fms
2026-01-01 12:00:02.800,-1.3674601596876428,0.5970792615291627,0.8147452950064723,-0.6680676201279327,fms
2026-01-01 12:00:02.850,-1.288719249584478,0.9638128115645481,0.9373985306354645,-0.8271155522641588,fms
2026-01-01 12:00:02.900,-1.0885473424357595,1.257651799866779,0.7510170330374665,-1.0169302067826174,fms
2026-01-01 12:00:02.950,-0.7954994724573409,1.4396513321477329,0.5562032350169429,-1.1685432495871835,fms
2026-01-01 12:00:03.000,-0.5213874362856877,1.4825097547205661,0.17303068518342946,-1.3830750528698008,fms
2026-01-01 12:00:03.050,-0.27370038923298146,1.5260605684893067,-0.19977307138351857,-1.361837763767148,fms
2026-01-01 12:00:03.100,-0.10861356634520661,1.3588924261155695,-0.6073664050307447,-1.2194444608949409,fms
2026-01-01 12:00:03.150,0.009730527672913367,1.2206463815827526,-0.8299770096688021,-1.1104215384236882,fms
2026-01-01 12:00:03.200,-0.09786740727919366,0.8475417754334733,-1.0748546967915762,-0.8967566801825234,fms
2026-01-01 12:00:03.250,-0.2138791013535342,0.8197356295590227,-1.146664683121604,-0.4111534773709687,fms
2026-01-01 12:00:03.300,-0.3960392711156524,0.7323499556134733,-1.1471746669795921,0.04683159262857936,fms
2026-01-01 12:00:03.350,-0.34579144916209453,0.686085432771092,-1.0366118738313443,0.3415966485894544,fms
2026-01-01 12:00:03.400,-0.1771435482785655,0.8212332178157628,-0.8949696794828639,0.7022724249728981,fms
2026-01-01 12:00:03.450,-0.05136153317957777,0.8397597273289809,-0.8140060643544191,0.7508579404174013,fms
2026-01-01 12:00:03.500,0.1955745475610721,0.9244965868208408,-0.7614326506439157,0.9308306404156654,fms
2026-01-01 12:00:03.550,0.5226969279788489,0.9751371596527948,-0.874492355715377,0.832772355244494,fms
2026-01-01 12:00:03.600,0.873679822625798,0.8281700520891377,-0.9825773679668518,0.7092636725232803,fms
2026-01-01 12:00:03.650,1.0385698594285513,0.44778451228339433,-1.125989434200781,0.7238374965528379,fms
2026-01-01 12:00:03.700,1.1917792489000767,0.31140567673442177,-1.203389516379928,0.8222683546338148,fms
2026-01-01 12:00:03.750,1.2344480741834447,-0.1150028780276266,-1.203622356595853,0.8852276015310557,fms
2026-01-01 12:00:03.800,0.9840907574529322,-0.3524716294335192,-1.06640525684253,1.069640924394319,fms
2026-01-01 12:00:03.850,0.7544250253739473,-0.6275324189399554,-0.8835872656472189,1.1850737756957122,fms
2026-01-01 12:00:03.900,0.7666069202432593,-0.8110559222124537,-0.49068557436347165,1.2976634746009406,fms
2026-01-01 12:00:03.950,0.7982463151698201,-0.7851226109460612,-0.09781243925155884,1.2280153785700496,fms
2026-01-01 12:00:04.000,0.781773158845066,-0.8421902376120823,0.2992730482679865,1.0428862927917284,fms
2026-01-01 12:00:04.050,0.8681302901699303,-0.7256817933864274,0.5185933802493631,0.8495089063669332,fms
2026-01-01 12:00:04.100,1.1697585084560853,-0.6674071639362079,0.7874109396558174,0.3828580083387998,fms
2026-01-01 12:00:04.150,1.3895298086917338,-0.7079798987152341,0.8371529739587843,-0.04310391839841171,fms
2026-01-01 12:00:04.200,1.5021130294692344,-0.733118783181018,0.8702423161876247,-0.5047236370291271,fms
2026-01-01 12:00:04.250,1.5753877797585967,-0.9004524701143358,0.7133074037488323,-0.7967581285711576,fms
2026-01-01 12:00:04.300,1.6273329392197502,-0.9823461921379613,0.7448600900762433,-0.9804498217482824,fms
2026-01-01 12:00:04.350,1.4530233422436847,-1.338303783514217,0.763605013387514,-1.0843982729823276,fms
2026-01-01 12:00:04.400,1.141272230884494,-1.5794544336585739,0.7103925388989902,-1.0643760318667632,fms
2026-01-01 12:00:04.450,0.9210316133835582,-1.5374962744074072,0.9038494198952522,-0.9313360100265295,fms
2026-01-01 12:00:04.500,0.7130296865967106,-1.4984261867520448,1.0793489002545091,-0.8787904036148068,fms
2026-01-01 12:00:04.550,0.4611705738788535,-1.3532557958764257,1.314945214514213,-0.6938465043526302,fms
2026-01-01 12:00:04.600,0.427290726477558,-1.0715331890402833,1.4898376403876659,-0.7667035162645669,fms
2026-01-01 12:00:04.650,0.4007183571148189,-0.7335068212875564,1.4271154388959397,-0.9831891037595267,fms
2026-01-01 12:00:04.700,0.5573585267738416,-0.5369941831723034,1.369787550788507,-0.9797792106525293,fms
2026-01-01 12:00:04.750,0.827816555288949,-0.39853389990772453,1.053405831864383,-1.1365118341835208,fms
2026-01-01 12:00:04.800,0.8335347594401944,-0.2371572687617782,0.6376263253316037,-1.0854021481000515,fms
2026-01-01 12:00:04.850,0.829009481268467,-0.2540343619716936,0.35575078845161995,-1.0254611166149932,fms
2026-01-01 12:00:04.900,0.607179887163688,-0.3095992547709345,0.13577873714101163,-0.7533738337048291,fms
2026-01-01 12:00:04.950,0.2766357700589799,-0.29316491967620134,-0.17416418885827648,-0.4752082667501438,fms
2026-01-01 12:00:05.000,0.02818523937398679,-0.3132695443069542,-0.3874129275773212,-0.11494063760544226,fms
2026-01-01 12:00:05.050,-0.2562806001286541,-0.29287999176635093,-0.4200062315747597,0.4229211333824365,fms
2026-01-01 12:00:05.100,-0.5780606376192153,-0.038819691643957786,-0.46912863624529644,0.7630735093562191,fms
2026-01-01 12:00:05.150,-0.7520722710248018,0.17407294966628215,-0.30495753011230314,1.0332965333264503,fms
2026-01-01 12:00:05.200,-0.8029083544540067,0.5544942823671742,-0.4313558899689522,1.1967842186664812,fms
2026-01-01 12:00:05.250,-0.7773718042512912,0.9916840671775145,-0.42756494517404303,1.2481629586854874,fms
2026-01-01 12:00:05.300,-0.5598489290271603,1.1204168566266406,-0.6938853543224365,1.1117450242457638,fms
2026-01-01 12:00:05.350,-0.48391050009166575,1.3466590898410424,-0.8829600864114181,1.0578892347771203,fms
2026-01-01 12:00:05.400,-0.5074490575109404,1.3262356458228068,-1.1408917160781311,0.8178350784278401,fms
2026-01-01 12:00:05.450,-0.4648355817603117,1.2752706564564429,-1.3982113924296982,0.8129370442158196,fms
2026-01-01 12:00:05.500,-0.663276051710194,1.1034275316719726,-1.5570466389665498,0.80492441638933,fms
2026-01-01 12:00:05.550,-0.9174904238468308,0.9347553306791241,-1.538042812074119,0.7149127551112268,fms
2026-01-01 12:00:05.600,-1.1472345125109933,0.759463416203151,-1.5306184026459873,0.9368113192058449,fms
2026-01-01 12:00:05.650,-1.3206843828248838,0.8006446999979258,-1.1784773659093934,0.947170802583397,fms
2026-01-01 12:00:05.700,-1.5551898929516996,0.8457096129557353,-0.8906626281905191,0.9263067079534547,fms
2026-01-01 12:00:05.750,-1.590882682235091,0.9802009448998517,-0.7055686602205531,0.804951941760774,fms
2026-01-01 12:00:05.800,-1.5755183942748558,1.0288384457541797,-0.4482897950515469,0.460880006588219,fms
2026-01-01 12:00:05.850,-1.2110559095505835,1.2259087495705967,-0.1688397953059816,0.1287311399515223,fms
2026-01-01 12:00:05.900,-1.2145065919570537,1.3050404020351367,-0.10863002613332119,-0.3085128210510336,fms
2026-01-01 12:00:05.950,-0.9043392453468134,1.1809583956208767,0.02959460285516622,-0.6631920049368378,fms
2026-01-01 12:00:06.000,-0.7240239790024653,1.0067342960990435,-0.050362113687833214,-0.9906550636178953,fms
2026-01-01 12:00:06.050,-0.7778959822075929,0.7528515597873837,-0.0965751772805918,-1.2130449694337095,fms
2026-01-01 12:00:06.100,-0.7049913762107234,0.38323664502998606,0.04570435564647085,-1.3339732433971239,fms
2026-01-01 12:00:06.150,-0.8187087897017661,-0.0905511201860599,0.1146506744948459,-1.284110916427312,fms
2026-01-01 12:00:06.200,-1.0375437686289322,-0.14732834557335425,0.3457828275651714,-1.0942749626423416,fms
2026-01-01 12:00:06.250,-1.107908788702281,-0.3608177746266553,0.6541574301527933,-0.9092514885675913,fms
2026-01-01 12:00:06.300,-1.1933748578245829,-0.44106665060447325,1.0797242896126706,-0.8044587649610098,fms
2026-01-01 12:00:06.350,-1.075772357138644,-0.47061090706070546,1.354491189600214,-0.7762991376171015,fms
2026-01-01 12:00:06.400,-0.9177844965620336,-0.360796192610009,1.5531793420865367,-0.7916249375165166,fms
2026-01-01 12:00:06.450,-0.5431490378541481,-0.3583985460302379,1.6807548618084327,-0.7071999344116173,fms
2026-01-01 12:00:06.500,-0.2862355822126802,-0.44378661954901655,1.3980508281045358,-0.8072402600350623,fms
2026-01-01 12:00:06.550,0.0957585222200045,-0.47428893439990455,1.3518876730700775,-0.7305660549971592,fms
2026-01-01 12:00:06.600,0.19591967877666128,-0.6190817471918616,1.1008428892168423,-0.7793886147175453,fms
2026-01-01 12:00:06.650,0.3513629471816627,-0.9243672319069764,0.793113681193217,-0.49688768402368927,fms
2026-01-01 12:00:06.700,0.40842141645903307,-1.2329895849924046,0.532470442683101,-0.14958134299597148,fms
2026-01-01 12:00:06.750,0.20393767595042608,-1.4497303600076459,0.5069610224952904,0.2653449684014404,fms
2026-01-01 12:00:06.800,0.216199904682939,-1.541357437052317,0.5239291795098774,0.7175158018476293,fms
2026-01-01 12:00:06.850,0.19003676093177735,-1.6112056446113767,0.3998452995675559,1.0031361389352416,fms
2026-01-01 12:00:06.900,0.06923205146444047,-1.407086742932528,0.41270905476102093,1.252130917598296,fms
2026-01-01 12:00:06.950,0.19629730476707008,-1.2426768912932773,0.5036717027510732,1.4411059004744888,fms
2026-01-01 12:00:07.000,0.4458014876764729,-0.9885324543595303,0.4162783185940024,1.3463888278399143,fms
2026-01-01 12:00:07.050,0.7082404419094529,-0.7919838164905587,0.20432956740053004,1.2831099826070178,fms
2026-01-01 12:00:07.100,1.165788742129513,-0.6129960105900192,-0.1704359697694751,1.0634110909997305,fms
2026-01-01 12:00:07.150,1.3437523012219117,-0.6017781767574231,-0.43565022236686934,0.9318734206494341,fms
2026-01-01 12:00:07.200,1.4185581392985185,-0.5940317976507963,-0.7978390855468614,0.7995423403565578,fms
2026-01-01 12:00:07.250,1.451691820347121,-0.6455667827770445,-1.214381629879196,0.6921467201516622,fms
2026-01-01 12:00:07.300,1.3884261177342647,-0.8114411632760602,-1.4082341156847349,0.5427503086696627,fms
2026-01-01 12:00:07.350,1.167315374451819,-0.7568876818470774,-1.5037193342822057,0.6530909916369183,fms
2026-01-01 12:00:07.400,0.9726337442654955,-0.6565180450242587,-1.3611365471877763,0.6481600346119542,fms
2026-01-01 12:00:07.450,0.931554138418696,-0.5213620160573847,-1.2429452633091644,0.5677304426945198,fms
2026-01-01 12:00:07.500,0.8041800982274017,-0.2687514912789845,-1.0608780291461741,0.4103818994729017,fms
2026-01-01 12:00:07.550,0.8050011521177046,0.22920331958708218,-0.7264567712782654,0.05528362407420964,fms
2026-01-01 12:00:07.600,1.0063647344142113,0.44561354042382584,-0.7909703491177155,-0.1866755261673643,fms
2026-01-01 12:00:07.650,1.1396314662153402,0.8208663931351708,-0.7208952353118081,-0.6170547256843602,fms
2026-01-01 12:00:07.700,1.3158377104097305,0.9120203277105898,-0.8000154320524816,-1.0121346619002831,fms
2026-01-01 12:00:07.750,1.4116918704634243,1.0624154174698983,-0.8949183566769713,-1.3001546619033462,fms
2026-01-01 12:00:07.800,1.4311886498824733,0.9981336472703363,-0.9062311269737601,-1.5732856068104553,fms
2026-01-01 12:00:07.850,1.2951393903287114,0.8617314477929243,-0.9021942005279909,-1.5130849845854157,fms
2026-01-01 12:00:07.900,1.1213600286468897,0.8217469962124946,-0.6793868525358322,-1.4289442641661154,fms
2026-01-01 12:00:07.950,0.7112283217592766,0.5991513761035454,-0.46561939430860333,-1.2369613267450246,fms
2026-01-01 12:00:08.000,0.5337764810308373,0.7807195104735241,-0.19604736194371455,-1.0141515012001487,fms
2026-01-01 12:00:08.050,0.2555985445560429,0.8171237957758081,0.2248863898042197,-0.7940250553083508,fms
2026-01-01 12:00:08.100,0.10064544145982181,1.0212513197787527,0.5778513522112141,-0.5539813510327078,fms
2026-01-01 12:00:08.150,0.07148942336987772,1.1575883243650005,0.9396883237017991,-0.46898918667059863,fms
2026-01-01 12:00:08.200,0.1525123024236807,1.4468941368932717,0.9976164642358745,-0.4002975089635094,fms
2026-01-01 12:00:08.250,0.2231948076108616,1.4398812820685258,1.2363006556914933,-0.39821128368811753,fms
2026-01-01 12:00:08.300,0.31031052812000215,1.4561247914980124,1.2514922924771474,-0.35709311589331966,fms
2026-01-01 12:00:08.350,0.32767877470611295,1.3393976776349952,0.9760581245099632,-0.33478208855696906,fms
2026-01-01 12:00:08.400,0.3356648386159896,1.0492573830239624,0.9067452760033621,-0.00040495985210538266,fms
2026-01-01 12:00:08.450,0.05840277306909605,0.8094249834729399,0.7782688889529836,0.2082124842799903,fms
2026-01-01 12:00:08.500,-0.2830130080218556,0.3890934109868026,0.8182468509697446,0.5658521753586705,fms
2026-01-01 12:00:08.550,-0.5970743207151648,0.16563924067668587,0.8688646237546627,0.9329054329473528,fms
2026-01-01 12:00:08.600,-0.9737824324569119,0.09851703200942405,0.9474639331063553,1.2419088537098282,fms
2026-01-01 12:00:08.650,-1.0913676746816696,-0.015785883742685934,1.1552822794592565,1.536287063569654,fms
2026-01-01 12:00:08.700,-1.092139629453929,0.023052274412312994,1.2543450225273003,1.6153182799849402,fms
2026-01-01 12:00:08.750,-1.1015219932177656,0.10673430813581786,1.198073245607392,1.5233499427641417,fms
2026-01-01 12:00:08.800,-1.0110345593876697,0.10679560412069994,1.1780978333919716,1.366473608841346,fms
2026-01-01 12:00:08.850,-0.8885109125856305,0.07943526650874602,0.8361968173067067,1.0122898125869835,fms
2026-01-01 12:00:08.900,-0.7105322939268071,-0.08369589261889451,0.4915727444225625,0.7561147498242711,fms
2026-01-01 12:00:08.950,-0.7695127942096297,-0.17267437834013477,0.11424861634319508,0.5061935615823383,fms
2026-01-01 12:00:09.000,-0.8141840581369272,-0.5915679863477498,-0.25447528630133354,0.31299423801082116,fms
2026-01-01 12:00:09.050,-0.969691214403766,-0.9277963191611602,-0.46766865240433786,0.22841056483077343,fms
2026-01-01 12:00:09.100,-1.1455622662767588,-1.2943055749241525,-0.7136039094596781,0.14596078936148751,fms
2026-01-01 12:00:09.150,-1.2751736353339436,-1.414018844146694,-0.8024582851659362,0.06718095544493746,fms
2026-01-01 12:00:09.200,-1.4514994295902792,-1.462228884569352,-0.8561419133277978,0.04830768956603586,fms
2026-01-01 12:00:09.250,-1.5717070721212962,-1.4749986163740116,-0.6690509385159651,-0.010955728002647536,fms
2026-01-01 12:00:09.300,-1.5513543485289356,-1.2417783417614359,-0.6481336581113781,-0.1477125243247018,fms
2026-01-01 12:00:09.350,-1.385993097046229,-1.0696850051130684,-0.6514120306467134,-0.5234493469104116,fms
2026-01-01 12:00:09.400,-1.1679761622325147,-0.9439604543096953,-0.6779327643268189,-0.8285214904332086,fms
2026-01-01 12:00:09.450,-0.8544812668737726,-0.7010594084459749,-0.9451866126097438,-1.1468122049207872,fms
2026-01-01 12:00:09.500,-0.7029640414593811,-0.789584083272723,-1.1278395118977733,-1.379660120204598,fms
2026-01-01 12:00:09.550,-0.5670221779866156,-0.9400631383085458,-1.3305001704981692,-1.579764659736035,fms
2026-01-01 12:00:09.600,-0.40189691721988907,-0.8862892396263754,-1.4953186115120065,-1.5469060149944356,fms
2026-01-01 12:00:09.650,-0.5218490893390291,-1.130015024431938,-1.459953183043481,-1.4489401559538422,fms
2026-01-01 12:00:09.700,-0.658481055685996,-1.1547490689191395,-1.2507882843511646,-1.1958405668840326,fms
2026-01-01 12:00:09.750,-0.7601994283623812,-1.045896018851145,-1.0485180896733175,-0.7890563845881667,fms
2026-01-01 12:00:09.800,-0.7221796826163974,-0.9720801456099278,-0.7286549060246257,-0.5751810148547138,fms
2026-01-01 12:00:09.850,-0.7082954580950234,-0.7002851922466782,-0.27774202685400157,-0.3735779274966111,fms
2026-01-01 12:00:09.900,-0.7282339344088603,-0.35199294803124836,-0.020847327920182106,-0.06532934045429918,fms
2026-01-01 12:00:09.950,-0.2699725722961989,0.04034877030728036,0.2402449242260302,-0.0727260670669322,fms
2026-01-01 12:00:10.000,-0.0818453494766179,0.32186052309115903,0.3962690649814973,0.0698673366813451,fms
2026-01-01 12:00:10.050,0.25276288968667504,0.5719094977160948,0.388726456910579,-0.005754009915171596,fms
2026-01-01 12:00:10.100,0.5842977480461318,0.6415445783619866,0.4358879826738538,0.02413248140524757,fms
2026-01-01 12:00:10.150,0.7177439915634625,0.6297363866115611,0.34551299594310536,0.27479001450389107,fms
2026-01-01 12:00:10.200,0.8350730329054659,0.563403054759031,0.39434545497022394,0.5302585294661051,fms
2026-01-01 12:00:10.250,0.7387014700865168,0.4296413778376998,0.3485254064732492,0.8637343760467763,fms
2026-01-01 12:00:10.300,0.6074257465757158,0.44878933155000494,0.6073190840338363,1.0677636768411027,fms
2026-01-01 12:00:10.350,0.4570769561533978,0.5352979536644172,0.7887867539132823,1.3039172585685794,fms
2026-01-01 12:00:10.400,0.4971937401338698,0.6906611008649067,1.0662161822324348,1.5395504760064698,fms
2026-01-01 12:00:10.450,0.4924732660064316,0.9213235929854734,1.3964423815301732,1.5189694320116465,fms
2026-01-01 12:00:10.500,0.6593887771134042,1.1437722512031239,1.6061554370486002,1.4849523105605582,fms
2026-01-01 12:00:10.550,0.8152968078781178,1.2871527696643503,1.6438107237434942,1.2236628550276678,fms
2026-01-01 12:00:10.600,1.1450089558184386,1.5994180441837162,1.4797533310621467,0.9789657916685569,fms
2026-01-01 12:00:10.650,1.3854054711433998,1.517754087746037,1.2280938180999483,0.54501998488677,fms
2026-01-01 12:00:10.700,1.5707631746288175,1.4904272860835794,0.9909725048559221,0.11406940298900207,fms
2026-01-01 12:00:10.750,1.5074216289264153,1.2958368213776552,0.6162519299469357,0.0038464618802421385,fms
2026-01-01 12:00:10.800,1.5019386506020205,1.0911902562240252,0.2879903826892642,-0.1272064254162012,fms
2026-01-01 12:00:10.850,1.4155972064856979,0.7527288306719448,0.15033931561820946,-0.28518804751750193,fms
2026-01-01 12:00:10.900,1.115639342615692,0.5997058258109835,0.025985290187872823,-0.267480302093717,fms
2026-01-01 12:00:10.950,0.9545535372718823,0.4296845810693835,0.14058606681207925,-0.2809315184048775,fms
2026-01-01 12:00:11.000,0.6452179437430194,0.4769263094762391,0.02683147002424797,-0.31497357198763476,fms
2026-01-01 12:00:11.050,0.6719892184554965,0.41001510832085647,0.0163227908312064,-0.47154829083534866,fms
2026-01-01 12:00:11.100,0.8641419443433245,0.4805828551914363,-0.015510423512183284,-0.7439083718305926,fms
2026-01-01 12:00:11.150,0.884802028438103,0.43333098117265756,-0.12775106263157845,-0.9684641377347085,fms
2026-01-01 12:00:11.200,1.0498330794540904,0.505970918964959,-0.3543563720857028,-1.2403727273082372,fms
2026-01-01 12:00:11.250,1.0959138345676422,0.34179331282498776,-0.7039022518734369,-1.4339585146659122,fms
2026-01-01 12:00:11.300,1.1345849949510158,0.22544377828958384,-1.0582446979007583,-1.551505093981914,fms
2026-01-01 12:00:11.350,1.0255664116054257,-0.15853743123997985,-1.2856064122236743,-1.5091264171821244,fms
2026-01-01 12:00:11.400,0.8904967910110622,-0.5129307961516059,-1.48845117044211,-1.3916663427739588,fms
2026-01-01 12:00:11.450,0.5153023366068871,-0.8862072240695554,-1.5700903383127318,-1.0343402171314942,fms
2026-01-01 12:00:11.500,0.2433209986858652,-1.1360774122992836,-1.4815658117384183,-0.6625917872185495,fms
2026-01-01 12:00:11.550,-0.01511957076281157,-1.2552362966932904,-1.276021632971611,-0.1494501363921823,fms
2026-01-01 12:00:11.600,-0.13048398779397805,-1.1430348173177902,-0.9732122421783739,0.0577862643270894,fms
2026-01-01 12:00:11.650,-0.38640646676078483,-1.0507342243439695,-0.7346785477254176,0.3748212579708743,fms
2026-01-01 12:00:11.700,-0.24946956393363395,-0.9872820678668442,-0.5364534582560329,0.35073735526960703,fms
2026-01-01 12:00:11.750,-0.3216620249257305,-1.005616778533141,-0.44202278924212957,0.4169400765199066,fms
2026-01-01 12:00:11.800,-0.12945520074868813,-0.7758351723158002,-0.38967184003622557,0.43627281084920966,fms
2026-01-01 12:00:11.850,-0.11941398614585143,-0.9218524667717286,-0.47847725357382964,0.5472858460430168,fms
2026-01-01 12:00:11.900,-0.11807440191423049,-0.9289094030321648,-0.5274170108127817,0.5757188771332998,fms
2026-01-01 12:00:11.950,-0.20831142169031108,-1.0419604493748826,-0.44519302297828905,0.7494964745799925,fms
2026-01-01 12:00:12.000,-0.40034755354902873,-1.3075487935014636,-0.4925543290810617,0.8572999544843539,fms
2026-01-01 12:00:12.050,-0.7436401101916486,-1.4751861885886228,-0.2165742127094045,1.0784810272794583,fms
2026-01-01 12:00:12.100,-1.0671251207323196,-1.428818548714538,0.16200200633965697,1.279939034898888,fms
2026-01-01 12:00:12.150,-1.2882103098218745,-1.335626101914336,0.5857953239624782,1.4258828701634811,fms
2026-01-01 12:00:12.200,-1.3969410332725978,-0.9622904504970129,0.8569335560946164,1.4069077918872757,fms
2026-01-01 12:00:12.250,-1.388532030887022,-0.6997558581227298,1.0957129928282243,1.2888683214084347,fms
2026-01-01 12:00:12.300,-1.2912089721133442,-0.41416839935292044,1.3943654575803133,1.1056520482350378,fms
2026-01-01 12:00:12.350,-1.156298144897379,-0.09900980484148666,1.4272719976041854,0.727294955322657,fms
2026-01-01 12:00:12.400,-1.0203549128324942,0.14068652046902091,1.4141467925472213,0.39470498342922283,fms
2026-01-01 12:00:12.450,-0.9275269735892745,0.1420832053243585,1.2183169499712376,0.03177099798458628,fms
2026-01-01 12:00:12.500,-0.8174820154949514,0.2583453178455424,1.0627627449393435,-0.4515818850390716,fms
2026-01-01 12:00:12.550,-0.7795449232996647,0.17591748713229494,0.8685848050991327,-0.5863399441682011,fms
2026-01-01 12:00:12.600,-0.9619231334690224,0.08477653744652983,0.7350653862845654,-0.6522414392890654,fms
2026-01-01 12:00:12.650,-1.1149623598410117,0.06762800110487277,0.772883330509586,-0.6640043642608392,fms
2026-01-01 12:00:12.700,-1.2318263100942415,0.14677612252051908,0.7722669509686737,-0.6891850346430418,fms
2026-01-01 12:00:12.750,-1.4889937110989355,0.3854962777189902,0.8814904096621963,-0.6340928349038765,fms
2026-01-01 12:00:12.800,-1.4221972330163843,0.5756025955166596,0.9138105003184472,-0.6780081652588178,fms
2026-01-01 12:00:12.850,-1.2438442733760369,0.9009399903422419,0.8584227205425025,-0.8783951141417705,fms
2026-01-01 12:00:12.900,-0.9290982403605073,1.2232046973574116,0.7383402471679859,-0.8660801040926183,fms
2026-01-01 12:00:12.950,-0.7396589364586076,1.5049610070109432,0.5694933801144372,-1.216557609151439,fms
2026-01-01 12:00:13.000,-0.35198425845364334,1.5539138310330671,0.20436400991159534,-1.334168194853928,fms
2026-01-01 12:00:13.050,-0.2932547825004293,1.4026464934147447,-0.23829893209096753,-1.4198904903132665,fms
2026-01-01 12:00:13.100,-0.1586522253501429,1.2696052721266857,-0.6176005849884746,-1.3408796168315427,fms
2026-01-01 12:00:13.150,-0.0846661107644979,1.157734705013756,-0.9237937758648612,-1.1240419958004793,fms
2026-01-01 12:00:13.200,-0.14230908997561678,0.9344828623476462,-1.084282561194698,-0.810657518075557,fms
2026-01-01 12:00:13.250,-0.24076478196156745,0.8340817040806466,-1.2581332470107807,-0.30374590828548026,fms
2026-01-01 12:00:13.300,-0.3893605546503827,0.6934347600320062,-1.0924693578506384,0.0784895182518468,fms
2026-01-01 12:00:13.350,-0.3790554102487498,0.6926777287389811,-1.0506107567742942,0.4368709051723648,fms
2026-01-01 12:00:13.400,-0.2683639202616818,0.8136889533009017,-0.8806058086506416,0.739304444334887,fms
2026-01-01 12:00:13.450,-0.036482839247324476,0.8662089701920385,-0.7868787096467974,0.9010204103076799,fms
2026-01-01 12:00:13.500,0.25334059834183753,0.9168213519583019,-0.814889228941396,0.9641461389063117,fms
2026-01-01 12:00:13.550,0.605053092603617,0.9500750628215262,-0.8160295940503848,0.8305132806107426,fms
2026-01-01 12:00:13.600,0.8747745582564038,0.8414935997470834,-1.0936975788668055,0.7264376669103869,fms
2026-01-01 12:00:13.650,1.0629008283787107,0.5410202960781569,-1.1625748867214283,0.8250686603207602,fms
2026-01-01 12:00:13.700,1.2251928380121844,0.2670628470896656,-1.1826153952321492,0.725167257698075,fms
2026-01-01 12:00:13.750,1.1573642583364743,-0.14196696643517065,-1.2720201575608125,0.8703092028445272,fms
2026-01-01 12:00:13.800,1.0192262455184815,-0.39483728794371953,-0.9663091163593965,0.9252133073808047,fms
2026-01-01 12:00:13.850,0.860643285386145,-0.7149115770962633,-0.9213729863834339,1.223958491642764,fms
2026-01-01 12:00:13.900,0.8042493475095503,-0.7511136946345837,-0.45717227301843744,1.2058804188637902,fms
2026-01-01 12:00:13.950,0.6348063735191866,-0.8532889966066486,-0.12689373662932552,1.2475698750677673,fms
2026-01-01 12:00:14.000,0.6909532977707777,-0.8548792446585471,0.27019741238286726,1.080322946335369,fms
2026-01-01 12:00:14.050,0.8984261925051515,-0.7103993726791961,0.5052379743437125,0.8989511722610096,fms
2026-01-01 12:00:14.100,1.0908474691198857,-0.6217863510970846,0.686255010471018,0.49359756655047876,fms
2026-01-01 12:00:14.150,1.332051262669942,-0.5756259901629819,0.9161102576378606,-0.02351893119641021,fms
2026-01-01 12:00:14.200,1.529363874152723,-0.6138150901687095,0.8435963295191922,-0.44258741586459543,fms
2026-01-01 12:00:14.250,1.4903509540379012,-0.9302858263638012,0.6943535435771931,-0.7561477721125982,fms
2026-01-01 12:00:14.300,1.5811522719582105,-1.1230203584799026,0.5314468626537676,-1.0281474207942465,fms
2026-01-01 12:00:14.350,1.4153794151257821,-1.3549757636558701,0.6439868540149309,-1.089050803060524,fms
2026-01-01 12:00:14.400,1.1397833244795341,-1.5483124351604913,0.713576516071667,-1.0168349039618203,fms
2026-01-01 12:00:14.450,0.9136762437333608,-1.537047846771647,0.8987297703911428,-0.9525286003477135,fms
2026-01-01 12:00:14.500,0.7587698074225564,-1.4830342978250755,1.1059388003445838,-0.8294037586188285,fms
2026-01-01 12:00:14.550,0.45951226800725575,-1.3058920290703582,1.2865411007104737,-0.7903628207257128,fms
2026-01-01 12:00:14.600,0.5018529492602869,-1.0796784035906504,1.416943827277187,-0.8269560079383396,fms
2026-01-01 12:00:14.650,0.49535315418523623,-0.8332155521589657,1.502089578844513,-0.9301582287338103,fms
2026-01-01 12:00:14.700,0.6166556561881321,-0.5258886957612383,1.4144936267388464,-1.044071232886275,fms
2026-01-01 12:00:14.750,0.7354565736795785,-0.3568617223422752,1.0889005203632085,-1.0459269004657237,fms
2026-01-01 12:00:14.800,0.7673811800580289,-0.2293429495900186,0.7437411778440124,-1.1439685032414046,fms
2026-01-01 12:00:14.850,0.7325769689745018,-0.293940615794864,0.3199165135426399,-1.0778290099627783,fms
2026-01-01 12:00:14.900,0.5078509484310256,-0.23286683334738417,-0.0568248763167713,-0.7565246989155147,fms
2026-01-01 12:00:14.950,0.31978397062260927,-0.33267629096883394,-0.10206665944473073,-0.5108089918136065,fms
2026-01-01 12:00:15.000,0.03495526007071842,-0.4009873178394612,-0.4042264174527806,-0.03106735014606058,fms
2026-01-01 12:00:15.050,-0.31001773082750195,-0.3184273474430551,-0.4594668890059227,0.4037571028545613,fms
2026-01-01 12:00:15.100,-0.5830441278162037,-0.042870010955549806,-0.28971097165437587,0.7019691201823013,fms
2026-01-01 12:00:15.150,-0.8229897491133178,0.23424647493755846,-0.4334146267378534,1.0704635596706356,fms
2026-01-01 12:00:15.200,-0.8193620478799802,0.5235380081349581,-0.3710561785705381,1.235006184514593,fms
2026-01-01 12:00:15.250,-0.6278513471322547,0.8610927969225906,-0.5102440493215257,1.1883874799990946,fms
2026-01-01 12:00:15.300,-0.6676888039092342,1.2264551445313614,-0.593307379350871,1.1127058727469712,fms
2026-01-01 12:00:15.350,-0.5425092026679594,1.2211853292587045,-0.876873107818925,0.941946867173738,fms
2026-01-01 12:00:15.400,-0.422148925817897,1.3670194702859175,-1.1410595479046026,0.8832995307048758,fms
2026-01-01 12:00:15.450,-0.504865075394329,1.286664055922972,-1.3523482963501192,0.8237734421151499,fms
2026-01-01 12:00:15.500,-0.6837738607931076,1.2020549042615967,-1.5901412913267212,0.7330210157142325,fms
2026-01-01 12:00:15.550,-0.916716548493667,1.035237682860407,-1.5264830067649338,0.8740868424136752,fms
2026-01-01 12:00:15.600,-1.2301391417640892,0.8185758583373096,-1.5227435565382363,0.9057430191664151,fms
2026-01-01 12:00:15.650,-1.3494856114472165,0.7615099168333863,-1.2893947074560865,0.9558885763674061,fms
2026-01-01 12:00:15.700,-1.5379757349994951,0.9321644025290953,-0.9076813845445549,0.9271094481465677,fms
2026-01-01 12:00:15.750,-1.5733948439600491,0.9515428441768037,-0.6243738093887972,0.8212182659588474,fms
2026-01-01 12:00:15.800,-1.4474641405111925,1.1526590954615403,-0.2990913311863427,0.44529267820363483,fms
2026-01-01 12:00:15.850,-1.3667334109144493,1.2664929722728826,-0.11896680256293485,0.17543365634512206,fms
2026-01-01 12:00:15.900,-1.1544160165884683,1.17932950546797,-0.0959807867775059,-0.421120139043733,fms
2026-01-01 12:00:15.950,-0.9606460826666253,1.1553808171814908,0.04579124552711136,-0.7680782043761762,fms
2026-01-01 12:00:16.000,-0.7738320005161454,0.9655209997127342,-0.050876505889180565,-1.0507240462579723,fms
2026-01-01 12:00:16.050,-0.6751679821679532,0.6434137754573246,0.09444622813005696,-1.2531453762119966,fms
2026-01-01 12:00:16.100,-0.7698970387735824,0.3041369186188228,-0.018248717669719167,-1.2492912424245994,fms
2026-01-01 12:00:16.150,-0.904619193082488,0.06289302393481692,0.17396642202713214,-1.257589911671404,fms
2026-01-01 12:00:16.200,-1.160256086120872,-0.20895240564467346,0.3777793096341384,-1.1174512830272594,fms
2026-01-01 12:00:16.250,-1.1438270420294374,-0.3243658288162646,0.6152391279274521,-0.8955908769869972,fms
2026-01-01 12:00:16.300,-1.0721156780406826,-0.4467630653368693,1.0298589524387947,-0.7819752289246417,fms
2026-01-01 12:00:16.350,-1.0829689942277174,-0.3577097061644872,1.3719457422056485,-0.6691121708341439,fms
2026-01-01 12:00:16.400,-0.8292903788461028,-0.39038258156660394,1.4772194857411036,-0.7300212689091327,fms
2026-01-01 12:00:16.450,-0.4490160438976621,-0.258843045545133,1.4545498105831811,-0.7301569713585961,fms
2026-01-01 12:00:16.500,-0.21678366134701016,-0.19131250287844065,1.556500140361228,-0.8184538315250492,fms
2026-01-01 12:00:16.550,0.0520170768271615,-0.5135796539544413,1.2980605847776396,-0.7889360703058121,fms
2026-01-01 12:00:16.600,0.27239168839418504,-0.615599664623731,1.0146730427612094,-0.6149916829719495,fms
2026-01-01 12:00:16.650,0.2520824348454795,-0.9118024837016545,0.8045924578709066,-0.4702684550920502,fms
2026-01-01 12:00:16.700,0.410334900965899,-1.1742678716723787,0.5160466921106768,-0.14727029160842678,fms
2026-01-01 12:00:16.750,0.3955631606403931,-1.3611397491271557,0.41386690581730173,0.30708414413758384,fms
2026-01-01 12:00:16.800,0.22498091759407324,-1.5803074092280058,0.41867274714699365,0.6079721974354041,fms
2026-01-01 12:00:16.850,0.13146676617608605,-1.5784583323317791,0.5404833874465813,0.9510784943559404,fms
2026-01-01 12:00:16.900,0.10455601308963264,-1.4228032019622074,0.46297926274626283,1.2951470382094936,fms
2026-01-01 12:00:16.950,0.2428952560896235,-1.1197922258115602,0.4265052295815407,1.4227012360295954,fms
2026-01-01 12:00:17.000,0.5566104464811735,-0.9940958707365173,0.4641251774330064,1.4770196434396456,fms
2026-01-01 12:00:17.050,0.842439970138634,-0.7098951765562452,0.20902045494757115,1.2930571887094757,fms
2026-01-01 12:00:17.100,1.0810403024746793,-0.51370655836689,-0.08750599290562407,1.1129608056951523,fms
2026-01-01 12:00:17.150,1.2847871939560545,-0.517525289566128,-0.512435996281488,0.8517262352444716,fms
2026-01-01 12:00:17.200,1.4897965709258454,-0.603355477565165,-0.8095138983638079,0.754519223543455,fms
2026-01-01 12:00:17.250,1.4577181876840244,-0.7513952843653544,-1.2210239159037306,0.6508028434036262,fms
2026-01-01 12:00:17.300,1.3571508249958661,-0.8844970405569348,-1.3448498066979964,0.5445825358560197,fms
2026-01-01 12:00:17.350,1.1706549739245231,-0.7610290713090231,-1.3495321513772942,0.5879389410507707,fms
2026-01-01 12:00:17.400,1.0334318123741915,-0.5683625539923264,-1.3743828911898979,0.6134820203643722,fms
2026-01-01 12:00:17.450,0.8288870798865816,-0.4773782212675629,-1.2403641985272333,0.47204153713019664,fms
2026-01-01 12:00:17.500,0.762892464558183,-0.2414466633900739,-1.030710207274577,0.41642014261192584,fms
2026-01-01 12:00:17.550,0.8797480040416993,0.17840821637317936,-0.7308578938197119,0.12989606981347349,fms
2026-01-01 12:00:17.600,0.9313204891134874,0.5660240676854996,-0.7239116761911952,-0.22065497775146864,fms
2026-01-01 12:00:17.650,1.2018871033899075,0.8553947117912275,-0.6826424537583017,-0.6841956245202516,fms
2026-01-01 12:00:17.700,1.3577383028663994,1.0626132499176437,-0.7575169185205102,-0.9791261253454476,fms
2026-01-01 12:00:17.750,1.424366063661835,1.0295709692818609,-0.7508514001260336,-1.4063773239634836,fms
2026-01-01 12:00:17.800,1.3982019143145972,0.9664383602778679,-0.8222716161206914,-1.4392514075943719,fms
2026-01-01 12:00:17.850,1.2168581247845909,0.8098786928933432,-0.9054665188987863,-1.5294369051496144,fms
2026-01-01 12:00:17.900,1.1073736862961876,0.8324748951375394,-0.782044555182283,-1.3655698028023158,fms
2026-01-01 12:00:17.950,0.7333484101592556,0.7402117117179268,-0.5720360295996356,-1.150203118668905,fms
2026-01-01 12:00:18.000,0.40187743475903487,0.7004859871954029,-0.1153422497750808,-0.8892721049336768,fms
2026-01-01 12:00:18.050,0.2475461495699076,0.7231724713424522,0.2331143047850925,-0.6811265155567177,fms
2026-01-01 12:00:18.100,0.058749973630820004,1.0044953177729514,0.5822388665896765,-0.545489497192226,fms
2026-01-01 12:00:18.150,0.025128299934756376,1.366684048136308,0.8457205744752765,-0.48944849243905303,fms
2026-01-01 12:00:18.200,0.07010752913159762,1.4123186462291748,1.0978093486587261,-0.40844612942663244,fms
2026-01-01 12:00:18.250,0.23029889619277175,1.45520191091068,1.175333638262786,-0.2916750872536496,fms
2026-01-01 12:00:18.300,0.3266665078460979,1.45537802883094,1.2406811312127564,-0.37527359817850586,fms
2026-01-01 12:00:18.350,0.35280741523218784,1.3797435983248056,0.9972288855676017,-0.3279301752681081,fms
2026-01-01 12:00:18.400,0.20963927600945315,1.1849037678862693,0.9670517034558511,-0.08641203577584272,fms
2026-01-01 12:00:18.450,0.009369352124553712,0.7697416205365201,0.8446303080761356,0.20767072211543428,fms
2026-01-01 12:00:18.500,-0.25553713955366486,0.43955238434709415,0.849572118740477,0.4777444592883202,fms
2026-01-01 12:00:18.550,-0.5801176810841883,0.22080442547126514,0.8740661701863458,0.8359886473554416,fms
2026-01-01 12:00:18.600,-0.8057047106107059,0.0855885567891642,0.8877383249597252,1.2742633223000437,fms
2026-01-01 12:00:18.650,-1.078377943694112,-0.02471030878293525,1.1680079009077629,1.4805611788239117,fms
2026-01-01 12:00:18.700,-1.1468891422857146,0.0033570059356259375,1.3049204820495417,1.645449678084977,fms
2026-01-01 12:00:18.750,-1.2590167166544768,0.06332601465502316,1.2634928677679829,1.5438794189072627,fms
2026-01-01 12:00:18.800,-1.0511521465481601,0.1283967611905663,1.0263068420956152,1.224613655253771,fms
2026-01-01 12:00:18.850,-0.9496203098013113,0.06208538582777452,0.7927488835906532,1.0191249729538419,fms
2026-01-01 12:00:18.900,-0.7084889458966307,-0.09811818992219215,0.5080726582456381,0.7731591670100204,fms
2026-01-01 12:00:18.950,-0.6935625896994665,-0.24837675976102727,0.07527156916501193,0.5316549626833524,fms
2026-01-01 12:00:19.000,-0.699356460382229,-0.5890593471095638,-0.30011233781212093,0.35182461161212775,fms
2026-01-01 12:00:19.050,-0.9611586899664378,-1.0383650223822765,-0.49860438938647367,0.17090715174418303,fms
2026-01-01 12:00:19.100,-1.0911591571006567,-1.2453977814473567,-0.8288412910898175,0.22451670292463846,fms
2026-01-01 12:00:19.150,-1.277287259139513,-1.329702184212462,-0.8372777241498017,0.15278440919812628,fms
2026-01-01 12:00:19.200,-1.4848301291424746,-1.5914762727010487,-0.8255634653311462,0.07045212787221251,fms
2026-01-01 12:00:19.250,-1.4959332826314313,-1.4005774989447182,-0.7408819249252383,0.009637799979687792,fms
2026-01-01 12:00:19.300,-1.5274049192858048,-1.3149034767766308,-0.7698824595639548,-0.15605812858686538,fms
2026-01-01 12:00:19.350,-1.4220055467914623,-1.0947991497102727,-0.7082301009868605,-0.4145760142780675,fms
2026-01-01 12:00:19.400,-1.169301409476599,-1.0228789151344226,-0.8450506732359996,-0.8825601718168664,fms
2026-01-01 12:00:19.450,-0.8595304482663003,-0.8382705727344828,-0.8691881722462198,-1.0702499233329372,fms
2026-01-01 12:00:19.500,-0.6381271853524745,-0.7368802527486973,-1.1555451089491235,-1.511711902765853,fms
2026-01-01 12:00:19.550,-0.5383388306096121,-0.883886536029258,-1.3703700612931227,-1.5536919840950831,fms
2026-01-01 12:00:19.600,-0.39519123626693614,-0.9044907958933073,-1.4990245522551695,-1.6065914159716326,fms
2026-01-01 12:00:19.650,-0.486278966957684,-1.0869511360746826,-1.4701469564538399,-1.4304584208616162,fms
2026-01-01 12:00:19.700,-0.6834145176275483,-1.1290185319229582,-1.2598973122640902,-1.1180792460820417,fms
2026-01-01 12:00:19.750,-0.6519852899628285,-1.0646543625166995,-1.1378122488519464,-0.9045045529839937,fms
2026-01-01 12:00:19.800,-0.6812075131186117,-0.9750548985165656,-0.778327637400225,-0.5857639866358865,fms
2026-01-01 12:00:19.850,-0.7228395766797607,-0.6521612807364862,-0.44247521649145594,-0.29318992354105383,fms
2026-01-01 12:00:19.900,-0.5351896466346769,-0.4275294505815066,0.01545664800225717,-0.04530705925373374,fms
2026-01-01 12:00:19.950,-0.3377811705683211,0.040311989614597254,0.2832682513774603,-0.02191696476434213,fms
2026-01-01 12:00:20.000,-0.007934117900156799,0.2659350315768258,0.31248134904870245,0.03411313370009726,fms
2026-01-01 12:00:20.050,0.33044419449070944,0.5679708198422141,0.4368105084824362,-0.024757969332205712,fms
2026-01-01 12:00:20.100,0.5054148672082107,0.7503190503585915,0.3794219007801065,0.09362631424101592,fms
2026-01-01 12:00:20.150,0.8697112094674684,0.6972894936341848,0.34737211848395255,0.24067537673145936,fms
2026-01-01 12:00:20.200,0.7370004592046185,0.5814266048013862,0.39595687693311943,0.5073862997494296,fms
2026-01-01 12:00:20.250,0.7773919153788278,0.4937773418846135,0.43233161726349445,0.7464618148816164,fms
2026-01-01 12:00:20.300,0.6486335416299652,0.4084804448592316,0.685301964589238,1.1070879751820841,fms
2026-01-01 12:00:20.350,0.5382440348216241,0.5791296193576932,0.892545225236279,1.3729364426878123,fms
2026-01-01 12:00:20.400,0.5460137927433314,0.6663329564681667,1.1491834534518266,1.5018527104941042,fms
2026-01-01 12:00:20.450,0.45982229469301295,0.8932140555059621,1.5064346177060224,1.632506695104893,fms
2026-01-01 12:00:20.500,0.6596590162637014,1.226821787654535,1.548223004577679,1.4641312457533915,fms
2026-01-01 12:00:20.550,0.8577050632112063,1.4587738531933618,1.5281761683040636,1.3223960145275644,fms
2026-01-01 12:00:20.600,1.0824722018478992,1.6664405481239648,1.5336759365320143,1.0070556991040664,fms
2026-01-01 12:00:20.650,1.4117790612554513,1.5879897160120158,1.3371296898782958,0.5745623912098918,fms
2026-01-01 12:00:20.700,1.5891855796187286,1.5125501723064008,1.0082077956031843,0.16168376548245378,fms
2026-01-01 12:00:20.750,1.5237561856301416,1.312379180084782,0.6015290188329214,-0.024576892749538903,fms
2026-01-01 12:00:20.800,1.6055301606791659,0.9549425021691738,0.2824697784832107,-0.17412582419238196,fms
2026-01-01 12:00:20.850,1.2583830314871043,0.7704813473076897,0.12452834141876877,-0.3202777900200183,fms
2026-01-01 12:00:20.900,1.0945195256035252,0.5541983554840987,0.011240899057975623,-0.277829918698173,fms
2026-01-01 12:00:20.950,0.8929765913731317,0.4575880467706164,-0.021740876480970193,-0.2880515841184068,fms
2026-01-01 12:00:21.000,0.7022603701786027,0.40226313854612794,0.0816494981499857,-0.45349874413137303,fms
2026-01-01 12:00:21.050,0.7165971929164641,0.48984389202898587,0.10161459167151268,-0.5519124510248894,fms
2026-01-01 12:00:21.100,0.7756845061980859,0.5541690542791838,-0.03012918092753445,-0.6454058460721099,fms
2026-01-01 12:00:21.150,0.8968535121237253,0.5435340854005661,-0.17547652318396323,-0.9447046842716444,fms
2026-01-01 12:00:21.200,0.9955254428440441,0.5073650194156515,-0.4728337496776413,-1.2128542357700516,fms
2026-01-01 12:00:21.250,1.128859412098699,0.4131093362362953,-0.7240261780444092,-1.4287478846174875,fms
2026-01-01 12:00:21.300,1.0625968141872866,0.15332170786846894,-1.0215030499606483,-1.6050687546246594,fms
2026-01-01 12:00:21.350,1.0204061317635746,-0.23282586910145012,-1.2653073689386212,-1.4850627924623139,fms
2026-01-01 12:00:21.400,0.8612160862020998,-0.540856510390917,-1.448216123545735,-1.2908078817079747,fms
2026-01-01 12:00:21.450,0.5240677019723265,-0.8708858591462328,-1.560219042812858,-0.9801440019959985,fms
2026-01-01 12:00:21.500,0.265866973743812,-1.0899704381297497,-1.5204164895419816,-0.5860634716646905,fms
2026-01-01 12:00:21.550,-0.027834440622239914,-1.2212018820367485,-1.2644478171999651,-0.27552711297841076,fms
2026-01-01 12:00:21.600,-0.30856677815109057,-1.304546338411177,-1.0552971046226465,0.14072881550283756,fms
2026-01-01 12:00:21.650,-0.37651661121473873,-1.110419001776636,-0.8661028673954413,0.2989074098932954,fms
2026-01-01 12:00:21.700,-0.304990691349169,-0.9077645702106565,-0.5454719894980242,0.48318863870083006,fms
2026-01-01 12:00:21.750,-0.3423028432622517,-0.7589966846390184,-0.4056674966511038,0.45808161064302405,fms
2026-01-01 12:00:21.800,-0.20157439149986803,-0.7308932894070236,-0.5335816487347362,0.4888698732178087,fms
2026-01-01 12:00:21.850,-0.05356038893596027,-0.7906279284037155,-0.44311583923920034,0.5272428014985088,fms
2026-01-01 12:00:21.900,-0.07829702734062574,-0.9125409374243955,-0.5225146143256967,0.4679743450337024,fms
2026-01-01 12:00:21.950,-0.18784128453441984,-1.1601312295451949,-0.41284394907718486,0.6248127909289569,fms
2026-01-01 12:00:22.000,-0.4240060920101938,-1.2748116051956395,-0.4262117479890249,0.8700985220744458,fms
2026-01-01 12:00:22.050,-0.7755978304956036,-1.3381189033748488,-0.15826717803735763,1.11589762342593,fms
2026-01-01 12:00:22.100,-1.0672793414408257,-1.50757316768819,0.12338067805826643,1.3682080948500115,fms
2026-01-01 12:00:22.150,-1.2676022888424325,-1.2268649826637212,0.5457523895937343,1.4470035402482568,fms
2026-01-01 12:00:22.200,-1.3493808877592266,-1.0687568514463148,0.8981250642731434,1.5979563359447322,fms
2026-01-01 12:00:22.250,-1.4657631475218955,-0.8051907440281494,1.1193440496081497,1.3141382359367013,fms
2026-01-01 12:00:22.300,-1.3116301174354794,-0.3745345294054049,1.3885339729408845,1.1258089727419576,fms
2026-01-01 12:00:22.350,-1.137916103953344,-0.11541809715228901,1.4151066196630544,0.7104117741071393,fms
2026-01-01 12:00:22.400,-0.9653009726256595,0.01898851183172777,1.4418695998492383,0.2994430973958603,fms
2026-01-01 12:00:22.450,-0.8296469394322226,0.21435398185148885,1.2585841611080304,-0.15288670440994434,fms
2026-01-01 12:00:22.500,-0.8467327839920051,0.11970308547098081,1.0580124185453021,-0.2854866194880135,fms
2026-01-01 12:00:22.550,-0.8488960409827723,0.14325493317006208,0.799023473586549,-0.5489598071724133,fms
2026-01-01 12:00:22.600,-1.015149063815464,0.13031103677486858,0.6537069973259164,-0.7466117291293851,fms
2026-01-01 12:00:22.650,-1.1464926703855058,0.10509487550833325,0.711663970243405,-0.6797571414480152,fms
2026-01-01 12:00:22.700,-1.3701394339089283,0.11315508698638445,0.8704916303886139,-0.5275062287714117,fms
2026-01-01 12:00:22.750,-1.4253549516684254,0.31868219052452085,0.7492145494650084,-0.569302154845245,fms
2026-01-01 12:00:22.800,-1.366316408824988,0.6799053177781931,0.7781181582215277,-0.6417358611284338,fms
2026-01-01 12:00:22.850,-1.303345750117038,0.965938593360612,0.890107807826485,-0.7757929542751257,fms
2026-01-01 12:00:22.900,-1.0117509606953392,1.1459438267289361,0.7307015859328403,-0.9400724381856738,fms
2026-01-01 12:00:22.950,-0.7273820881649604,1.3335542072449196,0.5030606589772977,-1.1137968933687978,fms
2026-01-01 12:00:23.000,-0.47322476996331636,1.5343562390053684,0.18027294681009404,-1.3217459222556676,fms
2026-01-01 12:00:23.050,-0.22889305088730127,1.477979471005321,-0.17468393441576205,-1.458543373116293,fms
2026-01-01 12:00:23.100,-0.09133906710250624,1.3369462642211845,-0.5513424488228499,-1.266823736668051,fms
2026-01-01 12:00:23.150,-0.008171761729921859,1.166860535885336,-0.802201830349657,-1.1314663929778284,fms
2026-01-01 12:00:23.200,-0.13821831918382335,0.9778603824776513,-1.033690495017212,-0.7604456876615168,fms
2026-01-01 12:00:23.250,-0.24802270059690484,0.7300510296522567,-1.1800194513220015,-0.4037544867490594,fms
2026-01-01 12:00:23.300,-0.21569801696639232,0.7065269190708933,-1.064123153690266,0.019673063834757726,fms
2026-01-01 12:00:23.350,-0.45261991774462074,0.7231270740263893,-1.0199027233708926,0.5191391228246766,fms
2026-01-01 12:00:23.400,-0.222457391106188,0.6849423175454109,-0.8045076993855851,0.6964558879045372,fms
2026-01-01 12:00:23.450,-0.028124122830056154,0.8236497271156452,-0.8988037721161215,0.8893507318976113,fms
2026-01-01 12:00:23.500,0.28932373967156244,0.9631753711167425,-0.7636792626222576,0.8786526271506644,fms
2026-01-01 12:00:23.550,0.46669637200288866,0.9891012343284243,-0.9016671783603757,0.8023167407463562,fms
2026-01-01 12:00:23.600,0.9082258776467059,0.8605502385077156,-0.9798512868656958,0.8482202323007774,fms
2026-01-01 12:00:23.650,1.0038589585145778,0.7039357423593832,-1.1690817211272675,0.6747597649170818,fms
2026-01-01 12:00:23.700,1.0764308793160924,0.35660869603931633,-1.2181979746201386,0.8200832797571065,fms
2026-01-01 12:00:23.750,1.111354696092841,-0.09381226077357964,-1.2497456936788884,0.8519047712452181,fms
2026-01-01 12:00:23.800,1.0773021790522217,-0.4261303670616396,-1.0711622488194366,1.0445624345851696,fms
2026-01-01 12:00:23.850,0.8760102693443221,-0.6825947530365617,-0.8790664797988577,1.1062750699554516,fms
2026-01-01 12:00:23.900,0.82898094685712,-0.7582362398001887,-0.479144730829331,1.2059172326582994,fms
2026-01-01 12:00:23.950,0.7154259941430471,-0.8400255406478754,-0.09096915453232406,1.270533309272358,fms
2026-01-01 12:00:24.000,0.6946496896550165,-0.7742179973613951,0.28312416783404776,1.1299139451334181,fms
2026-01-01 12:00:24.050,0.8475804389894199,-0.6819223114808252,0.5749119311926885,0.8367769280463095,fms
2026-01-01 12:00:24.100,1.1813590495872053,-0.5919158911800237,0.7065809021541263,0.46818236174110456,fms
2026-01-01 12:00:24.150,1.2750341412975486,-0.5969447944928941,0.8849395069068113,-0.007219527615870224,fms
2026-01-01 12:00:24.200,1.5315972824277373,-0.7082837434611098,0.8211968830521266,-0.347505016384059,fms
2026-01-01 12:00:24.250,1.5860385923163383,-0.8761047522644139,0.8230836838297086,-0.8517180926641518,fms
2026-01-01 12:00:24.300,1.5331604383553183,-0.9501391161025904,0.6814124450054297,-0.8669734012920083,fms
2026-01-01 12:00:24.350,1.403489032879246,-1.3151660017962148,0.7428178522561655,-1.0989231299096187,fms
2026-01-01 12:00:24.400,1.1488924981426063,-1.4771853094451257,0.7416883167781744,-1.0758972193065963,fms
2026-01-01 12:00:24.450,0.8363342433417675,-1.5939860164432602,0.9749463668504161,-0.8811984648255953,fms
2026-01-01 12:00:24.500,0.707690427458437,-1.5752637694001448,1.1586322756092142,-0.8896664766242911,fms
2026-01-01 12:00:24.550,0.45325762561435384,-1.2047969506447997,1.2691159200502609,-0.810249297140572,fms
2026-01-01 12:00:24.600,0.36823364208674303,-1.0966551481108187,1.50189122967522,-0.8211735262437131,fms
2026-01-01 12:00:24.650,0.5037457989586996,-0.7368859379178226,1.3797262809758386,-0.9238193530061826,fms
2026-01-01 12:00:24.700,0.630453536622899,-0.45762002366890675,1.2496399386931678,-1.0297752281754684,fms
2026-01-01 12:00:24.750,0.7544960673870633,-0.34796581544894833,1.102994352164561,-1.024110473295246,fms
2026-01-01 12:00:24.800,0.730799871022409,-0.23709951462320206,0.7711259471714632,-1.1173513427038462,fms
2026-01-01 12:00:24.850,0.7821038571652654,-0.2036205803914249,0.4831968081322546,-1.0603515751664787,fms
2026-01-01 12:00:24.900,0.45152562647806915,-0.2945786906838137,0.051455479615057025,-0.8308058513890484,fms
2026-01-01 12:00:24.950,0.3759362784447321,-0.44339717667147693,-0.22810092803103366,-0.5283715407190489,fms
2026-01-01 12:00:25.000,-0.03552142530598973,-0.3392611961111598,-0.33815541722775916,-0.07446056009908329,fms
2026-01-01 12:00:25.050,-0.24401722343267995,-0.27703067492337663,-0.3073794659158172,0.44915041223513424,fms
2026-01-01 12:00:25.100,-0.6306417602788265,-0.03525940260295855,-0.32259713542092516,0.758609719811124,fms
2026-01-01 12:00:25.150,-0.7293254174948538,0.18955809620033726,-0.3041341212513274,1.1463118007512,fms
2026-01-01 12:00:25.200,-0.7239900102588139,0.5893828419247351,-0.33145600961957156,1.2165141087640747,fms
2026-01-01 12:00:25.250,-0.7656980779186132,0.8640422827138766,-0.3723097970515652,1.1958497057666457,fms
2026-01-01 12:00:25.300,-0.680994785820255,1.1806677238391734,-0.7478179101060664,1.1009617938621097,fms
2026-01-01 12:00:25.350,-0.6146015254329174,1.29504143992777,-0.9242762419913091,0.986971687087348,fms
2026-01-01 12:00:25.400,-0.46898923645112395,1.3662245058234967,-1.1781613073658148,0.9015569087821711,fms
2026-01-01 12:00:25.450,-0.43953778540824584,1.2973117564807974,-1.3219492163560784,0.8358155411894003,fms
2026-01-01 12:00:25.500,-0.5580866054990494,1.1661051485258802,-1.5498204699923084,0.7076875863436005,fms
2026-01-01 12:00:25.550,-0.8528603732511797,0.9720462560373335,-1.5645367450770127,0.819442432523592,fms
2026-01-01 12:00:25.600,-1.1434375941208486,0.8878450265082839,-1.5706504581134777,0.8707377881602598,fms
2026-01-01 12:00:25.650,-1.4130211759213185,0.871863857967869,-1.2437330586388413,1.0068460291662638,fms
2026-01-01 12:00:25.700,-1.492664652338505,0.8384570723952964,-0.9299416746151657,0.8682124961811377,fms
2026-01-01 12:00:25.750,-1.6034383996269452,0.879229122572854,-0.6188183904203927,0.8178275063800204,fms
2026-01-01 12:00:25.800,-1.5026809238535275,1.122931547092909,-0.4055453464470376,0.46055348873765195,fms
2026-01-01 12:00:25.850,-1.4119812992031073,1.3298462358984977,-0.12282709678357792,0.12591425083527893,fms
2026-01-01 12:00:25.900,-1.0959981855299672,1.2289421002510508,-0.05759737379095523,-0.3050733475642425,fms
2026-01-01 12:00:25.950,-0.8543840383355651,1.3020628448629477,-0.03344513552771054,-0.7551098980190509,fms
2026-01-01 12:00:26.000,-0.70392925067728,0.9530478035031094,0.05669853633524381,-1.0667621258235558,fms
2026-01-01 12:00:26.050,-0.7130596773944432,0.6885478720623015,-0.05909506115751416,-1.3443444198540317,fms
2026-01-01 12:00:26.100,-0.7575207768116096,0.41402739291653967,0.04778197074514765,-1.36325036303717,fms
2026-01-01 12:00:26.150,-0.9460531876370989,0.10429912748709022,0.11755740706812834,-1.3062188498961644,fms
2026-01-01 12:00:26.200,-1.0322965969124784,-0.19427362386420025,0.3867040590924531,-1.087320239261974,fms
2026-01-01 12:00:26.250,-1.1297468109668345,-0.32222698903121577,0.6004219998725114,-0.9450060094804571,fms
2026-01-01 12:00:26.300,-1.0158539187355162,-0.5003585458342059,1.0283796198343402,-0.8075730883452993,fms
2026-01-01 12:00:26.350,-1.0825472617070078,-0.37960607456694995,1.2656430850222133,-0.7523974513121653,fms
2026-01-01 12:00:26.400,-0.8649080487388947,-0.3897875977855955,1.4767884648561551,-0.6771422996957023,fms
2026-01-01 12:00:26.450,-0.6147430917924265,-0.3636745412807232,1.5798532289867624,-0.6254568610176182,fms
2026-01-01 12:00:26.500,-0.2764217054827419,-0.33440224542270375,1.4987601709407443,-0.7462656979771674,fms
2026-01-01 12:00:26.550,0.09691296704169389,-0.4220400915083858,1.262391368808853,-0.7693312821068243,fms
2026-01-01 12:00:26.600,0.2866731032696263,-0.6726556796263089,1.0846414373408444,-0.6796923762471727,fms
2026-01-01 12:00:26.650,0.4040273889841727,-0.9138401230478099,0.792398123913987,-0.5130756689126013,fms
2026-01-01 12:00:26.700,0.28991420692199865,-1.2161452938278676,0.5976578662090821,-0.14595733057449983,fms
2026-01-01 12:00:26.750,0.24862985463024054,-1.445536729972513,0.4326310683899303,0.2116208340585794,fms
2026-01-01 12:00:26.800,0.2645043580512253,-1.534967809129484,0.6259647365368296,0.6130269936362615,fms
2026-01-01 12:00:26.850,0.08201151393182453,-1.53979361735286,0.5797416385757217,1.0934468101500345,fms
2026-01-01 12:00:26.900,0.08417060150209162,-1.5361066002575776,0.5817643673725653,1.3537774045616615,fms
2026-01-01 12:00:26.950,0.13628223367681896,-1.3301225991797843,0.42934068643630624,1.4127560258936362,fms
2026-01-01 12:00:27.000,0.4880576086718764,-1.0062288722244455,0.37607668117055976,1.4100903988837798,fms
2026-01-01 12:00:27.050,0.7033886018263754,-0.7577778652007601,0.23379429611996697,1.2709123889177931,fms
2026-01-01 12:00:27.100,1.0303614032809254,-0.6566782011537696,-0.07900946472329114,1.1048904567992999,fms
2026-01-01 12:00:27.150,1.280394456858741,-0.5086564289612867,-0.45126073810735345,0.8582276732223343,fms
2026-01-01 12:00:27.200,1.4279435208793534,-0.5810511254377132,-0.7118739642931885,0.7261386202976825,fms
2026-01-01 12:00:27.250,1.360676202827324,-0.6873116229194305,-1.1315312506973672,0.6333883664821293,fms
2026-01-01 12:00:27.300,1.3992683098017478,-0.7045753967574411,-1.3312190632500698,0.5132575697315663,fms
2026-01-01 12:00:27.350,1.1828131469379768,-0.7917102207213226,-1.3325371200583285,0.6101755223466361,fms
2026-01-01 12:00:27.400,1.0081633181448393,-0.7863426228619168,-1.3667217538252197,0.4621117441769599,fms
2026-01-01 12:00:27.450,0.8250794973591844,-0.5367360981224015,-1.2351077899170806,0.4930281355598516,fms
2026-01-01 12:00:27.500,0.7979409975730314,-0.2093069244624677,-1.073873053296738,0.4387639212718988,fms
2026-01-01 12:00:27.550,0.8101083120769653,0.1941490273601801,-0.9161948006815333,0.20140352322633565,fms
2026-01-01 12:00:27.600,1.036038153004839,0.4185153571890752,-0.7511884210313351,-0.25176460768316006,fms
2026-01-01 12:00:27.650,1.1744500796569741,0.7623538647586576,-0.7046703830318393,-0.6681282260170186,fms
2026-01-01 12:00:27.700,1.3720230160749485,0.9828586542558513,-0.7373968758682586,-1.021766842335285,fms
2026-01-01 12:00:27.750,1.4492432509132431,1.1644264612778497,-0.8308096349088593,-1.3904690743883303,fms
2026-01-01 12:00:27.800,1.4003092648913353,1.044457024672816,-0.826199876810775,-1.4616178267174575,fms
2026-01-01 12:00:27.850,1.2352808148349896,1.0006527338174565,-0.8885698044328972,-1.50478583649412,fms
2026-01-01 12:00:27.900,1.0286099301795595,0.8494979688902196,-0.7175638493625206,-1.4472743410944497,fms
2026-01-01 12:00:27.950,0.732283669968014,0.7197357423051527,-0.45410011035541087,-1.2224191164285378,fms
2026-01-01 12:00:28.000,0.4773503214895639,0.7464305515136451,-0.1929670607941225,-0.9604831370194341,fms
2026-01-01 12:00:28.050,0.18720988121705817,0.8860520116844125,0.24089193392408348,-0.6898038123042879,fms
2026-01-01 12:00:28.100,0.07467589954963316,1.058700155851024,0.6622641936196527,-0.5313380896536167,fms
2026-01-01 12:00:28.150,0.10698243328373971,1.1915346342328086,0.9132807996630997,-0.4203585177658105,fms
2026-01-01 12:00:28.200,0.2180085865982223,1.362929544219596,1.006242757193356,-0.34368314543210743,fms
2026-01-01 12:00:28.250,0.30868646493154955,1.5320644456112402,1.2060108683069533,-0.3802371347849262,fms
2026-01-01 12:00:28.300,0.29635922393389,1.4644483613901684,1.1421533105345998,-0.3806080048436419,fms
2026-01-01 12:00:28.350,0.2639561756856115,1.2948379720600163,1.0060361600717054,-0.2782973139053519,fms
2026-01-01 12:00:28.400,0.20541373263951296,1.059908377248828,0.8349825656783603,-0.14443601369631576,fms
2026-01-01 12:00:28.450,0.06811110316183613,0.7041509434723455,0.8203274077710975,0.13398523436266685,fms
2026-01-01 12:00:28.500,-0.22233691550169893,0.5030721828747289,0.8867497050734536,0.4419824257860787,fms
2026-01-01 12:00:28.550,-0.5605359209070305,0.21374400173054706,0.8645340449558946,0.8300397451729271,fms
2026-01-01 12:00:28.600,-0.8387846863495617,0.06204883949769489,0.9512668844229542,1.164211902152683,fms
2026-01-01 12:00:28.650,-1.0113728213789086,0.04765277245274494,1.1803828233757006,1.4789354134461365,fms
2026-01-01 12:00:28.700,-1.1387853528476204,0.024628245167374285,1.1196074128337616,1.5594124492092385,fms
2026-01-01 12:00:28.750,-1.1705324115766982,-0.006894921343212693,1.2415340134613113,1.5224196687397815,fms
2026-01-01 12:00:28.800,-1.0271295430786918,0.08992906619139562,1.0747824588174721,1.4101375955235753,fms
2026-01-01 12:00:28.850,-0.9414012532006533,0.08676266982060814,0.918123769996761,1.0346398327368447,fms
2026-01-01 12:00:28.900,-0.8272959959264106,0.04750258888746943,0.47721398717751995,0.7318357924245317,fms
2026-01-01 12:00:28.950,-0.6701323866419889,-0.35626109096714353,0.06989445595409288,0.44899736259566897,fms
2026-01-01 12:00:29.000,-0.7824501102232049,-0.6942089140491454,-0.23818010360358977,0.28649965910373754,fms
2026-01-01 12:00:29.050,-0.9035849102183047,-0.8587344502943912,-0.53673886053678,0.23143094358743527,fms
2026-01-01 12:00:29.100,-1.1822286229568133,-1.1668895491790434,-0.7763301593767478,0.2280305530963013,fms
2026-01-01 12:00:29.150,-1.3230253551860407,-1.3943371225720136,-0.8352191900470686,0.13257045878529128,fms
2026-01-01 12:00:29.200,-1.4727154111506617,-1.5690070904897329,-0.7580234622839281,0.09392264560962274,fms
2026-01-01 12:00:29.250,-1.6490904259425867,-1.4486049820402245,-0.8000800286577127,0.04259192112963496,fms
2026-01-01 12:00:29.300,-1.56242210916112,-1.2482095431898055,-0.6053537717550846,-0.16345698775852283,fms
2026-01-01 12:00:29.350,-1.4008107969771761,-1.0511653437264081,-0.715256490571507,-0.48842163306116143,fms
2026-01-01 12:00:29.400,-1.11120600672568,-0.8619034433459141,-0.7242786686345154,-0.9055305241299691,fms
2026-01-01 12:00:29.450,-0.7570153935099265,-0.8074864452844318,-0.9072551259889944,-1.162879027524567,fms
2026-01-01 12:00:29.500,-0.6219186890606758,-0.6995326953910747,-1.126752906162918,-1.4124820353167526,fms
2026-01-01 12:00:29.550,-0.4723894987129476,-0.787799269472334,-1.3225860705002916,-1.569768534306866,fms
2026-01-01 12:00:29.600,-0.5751314488805672,-0.8523373347750915,-1.5474901889288495,-1.5832508432873114,fms
2026-01-01 12:00:29.650,-0.5745820676306098,-1.0526171208770467,-1.3025947364586332,-1.3892661876462538,fms
2026-01-01 12:00:29.700,-0.6195145639535283,-1.1483364116420736,-1.357846333256961,-1.107550213897861,fms
2026-01-01 12:00:29.750,-0.783808550179047,-1.0647758833803227,-1.1594799637176454,-0.8212582526658697,fms
2026-01-01 12:00:29.800,-0.7268035596860427,-1.0158926230084677,-0.7008508123895408,-0.49706828465070524,fms
2026-01-01 12:00:29.850,-0.6672300188594824,-0.6179146159721461,-0.3536617871462412,-0.179928995674016,fms
2026-01-01 12:00:29.900,-0.6263073557349516,-0.32223854184741674,-0.016204240470333628,-0.05104323224032791,fms
2026-01-01 12:00:29.950,-0.42430634896234365,0.08673724189025944,0.1679122969121377,-0.03499370320083039,fms
2026-01-01 12:00:30.000,-0.04293234217509451,0.281131986229317,0.31281721957420916,0.0713237245278578,fms
2026-01-01 12:00:30.050,0.32086871673378825,0.5654742252411669,0.4482245689202906,0.08857760759798056,fms
2026-01-01 12:00:30.100,0.6644873959364168,0.6495143559646527,0.40279956584848936,0.11995968848452679,fms
2026-01-01 12:00:30.150,0.74135061230904,0.5896301358746583,0.3999470855225143,0.1855188220837912,fms
2026-01-01 12:00:30.200,0.7475089868543534,0.5697661761156988,0.35414540347589046,0.41867101861914496,fms
2026-01-01 12:00:30.250,0.7039234956946693,0.5387510988545252,0.44628706257469075,0.7536020838994318,fms
2026-01-01 12:00:30.300,0.518561749219095,0.495888038845563,0.5935786941186214,1.0224095361172125,fms
2026-01-01 12:00:30.350,0.5239585650002413,0.588553993530256,0.8317297047595132,1.2821729606122634,fms
2026-01-01 12:00:30.400,0.5066902232939161,0.6206739854827917,1.1390518727977985,1.5588100384730341,fms
2026-01-01 12:00:30.450,0.41727558379486657,0.9466502005855548,1.3211120763930724,1.6255773472952075,fms
2026-01-01 12:00:30.500,0.6227844525345316,1.165712509285959,1.6607171620349053,1.409625741411376,fms
2026-01-01 12:00:30.550,0.8628071046069761,1.4223287283441157,1.6286116798430907,1.0743766306731497,fms
2026-01-01 12:00:30.600,1.0765764841855527,1.5578479611713811,1.4985268289555744,1.0221610135926396,fms
2026-01-01 12:00:30.650,1.3305237066510418,1.4884010714484317,1.2224065641919875,0.6025507700776044,fms
2026-01-01 12:00:30.700,1.587442167196893,1.5774045415692937,1.0148897280847666,0.30649461469594236,fms
2026-01-01 12:00:30.750,1.503911606547169,1.3793628447259128,0.5605936199156403,0.004494893498715749,fms
2026-01-01 12:00:30.800,1.5249037636942433,1.06794152697839,0.3215419038068069,-0.20036377904214173,fms
2026-01-01 12:00:30.850,1.3951122897875805,0.8296267171832068,0.14783324489932692,-0.3174224094358597,fms
2026-01-01 12:00:30.900,1.118747117773513,0.5425158000455997,-0.0617557834685801,-0.2550547181513276,fms
2026-01-01 12:00:30.950,0.8637607015743938,0.519355757217255,-0.07267683710727979,-0.3362896352626751,fms
2026-01-01 12:00:31.000,0.7039820367214014,0.4063563646362857,0.02105409682097553,-0.40820903442172124,fms
2026-01-01 12:00:31.050,0.6811048429657368,0.5026624850360615,0.046739572489322645,-0.37444156574254456,fms
2026-01-01 12:00:31.100,0.7525428684773204,0.512160178081769,-0.010832078520827178,-0.5961437534161453,fms
2026-01-01 12:00:31.150,0.9352780276640886,0.655976507242486,-0.12354160426753838,-0.8987408430195039,fms
2026-01-01 12:00:31.200,1.028684525582136,0.5505866207372965,-0.3526142084488442,-1.118816851697093,fms
2026-01-01 12:00:31.250,1.0929769942558696,0.49727838625189663,-0.6896778206531418,-1.4686393306497096,fms
2026-01-01 12:00:31.300,1.2493428830526878,0.129439658696466,-1.003673484167438,-1.5859050641265948,fms
2026-01-01 12:00:31.350,1.05075023637693,-0.19857941458134176,-1.3017071621710745,-1.5887173998843558,fms
2026-01-01 12:00:31.400,0.8430757873122874,-0.5013522875813107,-1.478525853562314,-1.3655311998585749,fms
2026-01-01 12:00:31.450,0.532813429319852,-0.9113676873757903,-1.6150038488356875,-1.0561917021734677,fms
2026-01-01 12:00:31.500,0.16302390003139594,-1.095585292357693,-1.5033322230459991,-0.6218427457197075,fms
2026-01-01 12:00:31.550,-0.11821367115160292,-1.1921264863893337,-1.2928838483795397,-0.25671648778998285,fms
2026-01-01 12:00:31.600,-0.11346760652812057,-1.2451116808128846,-1.05836423751006,0.10184597247253535,fms
2026-01-01 12:00:31.650,-0.334160563023477,-1.1745107796176693,-0.8363321125367105,0.30933438133858154,fms
2026-01-01 12:00:31.700,-0.28456213362349325,-0.9102186834021152,-0.585750670778757,0.5005951048930957,fms
2026-01-01 12:00:31.750,-0.17114823486022457,-0.7484899814627194,-0.437851279171135,0.6092612031822375,fms
2026-01-01 12:00:31.800,-0.19593907247880377,-0.7793717489046723,-0.4760163406653426,0.4660553957223717,fms
2026-01-01 12:00:31.850,-0.17836157880269027,-0.7999495281928444,-0.4431070169424627,0.6442456299317818,fms
2026-01-01 12:00:31.900,-0.14264247625408916,-0.9350072539351558,-0.48414453718107786,0.47286803213761675,fms
2026-01-01 12:00:31.950,-0.24973562736214372,-1.0945338480004523,-0.5289984196986877,0.6791313131732831,fms
2026-01-01 12:00:32.000,-0.4046455560647259,-1.2566527488584567,-0.4366413528746248,0.8436814354514309,fms
2026-01-01 12:00:32.050,-0.7859641281374415,-1.4076739493792738,-0.17445502315017847,1.0610954854645358,fms
2026-01-01 12:00:32.100,-0.951355866862213,-1.3941533701977447,0.1412518496462729,1.296841825413939,fms
2026-01-01 12:00:32.150,-1.2421154759123874,-1.2509858108864371,0.44651427224302503,1.4044358630513132,fms
2026-01-01 12:00:32.200,-1.3918377632282268,-1.0614799419631784,0.8109965872754112,1.4437517700410214,fms
2026-01-01 12:00:32.250,-1.4273272537026558,-0.7527080629389505,1.0965938253663057,1.360248923534789,fms
2026-01-01 12:00:32.300,-1.3586161852986036,-0.3094281370750842,1.4022626886340792,1.0736070136317586,fms
2026-01-01 12:00:32.350,-1.1210473195386907,-0.1133256708507386,1.53275800655917,0.680789534659326,fms
2026-01-01 12:00:32.400,-1.0931588065608902,0.060764611662929166,1.3814570246318725,0.2742443943212598,fms
2026-01-01 12:00:32.450,-0.7721672367726515,0.16264712609270865,1.2749923528750866,-0.08253109263322261,fms
2026-01-01 12:00:32.500,-0.8161607637817526,0.25586303400916915,1.0751073626180407,-0.3734180697353296,fms
2026-01-01 12:00:32.550,-0.809094422576642,0.21374429161131936,0.7990436335086923,-0.6389500422014394,fms
2026-01-01 12:00:32.600,-0.9312767307297503,0.13332842873173695,0.7939422760780658,-0.6876598458675259,fms
2026-01-01 12:00:32.650,-1.1903021612062967,0.14553041818904727,0.7205120840306876,-0.7415527961074099,fms
2026-01-01 12:00:32.700,-1.404202914993864,0.2312936962712301,0.7791516862867616,-0.6688229326172941,fms
2026-01-01 12:00:32.750,-1.4182035980370253,0.3072863030265168,0.7481392226340439,-0.7300141448007318,fms
2026-01-01 12:00:32.800,-1.497556261515231,0.7328090729171473,0.9858853797957836,-0.8059310697824239,fms
2026-01-01 12:00:32.850,-1.341260233831897,1.0014977595601446,0.9330661243701361,-0.8174762855840618,fms
2026-01-01 12:00:32.900,-1.0091342964423995,1.3039297206888432,0.7262728655916697,-0.9226306765093846,fms
2026-01-01 12:00:32.950,-0.7331422788573655,1.4365868693955135,0.47903505809647734,-1.2363615718737804,fms
2026-01-01 12:00:33.000,-0.5012665406781235,1.5485647576751829,0.1916501131072073,-1.281279997379485,fms
2026-01-01 12:00:33.050,-0.3247104429716202,1.4672384328958943,-0.10908884263431015,-1.3137919472780137,fms
2026-01-01 12:00:33.100,-0.1038372851044505,1.2978672200200139,-0.5722154537459323,-1.3720054811808353,fms
2026-01-01 12:00:33.150,-0.05796607308733963,1.0720069391700426,-0.9579643141895994,-1.0553046583596941,fms
2026-01-01 12:00:33.200,-0.07692610581506253,0.9542934237825622,-1.1238098577635043,-0.7782975857896323,fms
2026-01-01 12:00:33.250,-0.36354243374764317,0.7839400663777167,-1.1621310307916006,-0.36904112323432625,fms
2026-01-01 12:00:33.300,-0.34959446276502193,0.7504615117108885,-1.0949333970339428,0.016060614872455484,fms
2026-01-01 12:00:33.350,-0.31065891935527334,0.750306999552658,-1.1054483569520295,0.4899747607186864,fms
2026-01-01 12:00:33.400,-0.19009178454586367,0.7944666239592576,-0.9924422534871934,0.6612910916584458,fms
2026-01-01 12:00:33.450,-0.08102001242815149,0.8888308143227094,-0.7865001538144964,0.9171129127440165,fms
2026-01-01 12:00:33.500,0.27287450870644403,1.0974101147935278,-0.7797898462993894,0.8629105550826073,fms
2026-01-01 12:00:33.550,0.5812457404438378,0.8820826126161181,-0.8332681437481415,0.8345138219183299,fms
2026-01-01 12:00:33.600,0.8537806202842478,0.8057192736984818,-1.025571007477549,0.732194762051462,fms
2026-01-01 12:00:33.650,1.0895413727440713,0.6628588801106575,-1.145320313887049,0.7394670347579843,fms
2026-01-01 12:00:33.700,1.1392894088482175,0.3355903356035991,-1.1842047647038887,0.7792613797365058,fms
2026-01-01 12:00:33.750,1.0716867249004345,-0.1256493939069297,-1.2574525733540765,0.751807537401025,fms
2026-01-01 12:00:33.800,0.9448235093473725,-0.4484663916908313,-1.155238159655495,0.9618444614959027,fms
2026-01-01 12:00:33.850,0.8539366960886583,-0.6657657760362647,-0.8201012118068842,1.20354036686672,fms
2026-01-01 12:00:33.900,0.7061486455109561,-0.8034957370430625,-0.46706313076697153,1.2851617628205192,fms
2026-01-01 12:00:33.950,0.7563403208633578,-0.89180718796316,-0.042690336214409985,1.258962789020612,fms
2026-01-01 12:00:34.000,0.7736352915276679,-0.7466617766307073,0.1652717364191844,1.083131675415357,fms
2026-01-01 12:00:34.050,0.9006772923173537,-0.689360922005756,0.6582980180259193,0.7791559927878312,fms
2026-01-01 12:00:34.100,1.1310650094938068,-0.5803321473826196,0.772342168243051,0.34223036404011375,fms
2026-01-01 12:00:34.150,1.214035434631807,-0.5479026261481192,0.7435373668890319,-0.01883530207563562,fms
2026-01-01 12:00:34.200,1.570376876032607,-0.6776662891490366,0.8215296800589886,-0.3873150412717805,fms
2026-01-01 12:00:34.250,1.619765081888318,-0.8367253988670266,0.8339207836539586,-0.704726470595349,fms
2026-01-01 12:00:34.300,1.4929128046813502,-1.0740745208511107,0.6591581895276076,-1.0202804212632506,fms
2026-01-01 12:00:34.350,1.4127152625085615,-1.335527558833376,0.7659000997469358,-1.0915146288499207,fms
2026-01-01 12:00:34.400,1.2187097445617225,-1.6219902117705594,0.7153932048455471,-1.0088479454291446,fms
2026-01-01 12:00:34.450,0.9357590626714003,-1.6170547034293348,0.9014036684569622,-0.9385069383394727,fms
2026-01-01 12:00:34.500,0.5548913306540425,-1.4472657910741415,1.0081519113606623,-0.8362813022701058,fms
2026-01-01 12:00:34.550,0.49757934687971495,-1.3787505308241903,1.235954668802618,-0.7533770394945575,fms
2026-01-01 12:00:34.600,0.4854477209418818,-1.0555423713312952,1.3897482077906487,-0.852089604619192,fms
2026-01-01 12:00:34.650,0.5107100279817153,-0.7610049770691729,1.4785450729143346,-0.7839157144112661,fms
2026-01-01 12:00:34.700,0.6300077555640023,-0.5386384831673707,1.3380065066053533,-1.0165345012802396,fms
2026-01-01 12:00:34.750,0.6635513439850512,-0.2898163417026522,1.0327483284441186,-1.0593089389577075,fms
2026-01-01 12:00:34.800,0.7896246868672008,-0.16412115377496958,0.714333407310881,-1.127958188334913,fms
2026-01-01 12:00:34.850,0.7866436670503366,-0.2588826954518458,0.36642367601838666,-0.9097114858677653,fms
2026-01-01 12:00:34.900,0.6185576744373986,-0.2890132241637631,0.13673553394867966,-0.7601010253971867,fms
2026-01-01 12:00:34.950,0.3186589601082151,-0.28919666319231024,-0.1861118359561928,-0.5426623507731542,fms
2026-01-01 12:00:35.000,-0.013077014524440109,-0.43520610863478515,-0.3717935426997377,-0.08587258687668375,fms
2026-01-01 12:00:35.050,-0.33991441313023696,-0.2434994410117201,-0.3277198057944983,0.35753247947283406,fms
2026-01-01 12:00:35.100,-0.6327726179506956,-0.04185140845080866,-0.43194161761192457,0.731594475413845,fms
2026-01-01 12:00:35.150,-0.7299593292417356,0.23898943004668013,-0.42091964679706995,1.0591226913770218,fms
2026-01-01 12:00:35.200,-0.7991194600866701,0.618958809302137,-0.44393615895039773,1.1628719331854938,fms
2026-01-01 12:00:35.250,-0.6739779403538125,0.8679017587047297,-0.48085654424050484,1.214581273301624,fms
2026-01-01 12:00:35.300,-0.6952614625682688,1.2224319052266697,-0.5784223308958335,1.1560430758902884,fms
2026-01-01 12:00:35.350,-0.42213611671424683,1.3284353699843596,-0.9090290497957008,0.9897517179573999,fms
2026-01-01 12:00:35.400,-0.44798656937135045,1.3761110845360123,-1.1402460605024909,0.8129165004912653,fms
2026-01-01 12:00:35.450,-0.5199498243093564,1.262255329756058,-1.4320211568340846,0.8176991989380888,fms
2026-01-01 12:00:35.500,-0.6355441460248576,1.0819696594105515,-1.4543884570670491,0.7538694884511052,fms
2026-01-01 12:00:35.550,-0.8911428162459665,1.0049783951240854,-1.5942216164485714,0.8833879295075535,fms
2026-01-01 12:00:35.600,-1.1054058847379478,0.8182005037981308,-1.5088142391840937,0.9364976811709297,fms
2026-01-01 12:00:35.650,-1.455815504696249,0.841824871393928,-1.2680125717438901,0.9782623518692942,fms
2026-01-01 12:00:35.700,-1.5645304717217976,0.7911128570984306,-0.8910048993480097,0.9539021723945317,fms
2026-01-01 12:00:35.750,-1.6037881586238087,0.9509695225805765,-0.6490977654636586,0.7867624012170915,fms
2026-01-01 12:00:35.800,-1.4828010516578025,1.2410631133105834,-0.23335639713472794,0.532502584273099,fms
2026-01-01 12:00:35.850,-1.3940398721951597,1.3381617709064157,-0.19394094445745372,0.12255743089963486,fms
2026-01-01 12:00:35.900,-1.1752761401099174,1.3336543212401557,-0.028054932752363693,-0.3972200461832733,fms
2026-01-01 12:00:35.950,-0.8291327739387646,1.2080431198997212,-0.053572322022781345,-0.7109543120750109,fms
2026-01-01 12:00:36.000,-0.7510171517717821,1.0144559495769896,-0.03746999124376115,-1.0385937564446748,fms
2026-01-01 12:00:36.050,-0.7191150642848109,0.6936557745981529,-0.06146664921214825,-1.3107497111328414,fms
2026-01-01 12:00:36.100,-0.7851928034963814,0.3438531670350953,0.036012052679808,-1.283120803517684,fms
2026-01-01 12:00:36.150,-0.8781469851796743,0.035462694058698924,0.10871895374257598,-1.2904236571068943,fms
2026-01-01 12:00:36.200,-1.0494642831559178,-0.2384869558522621,0.40868471758329145,-1.2465720036283783,fms
2026-01-01 12:00:36.250,-1.1167332113017432,-0.3667661114011901,0.5653029718712259,-1.0171554928330868,fms
2026-01-01 12:00:36.300,-1.1736687711666376,-0.3735134862923127,1.0946891056866919,-0.8471048919696759,fms
2026-01-01 12:00:36.350,-1.048037095049341,-0.44033134823687714,1.3527635476560302,-0.7050957325319194,fms
2026-01-01 12:00:36.400,-0.8299828619913102,-0.3723154228892637,1.4548055668879902,-0.7092905969159289,fms
2026-01-01 12:00:36.450,-0.5582001203083802,-0.2698116329443823,1.6481307856529557,-0.7996670959808181,fms
2026-01-01 12:00:36.500,-0.23288475263834094,-0.32210915058658957,1.5350708224914382,-0.7613599649112508,fms
2026-01-01 12:00:36.550,-0.011331052645697087,-0.3811213093064459,1.3791183756234766,-0.7581882583375658,fms
2026-01-01 12:00:36.600,0.2616555578385041,-0.7293435413210727,1.034086056115318,-0.6003232116782187,fms
2026-01-01 12:00:36.650,0.352667179419012,-0.8933511980986079,0.8193011746479868,-0.4031595071824977,fms
2026-01-01 12:00:36.700,0.29187981967359655,-1.2304736812085877,0.5761791480872226,-0.20855698621101948,fms
2026-01-01 12:00:36.750,0.3057695448020442,-1.4494963736515973,0.48392566839594553,0.23720922019916876,fms
2026-01-01 12:00:36.800,0.19283152055076952,-1.4727962007422728,0.4673186621024197,0.7005188659016264,fms
2026-01-01 12:00:36.850,0.17726351495374565,-1.5888748822825962,0.4156955846326345,0.9685742435780232,fms
2026-01-01 12:00:36.900,0.12141114754016531,-1.3943291824626698,0.37248263146995075,1.279005906720764,fms
2026-01-01 12:00:36.950,0.19087501604669577,-1.3071737045977359,0.40542895927006656,1.4426573705970887,fms
2026-01-01 12:00:37.000,0.4976411391325608,-0.9905731118645164,0.4132571561218229,1.4416436166694246,fms
2026-01-01 12:00:37.050,0.7490482097510109,-0.694342813249804,0.17089828925989012,1.3465634829846809,fms
2026-01-01 12:00:37.100,0.9279556733315735,-0.5981880413272884,-0.13536400155222317,1.1560838494528478,fms
2026-01-01 12:00:37.150,1.1757582451649637,-0.5809748569427446,-0.49704085362215367,0.8428182083163973,fms
2026-01-01 12:00:37.200,1.3284923769774768,-0.5126370595429381,-0.8381254785792686,0.66208639587556,fms
2026-01-01 12:00:37.250,1.4772398392526451,-0.7299135623351206,-1.2216289585976734,0.6367512828087127,fms
2026-01-01 12:00:37.300,1.3422688322069691,-0.7039083272762238,-1.4556980365300516,0.5876632337481678,fms
2026-01-01 12:00:37.350,1.1750263228413511,-0.7876144031055476,-1.3702200178910044,0.6086663710046099,fms
2026-01-01 12:00:37.400,0.9733738618158156,-0.6954212658018992,-1.4279456513291158,0.7053298530856897,fms
2026-01-01 12:00:37.450,0.8537086853940568,-0.48686322268177695,-1.2574847746717062,0.537591487339253,fms
2026-01-01 12:00:37.500,0.8306703720259696,-0.14694484188744228,-0.9257772744539372,0.39096698132085156,fms
2026-01-01 12:00:37.550,0.7567358363990587,0.18918418268247672,-0.9207576518816056,0.0880289551264336,fms
2026-01-01 12:00:37.600,0.9421041975530503,0.4954245058971666,-0.7618373333283972,-0.19927918862793612,fms
2026-01-01 12:00:37.650,1.2371048913042855,0.7474986124184616,-0.7500596167605834,-0.6549419018749794,fms
2026-01-01 12:00:37.700,1.3483710347414544,0.9148543536653204,-0.7782192804041526,-0.9829536946258685,fms
2026-01-01 12:00:37.750,1.4705509435046078,0.9898948695508235,-0.7467459722458987,-1.2879784521227255,fms
2026-01-01 12:00:37.800,1.3642685519015716,1.0100477181137715,-0.8848107534833014,-1.5278801621229896,fms
2026-01-01 12:00:37.850,1.252306360798041,0.902344757977193,-0.8757340888519679,-1.440761284820899,fms
2026-01-01 12:00:37.900,1.037736686227693,0.7572212738086738,-0.7238729134453779,-1.3981531347558185,fms
2026-01-01 12:00:37.950,0.9176313268960248,0.7370633516280042,-0.6488448150937998,-1.1842668747155176,fms
2026-01-01 12:00:38.000,0.5192009857878728,0.7391864918284721,-0.24515315373603613,-0.9504091753416752,fms
2026-01-01 12:00:38.050,0.15078713812000638,0.8871716202914803,0.2517182716907317,-0.7185873603529518,fms
2026-01-01 12:00:38.100,0.17356211883373976,0.9437054557507982,0.6512475331290327,-0.48178235454618534,fms
2026-01-01 12:00:38.150,0.12990969226625212,1.1993019941604424,0.8972926275630654,-0.4464771739561435,fms
2026-01-01 12:00:38.200,0.04835111907035253,1.4374992262370136,1.1295880768337798,-0.48687858725263367,fms
2026-01-01 12:00:38.250,0.1980784916046524,1.5489274202697894,1.1770606215949966,-0.37295427334623027,fms
2026-01-01 12:00:38.300,0.2710673131612753,1.5012719651248339,1.1543969028649368,-0.37635738569813204,fms
2026-01-01 12:00:38.350,0.3719286971491453,1.4229572464217837,1.0908456200431027,-0.3665400045087125,fms
2026-01-01 12:00:38.400,0.1793684296820417,1.0934721289963472,0.8438740044436742,-0.14852382151229107,fms
2026-01-01 12:00:38.450,-0.05197814008479147,0.813719396088487,0.8270022835633923,0.19939100982585564,fms
2026-01-01 12:00:38.500,-0.24644542092965055,0.4867419758931299,0.7431951048348384,0.5973826974053035,fms
2026-01-01 12:00:38.550,-0.5598339448931317,0.21568422745652088,0.8448194640274821,0.9305836205967224,fms
2026-01-01 12:00:38.600,-0.8758441831185529,0.0022975834148154448,0.8904962972229902,1.146000100516701,fms
2026-01-01 12:00:38.650,-1.088962456824798,0.002834850956939281,1.239106276536386,1.5064597131296855,fms
2026-01-01 12:00:38.700,-1.1490409586283485,0.05047041778633941,1.220814206629542,1.6161170928895106,fms
2026-01-01 12:00:38.750,-1.142825778380677,0.11449658287557386,1.1648382996418822,1.5362918259528575,fms
2026-01-01 12:00:38.800,-1.024982392253543,0.15577479529723215,1.0936706854416642,1.3734235650902349,fms
2026-01-01 12:00:38.850,-0.8247859698420719,0.03664789375923545,0.8343603259113345,1.103686487932848,fms
2026-01-01 12:00:38.900,-0.7902381541114333,0.013791938071141832,0.44725905085130807,0.7241599470034163,fms
2026-01-01 12:00:38.950,-0.7524159810664681,-0.3589278773913919,0.09527573888107879,0.47643578405888914,fms
2026-01-01 12:00:39.000,-0.6851406248729829,-0.6471319025086838,-0.23701470178463505,0.3108222322193581,fms
2026-01-01 12:00:39.050,-0.8885259661255437,-0.9476744116731664,-0.5297420447620435,0.1600074523665544,fms
2026-01-01 12:00:39.100,-1.0640934714301098,-1.2246685902078835,-0.7987086704787586,0.1664004878319619,fms
2026-01-01 12:00:39.150,-1.3644194379586845,-1.3341489740929395,-0.8527136878928333,0.19502209560318925,fms
2026-01-01 12:00:39.200,-1.503669992739154,-1.456881163182928,-0.7926620524852392,0.15264933019551308,fms
2026-01-01 12:00:39.250,-1.5705310680429259,-1.3779660227134993,-0.7390243412297857,0.041074651718869565,fms
2026-01-01 12:00:39.300,-1.5352614806925278,-1.2802069182174447,-0.7195137592735794,-0.1814867863595201,fms
2026-01-01 12:00:39.350,-1.4423261173386737,-1.0924201899526254,-0.6719506217905777,-0.5071363776824829,fms
2026-01-01 12:00:39.400,-1.2142488163346719,-0.8447974519053333,-0.770948336832662,-0.8696191008961134,fms
2026-01-01 12:00:39.450,-0.941867992137915,-0.8003356043465897,-0.9895157998094304,-1.1583079737377446,fms
2026-01-01 12:00:39.500,-0.636690879507992,-0.7012157055425449,-1.1677715704312361,-1.5264296149967398,fms
2026-01-01 12:00:39.550,-0.48338797235113473,-0.950764345492231,-1.2828240411119214,-1.5714409865543573,fms
2026-01-01 12:00:39.600,-0.540533456344339,-0.8814224089957358,-1.4718140885137452,-1.5755131173319241,fms
2026-01-01 12:00:39.650,-0.48881947052426833,-1.086851897177347,-1.4493610764096738,-1.4271922304654698,fms
2026-01-01 12:00:39.700,-0.5710654657383398,-1.1077524749592305,-1.3440742593276733,-1.2366324132139677,fms
2026-01-01 12:00:39.750,-0.7875709752489198,-1.1608902382060573,-1.0609977232405687,-0.7719160999448736,fms
2026-01-01 12:00:39.800,-0.7366441106774717,-0.9872837167061164,-0.7077177812791308,-0.552935391073914,fms
2026-01-01 12:00:39.850,-0.7066451506138312,-0.7382965004971722,-0.38883101855436375,-0.21209817168776815,fms
2026-01-01 12:00:39.900,-0.58655882599232,-0.340918995502037,-0.0267854599185449,-0.06692768984136599,fms
2026-01-01 12:00:39.950,-0.29973072052800637,0.10457552854923076,0.16806632284426568,0.056034169119409366,fms
2026-01-01 12:00:40.000,-0.08836948114169897,0.3071300623583435,0.3297874331515609,0.027344704554595575,fms
2026-01-01 12:00:40.050,0.41279152402007013,0.5647195193164957,0.3943427591053732,0.002952292085155739,fms
2026-01-01 12:00:40.100,0.5054082991853837,0.5987359360645398,0.41826190552602566,0.0933353593839446,fms
2026-01-01 12:00:40.150,0.7590400723959003,0.6283016126550615,0.3991915408644313,0.28177706392924873,fms
2026-01-01 12:00:40.200,0.8026232560168756,0.6352575290945606,0.3661929281669244,0.43802489674641487,fms
2026-01-01 12:00:40.250,0.7306205732058804,0.4854033696214721,0.4944887966674065,0.7579033398415989,fms
2026-01-01 12:00:40.300,0.5845214661442055,0.4577343198519622,0.571462671036811,1.0610212993350834,fms
2026-01-01 12:00:40.350,0.4742954983396215,0.5344783992521249,0.8755352890084497,1.4053185230319467,fms
2026-01-01 12:00:40.400,0.4380148475950722,0.7211907006731847,1.101077504567949,1.5591553522306814,fms
2026-01-01 12:00:40.450,0.5151665553128465,0.8498037679507827,1.3601667568018645,1.6271980902751138,fms
2026-01-01 12:00:40.500,0.7500582646278191,1.2198430462587297,1.5552294898737602,1.4404201497430287,fms
2026-01-01 12:00:40.550,0.9437462766948473,1.4383380736879445,1.682206539025719,1.2946820846674902,fms
2026-01-01 12:00:40.600,1.1133047941574274,1.563673887781152,1.4936575499413238,0.8995113416883271,fms
2026-01-01 12:00:40.650,1.4571309532161063,1.679391706563474,1.196579696917077,0.5897513847227195,fms
2026-01-01 12:00:40.700,1.5954844973809297,1.4634371007306868,0.9308583978100218,0.25265185629358267,fms
2026-01-01 12:00:40.750,1.5634762245747742,1.325773162048526,0.6705078070106992,-0.11682326490009547,fms
2026-01-01 12:00:40.800,1.5138586567656709,0.9760267219707812,0.4147460234449118,-0.17303621921666715,fms
2026-01-01 12:00:40.850,1.210058252611038,0.7910401797688951,0.19263893482842526,-0.2909246307888525,fms
2026-01-01 12:00:40.900,1.1142226512828333,0.5478132907602697,0.028450913116702073,-0.3776948963445679,fms
2026-01-01 12:00:40.950,0.9081955037049686,0.4477812043380782,-0.0009288874754222465,-0.28786238145915194,fms
2026-01-01 12:00:41.000,0.8075725337688725,0.36135600793753864,0.02222719196057158,-0.4292512647837722,fms
2026-01-01 12:00:41.050,0.6718746611711727,0.4754049704744993,0.18226808224354935,-0.48813879175716535,fms
2026-01-01 12:00:41.100,0.6730822696302842,0.5655342288341298,0.026278778010715903,-0.6875169330439597,fms
2026-01-01 12:00:41.150,0.9044219590013449,0.5713994756269,-0.14827162733597296,-1.0314457481390011,fms
2026-01-01 12:00:41.200,0.9791025625050825,0.5088787070833326,-0.3865667850560681,-1.14430755517764,fms
2026-01-01 12:00:41.250,1.1241966156610026,0.41238030434582273,-0.6646005648519694,-1.4936251765317397,fms
2026-01-01 12:00:41.300,1.2480019093096975,0.16038183851267807,-0.9726201852263394,-1.5711803350312947,fms
2026-01-01 12:00:41.350,1.0570139140100376,-0.17200649339035784,-1.3307004712589887,-1.4416014221660935,fms
2026-01-01 12:00:41.400,0.8461568701461308,-0.5878197946071776,-1.5391373677929592,-1.3403471996419074,fms
2026-01-01 12:00:41.450,0.6136384450201405,-0.8818783447511724,-1.6444263887172963,-0.9923376533802685,fms
2026-01-01 12:00:41.500,0.15954984245038278,-1.085313841239521,-1.538341532757955,-0.5869451183781991,fms
2026-01-01 12:00:41.550,-0.1699800432769596,-1.1518245888621321,-1.3512605237054072,-0.25446754076198586,fms
2026-01-01 12:00:41.600,-0.21944787387273818,-1.1913169072263057,-1.0609675470997602,0.1437689119668802,fms
2026-01-01 12:00:41.650,-0.3111428965505005,-1.0302069874385904,-0.8133597666528902,0.33680308823845345,fms
2026-01-01 12:00:41.700,-0.30452209592886226,-0.9596285237536544,-0.5657464368466883,0.47007320906288924,fms
2026-01-01 12:00:41.750,-0.256113574987695,-0.8903210528486283,-0.4344792061179013,0.415272870882948,fms
2026-01-01 12:00:41.800,-0.21463635284305677,-0.7988315999411099,-0.3563658410130348,0.46123776028053226,fms
2026-01-01 12:00:41.850,-0.058078094887046065,-0.8419613997644277,-0.4450721486925963,0.45253314936233013,fms
2026-01-01 12:00:41.900,-0.12535186945906232,-0.926385004378101,-0.5214442809680475,0.6036624976440935,fms
2026-01-01 12:00:41.950,-0.20748650989966774,-1.1738468048902093,-0.5077730690780755,0.6435422810852917,fms
2026-01-01 12:00:42.000,-0.4952542260919165,-1.3076320311536374,-0.23668555288580634,0.8448763845383064,fms
2026-01-01 12:00:42.050,-0.7640371372329946,-1.3826474554638593,-0.2719942013134063,1.0652504591006442,fms
2026-01-01 12:00:42.100,-1.0664335635794187,-1.4816733138779605,0.09031711775026648,1.3523187097026197,fms
2026-01-01 12:00:42.150,-1.2919299877420798,-1.300767649238151,0.4684937905066412,1.4304515684444146,fms
2026-01-01 12:00:42.200,-1.3722502280661573,-1.0530777136802068,0.7767244575980006,1.4784032965505223,fms
2026-01-01 12:00:42.250,-1.4384848839963005,-0.7776079336830705,1.1349614555405754,1.259814122699106,fms
2026-01-01 12:00:42.300,-1.3024211171703264,-0.4217345357190725,1.4798131694481809,1.1291137911580242,fms
2026-01-01 12:00:42.350,-1.2038495970635508,-0.14385430301370367,1.394809059409277,0.7527146371420547,fms
2026-01-01 12:00:42.400,-1.0068663012662218,0.07326460560682732,1.478521588967677,0.281263355828569,fms
2026-01-01 12:00:42.450,-0.8207039452405708,0.20983901539256458,1.2351090581805404,-0.11695321523483067,fms
2026-01-01 12:00:42.500,-0.8360997268126873,0.14500402539726143,1.0523854926464022,-0.42455930718885615,fms
2026-01-01 12:00:42.550,-0.8281643904992493,0.12737440507898354,0.8922931418548774,-0.5253652449454987,fms
2026-01-01 12:00:42.600,-0.9663922449650413,0.16145342186355438,0.6899086236636339,-0.644233091226923,fms
2026-01-01 12:00:42.650,-1.1637202668452555,0.1431559076522096,0.6938531616016884,-0.6181432916490024,fms
2026-01-01 12:00:42.700,-1.375484670512109,0.13663549055706897,0.7056323244979423,-0.6445417092089523,fms
2026-01-01 12:00:42.750,-1.422691618117303,0.44191277080815417,0.7714923070251729,-0.6319423607696872,fms
2026-01-01 12:00:42.800,-1.352022840205484,0.6462019051511729,0.9063841858387945,-0.7457889848194343,fms
2026-01-01 12:00:42.850,-1.2817398549640415,0.9265377456761086,0.8669997533222362,-0.8314733574216782,fms
2026-01-01 12:00:42.900,-0.9619673418833407,1.2946707118896836,0.7527068759601846,-0.9109470147678054,fms
2026-01-01 12:00:42.950,-0.7257399379161283,1.5001138540611076,0.44334623263754813,-1.1435906467796229,fms
2026-01-01 12:00:43.000,-0.46707877742309517,1.6057878821235423,0.20875579425372875,-1.382970925984363,fms
2026-01-01 12:00:43.050,-0.2829817533120696,1.4814877018959989,-0.20613234227367877,-1.4634904661928871,fms
2026-01-01 12:00:43.100,-0.04981479636924485,1.3145797035558195,-0.5863580046030967,-1.275921151604544,fms
2026-01-01 12:00:43.150,-0.19129750105027016,1.164894112322506,-0.8433852930263911,-1.088814458939738,fms
2026-01-01 12:00:43.200,-0.2030739639937444,1.017949444148976,-1.1378589336546319,-0.7537449476235477,fms
2026-01-01 12:00:43.250,-0.1953885347217103,0.8784851117621887,-1.2046034869421123,-0.3293228376932572,fms
2026-01-01 12:00:43.300,-0.40705586597557936,0.6261537015509426,-1.2215691085617297,0.046963355347934166,fms
2026-01-01 12:00:43.350,-0.34705761206153374,0.6728695341993859,-0.9679861140613657,0.3702230530263303,fms
2026-01-01 12:00:43.400,-0.225042694677674,0.7164753695541626,-0.862806646668329,0.6898133041862338,fms
2026-01-01 12:00:43.450,0.001361498639195803,1.0495588268305065,-0.7904574220362737,0.8632283467878319,fms
2026-01-01 12:00:43.500,0.33596835618031295,0.9400442752561423,-0.8934598627298269,0.9690438633828931,fms
2026-01-01 12:00:43.550,0.5441094963807911,0.933211406635118,-0.935513390967463,0.8950364683391033,fms
2026-01-01 12:00:43.600,0.8636544301409712,0.7975458775031482,-1.0429316978715535,0.7375441280301369,fms
2026-01-01 12:00:43.650,1.0777833403915593,0.6372225820295829,-1.0957917004564135,0.7323919001588983,fms
2026-01-01 12:00:43.700,1.2476078718971337,0.28070812853943145,-1.1591672928934942,0.8326202383789253,fms
2026-01-01 12:00:43.750,1.1680454797341717,-0.07543169759553565,-1.209985221993216,0.9140705333791612,fms
2026-01-01 12:00:43.800,1.0829383165242172,-0.4580694623147998,-1.0776290692217385,0.9291557664098867,fms
2026-01-01 12:00:43.850,0.9252378823504371,-0.6660407049710888,-0.9050579296041379,1.1903193982774531,fms
2026-01-01 12:00:43.900,0.8186834625755317,-0.8878991479417684,-0.5538576602593268,1.2403492896056336,fms
2026-01-01 12:00:43.950,0.7392785009365636,-0.8144867212055841,-0.12445373773422119,1.2812437856279624,fms
2026-01-01 12:00:44.000,0.7873242273466343,-0.8125153246409375,0.3181785451926713,1.1045749157677636,fms
2026-01-01 12:00:44.050,0.9186327263630911,-0.6480784415182558,0.5532689068908088,0.7759732561715913,fms
2026-01-01 12:00:44.100,1.1364461026555341,-0.63657442074908,0.7951118338506372,0.4828708740263747,fms
2026-01-01 12:00:44.150,1.3509944124092583,-0.7254351751140539,0.9559964077659014,0.03404690465117566,fms
2026-01-01 12:00:44.200,1.5596733636549902,-0.596823205903978,0.8031422270344657,-0.4397508534495792,fms
2026-01-01 12:00:44.250,1.7079433435312492,-0.9071538631640965,0.776057484112279,-0.8046009073184244,fms
2026-01-01 12:00:44.300,1.6015065439650948,-1.1005756940532678,0.7201067759116473,-0.9782637684370704,fms
2026-01-01 12:00:44.350,1.3660178601707318,-1.3528242619948785,0.6151993505740855,-1.0523661419092565,fms
2026-01-01 12:00:44.400,1.1559927727177202,-1.5388924741135197,0.8097845812781181,-1.0833576884072176,fms
2026-01-01 12:00:44.450,0.833388895168175,-1.5801088414295592,0.9110155447900666,-0.8956575284373355,fms
2026-01-01 12:00:44.500,0.5860687565969743,-1.499457480773434,1.1723330356679704,-0.8168024457011206,fms
2026-01-01 12:00:44.550,0.5689757047311043,-1.274213052371284,1.3691510982785486,-0.6929891324816663,fms
2026-01-01 12:00:44.600,0.38520792256626113,-1.043112772149593,1.395258113043211,-0.8241887346391752,fms
2026-01-01 12:00:44.650,0.5115883276950329,-0.7341497092235305,1.4202646296922072,-1.0071249722135875,fms
2026-01-01 12:00:44.700,0.5863405734705889,-0.4868961683284058,1.2859126618541934,-1.0555207983852115,fms
2026-01-01 12:00:44.750,0.5904507703846296,-0.24005705391101678,1.016064206411631,-1.1074428767158966,fms
2026-01-01 12:00:44.800,0.833848113820137,-0.1813385650957227,0.766684984064369,-1.039007518400232,fms
2026-01-01 12:00:44.850,0.8118731588160734,-0.17887274370876388,0.457204106023331,-0.992015705749602,fms
2026-01-01 12:00:44.900,0.5479077514821282,-0.309978543259887,0.06926617014643548,-0.7893427996836365,fms
2026-01-01 12:00:44.950,0.30339959933090466,-0.4222623157971434,-0.2511104066374142,-0.5042456764975323,fms
2026-01-01 12:00:45.000,-0.016955153624680565,-0.32599648167150946,-0.38169301405685746,0.01960958227225649,fms
2026-01-01 12:00:45.050,-0.25433877486735523,-0.18171073506376273,-0.48037963188307886,0.40737215685460604,fms
2026-01-01 12:00:45.100,-0.5681380622828984,-0.14649178122548806,-0.427502449595656,0.6729196249878631,fms
2026-01-01 12:00:45.150,-0.8283607089218797,0.1618675302369051,-0.40082619812119963,0.9966046354441968,fms
2026-01-01 12:00:45.200,-0.6922227060986705,0.5606281066979659,-0.38301755593114206,1.1727478863647334,fms
2026-01-01 12:00:45.250,-0.714933483379202,0.8818874866793517,-0.4481542902644436,1.206912031612157,fms
2026-01-01 12:00:45.300,-0.4553571986105237,1.2486605873224392,-0.5975874960595513,1.1047321265530037,fms
2026-01-01 12:00:45.350,-0.4843612850368039,1.305456966869645,-0.8926570998413448,0.9787763228764264,fms
2026-01-01 12:00:45.400,-0.4358665030831741,1.2580280565740916,-1.1508900315834145,0.9012641997013945,fms
2026-01-01 12:00:45.450,-0.558992687053387,1.218877325280276,-1.3767459693201733,0.851241646000015,fms
2026-01-01 12:00:45.500,-0.6822989112041744,1.1217834044478272,-1.6134277004446755,0.8178920230543487,fms
2026-01-01 12:00:45.550,-0.9369471409107214,0.8940075061848343,-1.5560678798629748,0.8911723488775726,fms
2026-01-01 12:00:45.600,-1.1310804736801796,0.8862972482612488,-1.553206533357412,0.8905224524597848,fms
2026-01-01 12:00:45.650,-1.3693867609260957,0.8123887025783991,-1.183604970670642,0.8918345206873015,fms
2026-01-01 12:00:45.700,-1.4545995755253263,0.9051853644114917,-0.9703881442669102,0.9006635812109718,fms
2026-01-01 12:00:45.750,-1.5772860344338673,1.0400328474942655,-0.586568312872426,0.7977946490073111,fms
2026-01-01 12:00:45.800,-1.5978176136166695,1.0794227402268881,-0.36530089000465876,0.5104486700541319,fms
2026-01-01 12:00:45.850,-1.3308841457373646,1.260834882219327,-0.16081219717048092,0.0840860788352078,fms
2026-01-01 12:00:45.900,-1.1670089976179998,1.3049341133046655,-0.03999205585789391,-0.38457767021555406,fms
2026-01-01 12:00:45.950,-0.8942080233781685,1.1267189377953337,-0.09593127248230658,-0.699794773663508,fms
2026-01-01 12:00:46.000,-0.73157646155432,0.91693222827276,0.07083489423978886,-1.132873913615224,fms
2026-01-01 12:00:46.050,-0.7045239422598746,0.7324774024990794,0.015744435517669186,-1.2201925631903718,fms
2026-01-01 12:00:46.100,-0.7522677931421615,0.36957529099192915,-0.05229139048040693,-1.4218560312364832,fms
2026-01-01 12:00:46.150,-0.8527424061713077,-0.017243017721926518,0.15241045069124434,-1.3682456226329758,fms
2026-01-01 12:00:46.200,-1.0189395802245573,-0.19452237117656587,0.33458834335678894,-1.215410238203915,fms
2026-01-01 12:00:46.250,-1.1070229348806564,-0.5164010550709922,0.6789144429200696,-0.9814730036176024,fms
2026-01-01 12:00:46.300,-1.1323108892728815,-0.3940520146125756,0.9723805080176509,-0.840132588787329,fms
2026-01-01 12:00:46.350,-1.1516383138073059,-0.4254573853909257,1.372162702063798,-0.7224273346539322,fms
2026-01-01 12:00:46.400,-0.8225105140054243,-0.3671129621703492,1.6027324564101912,-0.7047130840741268,fms
2026-01-01 12:00:46.450,-0.5451018650417698,-0.23277874910724516,1.5195150005251228,-0.6587551562214605,fms
2026-01-01 12:00:46.500,-0.16635967528813553,-0.2582182298536431,1.4867511174273473,-0.8140116601934364,fms
2026-01-01 12:00:46.550,-0.02157729191220257,-0.4714882536302698,1.3152296524479021,-0.7973646921055951,fms
2026-01-01 12:00:46.600,0.27226587410182307,-0.5636437214347676,0.9534571697642612,-0.7365299102039777,fms
2026-01-01 12:00:46.650,0.42489886573286184,-0.8757557142914013,0.83034362148345,-0.38719921546810243,fms
2026-01-01 12:00:46.700,0.3129638057245595,-1.2019462118207072,0.6402980944472835,-0.19697804044535747,fms
2026-01-01 12:00:46.750,0.2724475821381063,-1.3537248649713756,0.5123147380705855,0.3214367948718193,fms
2026-01-01 12:00:46.800,0.17651569788544433,-1.4737154955965936,0.42439467851609297,0.6395240677400416,fms
2026-01-01 12:00:46.850,0.14660287290779866,-1.5941739616874462,0.5068815865710341,1.1102534793040224,fms
2026-01-01 12:00:46.900,0.1242078610925619,-1.5029189962834422,0.5254612870724925,1.2935514690448016,fms
2026-01-01 12:00:46.950,0.31724521950523077,-1.1862556898898877,0.4842315280361716,1.3928096702272201,fms
2026-01-01 12:00:47.000,0.4077911047118685,-0.9801833815476805,0.37871508169769574,1.4486291384752479,fms
2026-01-01 12:00:47.050,0.7110004061089109,-0.6860689660130541,0.10755301551512707,1.3539878638486949,fms
2026-01-01 12:00:47.100,1.032621936326281,-0.5752499382608908,-0.150533155709804,1.091940239187966,fms
2026-01-01 12:00:47.150,1.283837201976062,-0.5913882510232087,-0.4322286082701301,0.9325506081198938,fms
2026-01-01 12:00:47.200,1.3734430334034031,-0.6708297446531197,-0.860999449749767,0.5821322919163107,fms
2026-01-01 12:00:47.250,1.3576459031321018,-0.7152323606596231,-1.2823753656243602,0.5369262824439218,fms
2026-01-01 12:00:47.300,1.3351832266026376,-0.753967951706121,-1.2493186954091746,0.6081100674123843,fms
2026-01-01 12:00:47.350,1.2027569393319804,-0.7362581249595539,-1.4252738231875572,0.5676097674572365,fms
2026-01-01 12:00:47.400,0.9618400655376458,-0.6885029874300602,-1.4014769416860369,0.615383564172682,fms
2026-01-01 12:00:47.450,0.8465901901591238,-0.5499609491539538,-1.1550724456942074,0.4865602815707109,fms
2026-01-01 12:00:47.500,0.7978786717655569,-0.18747776415778789,-1.0297788499486917,0.41116318870598917,fms
2026-01-01 12:00:47.550,0.8602017725113043,0.15533772117605033,-0.8672768471441691,0.17590973219952144,fms
2026-01-01 12:00:47.600,1.0605061187328673,0.37595902947201604,-0.7704653996105819,-0.2022157373833467,fms
2026-01-01 12:00:47.650,1.1712967977157343,0.7413296825240712,-0.6845690078591132,-0.6782495611387357,fms
2026-01-01 12:00:47.700,1.3867561134185522,0.9736996558374371,-0.7852118019161015,-1.096916730117729,fms
2026-01-01 12:00:47.750,1.4527050767038407,1.0554495626400928,-0.8426696619019094,-1.3328313029794727,fms
2026-01-01 12:00:47.800,1.433636450396525,0.9515620021258729,-0.948588534017066,-1.541974419095863,fms
2026-01-01 12:00:47.850,1.2492547295120198,0.8876544870075874,-0.8110304856431311,-1.5759801719554511,fms
2026-01-01 12:00:47.900,1.0920187831566726,0.7804780753714138,-0.7249299598067619,-1.395570163929696,fms
2026-01-01 12:00:47.950,0.7560312415616017,0.7800769076916354,-0.5371636440246006,-1.1717637658760751,fms
2026-01-01 12:00:48.000,0.4839886182978406,0.7105687291211716,-0.2173151988567638,-0.9914376095854162,fms
2026-01-01 12:00:48.050,0.2866513792490504,0.8760948771873114,0.2061578457002962,-0.7654658361556158,fms
2026-01-01 12:00:48.100,0.15044892478695587,1.0782261330260092,0.6159821656983269,-0.5035335128317481,fms
2026-01-01 12:00:48.150,-0.008053146114926552,1.327569420010441,0.8882862609007817,-0.4632723244922723,fms
2026-01-01 12:00:48.200,0.12420129487921489,1.4179624383844367,1.0918826377419866,-0.3770300713955494,fms
2026-01-01 12:00:48.250,0.25945531737303923,1.5612118834824726,1.1946568344546644,-0.4058726860227094,fms
2026-01-01 12:00:48.300,0.3038402161207155,1.4514396977792214,1.1385181680216816,-0.395191511749573,fms
2026-01-01 12:00:48.350,0.34457078629014953,1.2827266025408999,1.0276529703554218,-0.0919781892144278,fms
2026-01-01 12:00:48.400,0.12153558345979294,1.1039035589079045,0.8035236995629286,-0.12021165763523865,fms
2026-01-01 12:00:48.450,0.037711094620161714,0.7893118400435134,0.7733544648758875,0.19267600912723767,fms
2026-01-01 12:00:48.500,-0.27992497572880115,0.3274388756858221,0.8772159357427444,0.5841809971029339,fms
2026-01-01 12:00:48.550,-0.4929564921906301,0.27036046361840854,0.809276246347367,0.9638265179520641,fms
2026-01-01 12:00:48.600,-0.8368260037677384,0.03738302074726836,1.0023732979906463,1.1409430788827088,fms
2026-01-01 12:00:48.650,-1.0861431160010497,-0.04671367483008015,1.088931464532327,1.5109798034180955,fms
2026-01-01 12:00:48.700,-1.1978144856155306,0.061336116949693924,1.2853754815638607,1.545490147904886,fms
2026-01-01 12:00:48.750,-1.1525313348057078,0.1586231989954372,1.2538258581026915,1.5588305350762055,fms
2026-01-01 12:00:48.800,-1.0354532707945556,0.01952931248545499,1.1833098212628372,1.396395305588405,fms
2026-01-01 12:00:48.850,-0.8143727980159343,0.08548579434374659,0.8387629005225494,1.0751144360194107,fms
2026-01-01 12:00:48.900,-0.7285441332020408,-0.013800964377624958,0.48284759923962156,0.7441409817509945,fms
2026-01-01 12:00:48.950,-0.7686561537721328,-0.3178771397663757,0.11892629194094306,0.5493911969443804,fms
2026-01-01 12:00:49.000,-0.7383966940077045,-0.5268019669739206,-0.22477240277088653,0.28388206443750813,fms
2026-01-01 12:00:49.050,-0.9493213570645894,-0.9432651734141208,-0.4914631705526142,0.18958293781643878,fms
2026-01-01 12:00:49.100,-1.082136654352675,-1.1443932730889124,-0.840988650488517,0.160565411866608,fms
2026-01-01 12:00:49.150,-1.224595588916426,-1.4827938098746194,-0.8235373203077214,0.046294626442893394,fms
2026-01-01 12:00:49.200,-1.5649282044671076,-1.4899031934830276,-0.8955125272696018,0.19638774903000486,fms
2026-01-01 12:00:49.250,-1.6045745557030149,-1.4012442284923183,-0.739854768820293,0.006464941485983616,fms
2026-01-01 12:00:49.300,-1.5063739376923222,-1.2711632005417026,-0.6626805104881301,-0.18893758255447438,fms
2026-01-01 12:00:49.350,-1.3182677476815907,-1.051011704602037,-0.7287909794656546,-0.5579557820760973,fms
2026-01-01 12:00:49.400,-1.2135946646577458,-0.9046441196712417,-0.7041106631838677,-0.7903870811201451,fms
2026-01-01 12:00:49.450,-0.9719088128795743,-0.6881576725465,-0.9781595096200846,-1.2212545907980765,fms
2026-01-01 12:00:49.500,-0.6202552245231189,-0.7647257526415625,-1.099956012543564,-1.4217446285976223,fms
2026-01-01 12:00:49.550,-0.5228897137502042,-0.8647875769668252,-1.3420064680409265,-1.5480501683579138,fms
2026-01-01 12:00:49.600,-0.4658938467552868,-0.9602133233126896,-1.416263980249345,-1.5775689926133725,fms
2026-01-01 12:00:49.650,-0.5252601376936553,-1.0639436212605788,-1.4663378885911211,-1.4048400136689814,fms
2026-01-01 12:00:49.700,-0.621468642252679,-1.1449250085216909,-1.333053224690998,-1.2200178442731238,fms
2026-01-01 12:00:49.750,-0.7784171865900877,-1.0697435610855321,-1.0876424821163884,-0.8158852531287848,fms
2026-01-01 12:00:49.800,-0.8191829013863707,-0.9954842262783726,-0.8668040495190033,-0.5278680139561789,fms
2026-01-01 12:00:49.850,-0.7425299884369629,-0.736304106311749,-0.42940149934911,-0.18111004956952864,fms
2026-01-01 12:00:49.900,-0.4791759604951713,-0.3269459780137704,-0.07054900022765087,-0.028141647836786153,fms
2026-01-01 12:00:49.950,-0.34812636533564456,-0.04416298813806001,0.27937903730305297,-0.018474404027896532,fms
2026-01-01 12:00:50.000,0.008620406100461917,0.24995739347170873,0.295999088180603,0.1526310446546092,fms
2026-01-01 12:00:50.050,0.3248280641699961,0.5056577245524148,0.4582325127507907,0.051046229235184384,fms
2026-01-01 12:00:50.100,0.5741891881954805,0.662034053959512,0.3795847160774176,0.07614113245826098,fms
2026-01-01 12:00:50.150,0.821821027492988,0.6758247196248941,0.37777743313387596,0.25035866370841503,fms
2026-01-01 12:00:50.200,0.8140420965218922,0.5862016925169649,0.3327349996592042,0.3601515933146791,fms
2026-01-01 12:00:50.250,0.7668857069005445,0.5872463285328715,0.45124091683874523,0.7623556482237469,fms
2026-01-01 12:00:50.300,0.62655572583939,0.5119219708999294,0.6608384903493826,1.0008917094739704,fms
2026-01-01 12:00:50.350,0.4504043802637643,0.5670477059104752,0.8667681668243431,1.3770825297123241,fms
2026-01-01 12:00:50.400,0.5399515488263165,0.6535597351421357,1.1233204638971197,1.5105846773340457,fms
2026-01-01 12:00:50.450,0.5182758261283232,0.8642795420670529,1.4234622059127584,1.63580060206673,fms
2026-01-01 12:00:50.500,0.615795444738532,1.0955060032457333,1.5917854737456725,1.5013806852911116,fms
2026-01-01 12:00:50.550,0.9345731822638346,1.3736524641320396,1.6224493114347212,1.2543042479171835,fms
2026-01-01 12:00:50.600,1.1139372677903878,1.6272711628958785,1.5021775383310296,0.9496140388153865,fms
2026-01-01 12:00:50.650,1.4188036809061477,1.6736749869181424,1.3093714848696394,0.5379815293524453,fms
2026-01-01 12:00:50.700,1.5035909237003617,1.4891270012214335,0.8947786106665683,0.1697352767794435,fms
2026-01-01 12:00:50.750,1.594353144227534,1.3479481124016206,0.6353463886436632,0.05727111074414208,fms
2026-01-01 12:00:50.800,1.5515611690849944,0.9935088860694942,0.3363728897785002,-0.1227985929793828,fms
2026-01-01 12:00:50.850,1.3262088981442823,0.8471313601373888,0.16529932182569354,-0.1120558366752811,fms
2026-01-01 12:00:50.900,1.0319905262203988,0.5636872679588422,0.04728073725076799,-0.26441455173514217,fms
2026-01-01 12:00:50.950,0.7895407366141756,0.4924072540914508,0.09874847898231152,-0.21741572161413833,fms
2026-01-01 12:00:51.000,0.7670011416869118,0.4020111904902325,0.09314432510527751,-0.34487889661034715,fms
2026-01-01 12:00:51.050,0.6222995161128654,0.47632442556832344,0.0694347461793728,-0.5265806440150186,fms
2026-01-01 12:00:51.100,0.7513949862143643,0.3664733045536456,-0.07911728978142964,-0.7329091026073308,fms
2026-01-01 12:00:51.150,0.9385612708742325,0.5846473699138797,-0.1625685314954391,-0.9286035117812753,fms
2026-01-01 12:00:51.200,1.0891854822243223,0.5381877414722912,-0.3464496126191467,-1.250832378090588,fms
2026-01-01 12:00:51.250,1.1705593713265687,0.41597212185161764,-0.6943470258707517,-1.420356110252265,fms
2026-01-01 12:00:51.300,1.0950281579708572,0.23849284839451573,-1.0034927266066551,-1.5524975736219107,fms
2026-01-01 12:00:51.350,1.065281125235513,-0.15302889974422015,-1.3772089135053074,-1.5918557424264208,fms
2026-01-01 12:00:51.400,0.834046859625585,-0.5009510231453473,-1.5800678620256952,-1.3488714353265518,fms
2026-01-01 12:00:51.450,0.5854057606919897,-0.9836943742591819,-1.587841273804977,-0.9424078627326733,fms
2026-01-01 12:00:51.500,0.2601378016495749,-1.0855502898990608,-1.5411085753105092,-0.6655216202865057,fms
2026-01-01 12:00:51.550,0.04928554486721391,-1.219129842657362,-1.2424072150880017,-0.25156692030579086,fms
2026-01-01 12:00:51.600,-0.34237092234496375,-1.2107437611560063,-1.0192192340897033,0.07350128251527155,fms
2026-01-01 12:00:51.650,-0.4151577867517036,-1.0501228519381238,-0.6949848180135492,0.33182499714089453,fms
2026-01-01 12:00:51.700,-0.33597209324675886,-0.9178083635912758,-0.6399692115012375,0.5047022354443723,fms
2026-01-01 12:00:51.750,-0.3355488028477871,-0.8760552347060387,-0.5090200890441566,0.38884617274625943,fms
2026-01-01 12:00:51.800,-0.16982373225240213,-0.694250215264676,-0.4219672147932091,0.542886239654708,fms
2026-01-01 12:00:51.850,-0.07117540385727808,-0.7233960587457285,-0.4289228108339036,0.3880514896330192,fms
2026-01-01 12:00:51.900,-0.07290737298773103,-0.9066154381073702,-0.41887888279732977,0.44888303984201394,fms
2026-01-01 12:00:51.950,-0.27164425765808864,-1.0517878097245195,-0.4281657126886303,0.6156084046359875,fms
2026-01-01 12:00:52.000,-0.4407359975648472,-1.2459045930603414,-0.40356910933093615,0.824708353329708,fms
2026-01-01 12:00:52.050,-0.7724424548932814,-1.3979428622719943,-0.1300975343419117,1.04869178706175,fms
2026-01-01 12:00:52.100,-1.0231818420827037,-1.407151221394632,0.10681012279663435,1.2965187879064488,fms
2026-01-01 12:00:52.150,-1.3439348061991043,-1.3437837458960376,0.5666773344821359,1.5029030148675095,fms
2026-01-01 12:00:52.200,-1.3793169224268667,-1.1536438301252363,0.8562452504854174,1.4137535647047699,fms
2026-01-01 12:00:52.250,-1.4750921402101786,-0.6837014759046127,1.1704736668690563,1.3321014689349435,fms
2026-01-01 12:00:52.300,-1.3381189110141072,-0.36717535606702584,1.3227766153261349,1.1901653428236942,fms
2026-01-01 12:00:52.350,-1.2116438369199212,-0.10216648997959613,1.4513413705811102,0.6827724845390677,fms
2026-01-01 12:00:52.400,-1.0083291012938969,0.003321006564824175,1.4029768395128817,0.3062193329427614,fms
2026-01-01 12:00:52.450,-0.8777157893928117,0.23550609763173272,1.2363031199093075,-0.17865383731654094,fms
2026-01-01 12:00:52.500,-0.7606609536795697,0.13807063670073563,1.0242540354852343,-0.42774681504057294,fms
2026-01-01 12:00:52.550,-0.8719271647010629,0.15006933014467402,0.8632575327870005,-0.5424908169698124,fms
2026-01-01 12:00:52.600,-1.0068983733523063,0.07394956202903089,0.7389624861841472,-0.6189439191366549,fms
2026-01-01 12:00:52.650,-1.1564777777719761,0.11073995595798072,0.7248488141244197,-0.7340655348334171,fms
2026-01-01 12:00:52.700,-1.319638642240282,0.11381347224157708,0.7509232557454599,-0.6024234741573846,fms
2026-01-01 12:00:52.750,-1.3378010074571325,0.3617018844860423,0.7962995616245171,-0.60561482813399,fms
2026-01-01 12:00:52.800,-1.46393619659054,0.637363467652934,0.8539611714111262,-0.7174277644822321,fms
2026-01-01 12:00:52.850,-1.2796945650068143,0.9765015994794203,0.8808893310051622,-0.8527138862446332,fms
2026-01-01 12:00:52.900,-1.0967568136198889,1.1886930168672456,0.8282897827460816,-0.9683772202436693,fms
2026-01-01 12:00:52.950,-0.7542164391000279,1.4509307955955821,0.44404074798935966,-1.1429446782948318,fms
2026-01-01 12:00:53.000,-0.45666221127572404,1.5227401633863933,0.2113213249418969,-1.2861189626070169,fms
2026-01-01 12:00:53.050,-0.2512670367025423,1.4829928402561086,-0.2571768332175006,-1.39903350154591,fms
2026-01-01 12:00:53.100,-0.08533055288343343,1.3545910238428394,-0.6512881128317308,-1.3219026491303363,fms
2026-01-01 12:00:53.150,-0.07153798282592319,1.19537414810491,-0.8780089289094024,-1.0333851842544677,fms
2026-01-01 12:00:53.200,-0.23984849134192837,0.9477685615309351,-1.0442806097869033,-0.6988735563476343,fms
2026-01-01 12:00:53.250,-0.1986092810284575,0.739996312664801,-1.1347783428447151,-0.3169364695241659,fms
2026-01-01 12:00:53.300,-0.41474206858982465,0.6728716723779471,-1.0617944722516879,0.06952082622282266,fms
2026-01-01 12:00:53.350,-0.3013544227121781,0.7136138238607336,-0.9366217677887863,0.3599308998365934,fms
2026-01-01 12:00:53.400,-0.21918023441301843,0.8231046757331986,-0.9490287953103065,0.6141800338238772,fms
2026-01-01 12:00:53.450,-0.03578848648398463,0.8335595042520471,-0.8742320164245407,0.8041180915800615,fms
2026-01-01 12:00:53.500,0.2138041262674864,0.972289051783706,-0.8160096330207071,0.9297065920703933,fms
2026-01-01 12:00:53.550,0.5623654396899631,0.9787613110762232,-0.8506565160164533,0.8078054678698181,fms
2026-01-01 12:00:53.600,0.8036611167851785,0.7556778815482508,-1.036895775981129,0.7856960326727523,fms
2026-01-01 12:00:53.650,1.0819004543923552,0.5545532966313237,-1.110912582306068,0.770347045248695,fms
2026-01-01 12:00:53.700,1.2509003456339274,0.2247581462271951,-1.190704537780293,0.7219064972913942,fms
2026-01-01 12:00:53.750,1.177226507438669,-0.13635729017692255,-1.2962283325065687,0.8630325820014305,fms
2026-01-01 12:00:53.800,0.9896752794590895,-0.392516542724804,-1.0401065927277797,1.0478009255113327,fms
2026-01-01 12:00:53.850,0.9029625433728019,-0.6306528748256797,-0.8165524855528992,1.171500913310151,fms
2026-01-01 12:00:53.900,0.7543115477186966,-0.7695687178498819,-0.47769160426651797,1.2404355138919236,fms
2026-01-01 12:00:53.950,0.7289802102630969,-0.9022228382190577,-0.19741586289633065,1.2917376376897034,fms
2026-01-01 12:00:54.000,0.7172105333823722,-0.8530310035647586,0.29261569822030964,1.0874353476698382,fms
2026-01-01 12:00:54.050,0.9681312266959505,-0.6669441880323154,0.6087437335977229,0.7928923930741925,fms
2026-01-01 12:00:54.100,1.1072129663400467,-0.5947949279436494,0.7037210107831805,0.3884033637653809,fms
2026-01-01 12:00:54.150,1.270656242621434,-0.6171020546470913,0.8887908788438309,0.06060194084219438,fms
2026-01-01 12:00:54.200,1.5299705948607654,-0.6741102585431467,0.857606098675301,-0.44741396552899493,fms
2026-01-01 12:00:54.250,1.4388059714589172,-0.9495134616660222,0.745761742219532,-0.7399877438515544,fms
2026-01-01 12:00:54.300,1.573954183197477,-1.1316818025723017,0.6174917572441982,-1.0691907180341103,fms
2026-01-01 12:00:54.350,1.3940109933617526,-1.3158945188512754,0.6656714071913746,-1.0635734191723603,fms
2026-01-01 12:00:54.400,1.2012430583504712,-1.501834909783444,0.783699141380255,-0.9905111772217101,fms
2026-01-01 12:00:54.450,0.9356197438500995,-1.5963037504580542,0.8853010128148894,-0.9551146122849504,fms
2026-01-01 12:00:54.500,0.5642220798168402,-1.53553891503966,1.1432074991200514,-0.7622745179159739,fms
2026-01-01 12:00:54.550,0.4677064282010816,-1.394266910797553,1.3561956246743097,-0.7145696602791696,fms
2026-01-01 12:00:54.600,0.4298541981768984,-1.133880234768191,1.4381224562734067,-0.8461043791997044,fms
2026-01-01 12:00:54.650,0.5140200977111478,-0.7802183228137517,1.3869682802085423,-0.83125979444061,fms
2026-01-01 12:00:54.700,0.6324719099606827,-0.4678178138630594,1.3898853028804925,-1.0605608489219531,fms
2026-01-01 12:00:54.750,0.6875440403324097,-0.3137204037864491,1.1325522988267693,-1.0988461696342582,fms
2026-01-01 12:00:54.800,0.7090047217131501,-0.2320095457276084,0.7185068258983563,-1.1203598027641368,fms
2026-01-01 12:00:54.850,0.7579474361874914,-0.25917808812607285,0.45507085294927785,-0.9728253511138953,fms
2026-01-01 12:00:54.900,0.46898584413761746,-0.2710141551751059,-0.06040189075972491,-0.7498027006664169,fms
2026-01-01 12:00:54.950,0.2412064104301857,-0.3153689158479768,-0.16440046940447878,-0.5101340785098653,fms
2026-01-01 12:00:55.000,-0.0760193949729332,-0.3837941407270051,-0.4222967201012139,-0.03553698690063006,fms
2026-01-01 12:00:55.050,-0.23917821065138953,-0.2515726341249683,-0.45896696594843106,0.2867352249634418,fms
2026-01-01 12:00:55.100,-0.609352193533204,-0.18523215899531945,-0.3419431092603225,0.8559195497850599,fms
2026-01-01 12:00:55.150,-0.666992080579663,0.26984125108253004,-0.34747151879047267,1.0482671626286357,fms
2026-01-01 12:00:55.200,-0.8028626465757349,0.49689134300696336,-0.32108027741935885,1.2099140149619834,fms
2026-01-01 12:00:55.250,-0.7418127293611951,0.9126635711675719,-0.5233924389319691,1.2204787723191863,fms
2026-01-01 12:00:55.300,-0.6156277270682392,1.1274874385875202,-0.6327535557463106,1.1354209794476422,fms
2026-01-01 12:00:55.350,-0.5453424454796926,1.2928938150442622,-0.8664445401358202,0.8994976916156738,fms
2026-01-01 12:00:55.400,-0.46884447268039525,1.3066303186126276,-1.2208382280184744,0.937844670593405,fms
2026-01-01 12:00:55.450,-0.5501020473770895,1.281810470298274,-1.3897147972259687,0.7716246168474369,fms
2026-01-01 12:00:55.500,-0.6895230271671833,1.083252501329171,-1.6092948399950429,0.8018545648849246,fms
2026-01-01 12:00:55.550,-0.8779461809240019,0.9704146566853504,-1.6672797707792248,0.8434599121100622,fms
2026-01-01 12:00:55.600,-1.2071947659090247,0.8146752582495914,-1.5259892016417929,0.9423384656487668,fms
2026-01-01 12:00:55.650,-1.3493278187532727,0.7722085713445687,-1.3799517624279292,0.8999439914949815,fms
2026-01-01 12:00:55.700,-1.5086095766516325,0.7073242527799376,-1.0114496419526582,0.8858367557993736,fms
2026-01-01 12:00:55.750,-1.550298419884568,0.9807676261394975,-0.6559108392474046,0.8728509077683934,fms
2026-01-01 12:00:55.800,-1.543628484580848,1.1476094576444624,-0.3373028437009785,0.5062581663548437,fms
2026-01-01 12:00:55.850,-1.39218297321181,1.2529205153136111,-0.16923588827946143,0.08338214327666282,fms
2026-01-01 12:00:55.900,-1.1439371744363431,1.2730562813576605,-0.05455432450006936,-0.2801243958847557,fms
2026-01-01 12:00:55.950,-0.9291058803402269,1.194922969938772,-0.05131744413245344,-0.7609005823169983,fms
2026-01-01 12:00:56.000,-0.8218895824564697,0.9382404472034268,-0.06147550093590411,-1.0319582909560623,fms
2026-01-01 12:00:56.050,-0.7257906363297846,0.6519365475299617,-0.04280466050933594,-1.3546369539704335,fms
2026-01-01 12:00:56.100,-0.7382582685214705,0.4247635048528693,-0.05184685744633161,-1.2361381949821126,fms
2026-01-01 12:00:56.150,-0.8135955402619935,0.07107050937324079,0.11829157366379567,-1.2299331307658286,fms
2026-01-01 12:00:56.200,-1.0910747198579673,-0.26492787363508735,0.43181378166623213,-1.1138077469803689,fms
2026-01-01 12:00:56.250,-1.1890752546450354,-0.42241100392060654,0.6788414844119665,-0.9644323446155829,fms
2026-01-01 12:00:56.300,-1.1440711106796153,-0.4257997645742828,1.0558149752701933,-0.7596190499136327,fms
2026-01-01 12:00:56.350,-1.0321072042123873,-0.2856006818326021,1.302465996667018,-0.7778420961615469,fms
2026-01-01 12:00:56.400,-0.8365150288870419,-0.3530529836114715,1.6120428410469303,-0.6643685988349058,fms
2026-01-01 12:00:56.450,-0.5198614523787471,-0.22126965811520424,1.5777413097793929,-0.6612875936471188,fms
2026-01-01 12:00:56.500,-0.2860092648875367,-0.3534645778643193,1.419297246117998,-0.775993354059852,fms
2026-01-01 12:00:56.550,0.11484845355860664,-0.43971648951118464,1.4228945013959375,-0.7489748966331867,fms
2026-01-01 12:00:56.600,0.26084384645241854,-0.6484929060146185,1.018967750054895,-0.6050772181583157,fms
2026-01-01 12:00:56.650,0.34013411787142406,-0.9856141373726055,0.7684916434550363,-0.4076263114141566,fms
2026-01-01 12:00:56.700,0.41689883457662663,-1.225022909775543,0.5170738866692491,-0.1338316441667361,fms
2026-01-01 12:00:56.750,0.1421958257066746,-1.4258880092726391,0.49631162698636844,0.241335205872099,fms
2026-01-01 12:00:56.800,0.16573533933868947,-1.58045199195568,0.4527404488629385,0.6561496987975097,fms
2026-01-01 12:00:56.850,0.040499401859727883,-1.6054716380304286,0.48729316223444885,0.9452984783469612,fms
2026-01-01 12:00:56.900,0.13414008867600274,-1.531698714878574,0.454941947047744,1.3032703756501887,fms
2026-01-01 12:00:56.950,0.21219957237800566,-1.1296469801321267,0.41958772056810667,1.4328935807918235,fms
2026-01-01 12:00:57.000,0.5350289646927247,-1.087839884232087,0.5327176916268473,1.4173668321469588,fms
2026-01-01 12:00:57.050,0.7470704900088363,-0.878258462548068,0.16385668143228854,1.3131000201270155,fms
2026-01-01 12:00:57.100,1.1303396692930072,-0.6381383777718267,-0.15299244490322098,1.1588909679766692,fms
2026-01-01 12:00:57.150,1.2892504775953673,-0.5578918898803804,-0.49645270419735504,0.83766416888354,fms
2026-01-01 12:00:57.200,1.4895406691051623,-0.6247953600793813,-0.91944572481937,0.7361715380287402,fms
2026-01-01 12:00:57.250,1.404865048560918,-0.7852600990373966,-1.2280822762497896,0.5140971493178719,fms
2026-01-01 12:00:57.300,1.2819016135642192,-0.7287046303682703,-1.3722024622241096,0.5696714970960678,fms
2026-01-01 12:00:57.350,1.1260389309960361,-0.7172814221176222,-1.443198690841511,0.5303019655431968,fms
2026-01-01 12:00:57.400,0.9731122387378863,-0.6526193853664212,-1.3678139072181954,0.5719075784514822,fms
2026-01-01 12:00:57.450,0.8391891241957716,-0.4489469948876199,-1.241459030523582,0.49474906798163704,fms
2026-01-01 12:00:57.500,0.8497784851605029,-0.31256948209639057,-1.0113091993278478,0.3895935222045846,fms
2026-01-01 12:00:57.550,0.7952334911217938,0.17617699916345975,-0.8341118700187802,0.1870082985405008,fms
2026-01-01 12:00:57.600,0.9795622407364262,0.532288302379254,-0.7810819604814927,-0.25777737334351586,fms
2026-01-01 12:00:57.650,1.2338971059518453,0.7701065877213507,-0.7511399177082715,-0.5997410209453286,fms
2026-01-01 12:00:57.700,1.3335309098070216,1.0124145404441536,-0.7414855400972818,-1.065173878165529,fms
2026-01-01 12:00:57.750,1.3241304100064553,1.0423935791404428,-0.8416377296979191,-1.2761168202853141,fms
2026-01-01 12:00:57.800,1.3567693151974198,0.9999095096195336,-0.9409873603312793,-1.4776013283227374,fms
2026-01-01 12:00:57.850,1.3532596242935828,0.978082363133156,-0.9552962891816854,-1.5611724697867821,fms
2026-01-01 12:00:57.900,1.0234918666914021,0.7808766382363058,-0.7177329760877904,-1.3551095290226691,fms
2026-01-01 12:00:57.950,0.7935043407343918,0.7263529093121562,-0.5094930405421438,-1.2593901052811856,fms
2026-01-01 12:00:58.000,0.43853337856998126,0.742551186590838,-0.19020155546572087,-0.9205253671154398,fms
2026-01-01 12:00:58.050,0.19579393183435617,0.8187952711565706,0.2428682036548096,-0.6969407594355627,fms
2026-01-01 12:00:58.100,0.16732158469329,0.9122752540883823,0.5406674424421724,-0.5060117464993185,fms
2026-01-01 12:00:58.150,0.109082395487314,1.280303179437054,0.8477964981585702,-0.3764928183058027,fms
2026-01-01 12:00:58.200,0.20647739993056452,1.4451684044507418,1.1203594357909297,-0.365879238985419,fms
2026-01-01 12:00:58.250,0.2396715022518437,1.4002143786490424,1.193086892015421,-0.3585341683108617,fms
2026-01-01 12:00:58.300,0.2951253301034848,1.5113770363805177,1.0633803475141368,-0.37103501516993,fms
2026-01-01 12:00:58.350,0.29655333446577264,1.366265750039329,0.9906065898975557,-0.23421849901230316,fms
2026-01-01 12:00:58.400,0.2021209860156997,0.9880958930698226,0.8553652456844805,-0.00980899737151443,fms
2026-01-01 12:00:58.450,-0.03187199916968106,0.8499259384174195,0.8573305003732992,0.14167695688044812,fms
2026-01-01 12:00:58.500,-0.2115911643436354,0.3541661832969568,0.7979858141698123,0.5247071153250257,fms
2026-01-01 12:00:58.550,-0.5209461704026266,0.25279693600791153,0.840351236816831,0.8696865105287449,fms
2026-01-01 12:00:58.600,-0.9844515402418295,0.11418376373699478,1.037469619883447,1.2695315396363571,fms
2026-01-01 12:00:58.650,-1.0957169274675342,0.023783033958904146,1.1228461983771298,1.4050219578426515,fms
2026-01-01 12:00:58.700,-1.099860932923327,0.061629836403259745,1.2779646341175093,1.553529565714594,fms
2026-01-01 12:00:58.750,-1.1333808618646357,0.15750764706187353,1.180842286157566,1.5721562142717942,fms
2026-01-01 12:00:58.800,-1.0350741004184254,0.1696852377621987,1.1001965276953098,1.3195627914031003,fms
2026-01-01 12:00:58.850,-0.8332936543701002,0.038131630426382734,0.8221259056811774,1.0858014344959135,fms
2026-01-01 12:00:58.900,-0.8025226663922639,-0.040036935836867696,0.5739728757854389,0.7935220598952043,fms
2026-01-01 12:00:58.950,-0.7372027589251031,-0.3046467426505095,0.16378210103842028,0.601055727982082,fms
2026-01-01 12:00:59.000,-0.7314002852292795,-0.5845908087765659,-0.27551167602588833,0.3310218083140083,fms
2026-01-01 12:00:59.050,-0.9456112053622416,-0.8794621483952467,-0.5251527921971936,0.16549643802656655,fms
2026-01-01 12:00:59.100,-1.1116367479716114,-1.152281284373919,-0.7628417823408632,0.24179097310974362,fms
2026-01-01 12:00:59.150,-1.3098257962535793,-1.398964423928165,-0.8604379827337842,0.07447770692506603,fms
2026-01-01 12:00:59.200,-1.4985536514456526,-1.4500989572259706,-0.8917996800591114,0.09367916547371714,fms
2026-01-01 12:00:59.250,-1.6295788633691186,-1.4010104231926055,-0.7573339716517041,-0.02492345026484155,fms
2026-01-01 12:00:59.300,-1.5404686101598135,-1.2547741091953402,-0.7178190882243842,-0.3080509572545796,fms
2026-01-01 12:00:59.350,-1.4342606711848476,-1.0184366280638464,-0.7341816451326192,-0.44989260750480964,fms
2026-01-01 12:00:59.400,-1.1174431548448351,-0.8744513002844483,-0.7281665246989861,-0.748356698084122,fms
2026-01-01 12:00:59.450,-0.8540777395691926,-0.8687089198702306,-0.81056191473913,-1.1760905202762146,fms
2026-01-01 12:00:59.500,-0.618866912413941,-0.7576728322468449,-1.124958909987074,-1.4810592965952685,fms
2026-01-01 12:00:59.550,-0.4897621970932487,-0.839475341366155,-1.3660158971300698,-1.5818520341591984,fms
2026-01-01 12:00:59.600,-0.4646939056247717,-0.9233078100588326,-1.4330632152586658,-1.5299285056098217,fms
2026-01-01 12:00:59.650,-0.5873394364800133,-1.086724329764802,-1.4095723991720612,-1.4891752053126566,fms
2026-01-01 12:00:59.700,-0.5393178915273392,-1.154423010620948,-1.2942141645553769,-1.1943203085626952,fms
2026-01-01 12:00:59.750,-0.7121159892987339,-1.163158766269487,-1.092765774680283,-0.8592738014562996,fms
2026-01-01 12:00:59.800,-0.7938375228819472,-0.8956438478882429,-0.7948741719570919,-0.549472650733826,fms
2026-01-01 12:00:59.850,-0.8192695776959126,-0.7169090374541848,-0.4568211027137659,-0.28431231874313634,fms
2026-01-01 12:00:59.900,-0.624364185964416,-0.29635889574644386,-0.06846959085762222,0.0015585152225550264,fms
2026-01-01 12:00:59.950,-0.34286607524951107,-0.003366474458814238,0.15097218446593008,-0.07076938100087264,fms
2026-01-01 12:01:00.000,0.10738493147906429,0.3387656615541807,0.38084175783789775,0.11422231874683991,fms
2026-01-01 12:01:00.050,0.28305027969451463,0.599430902627238,0.44946148180578477,-0.0034642089852948976,fms
2026-01-01 12:01:00.100,0.598560811994231,0.7286452595189553,0.332849752391372,0.13299185853207368,fms
2026-01-01 12:01:00.150,0.7085965442943511,0.6218939466055972,0.28705258896029306,0.26035926737445747,fms
2026-01-01 12:01:00.200,0.7006544796391354,0.5469166907249597,0.37151743970712814,0.4438985148430158,fms
2026-01-01 12:01:00.250,0.7359589517789917,0.5438491884860744,0.48286114020308446,0.7454445423056781,fms
2026-01-01 12:01:00.300,0.6328199862047263,0.4763058798473941,0.6744269493516862,1.0319938866462288,fms
2026-01-01 12:01:00.350,0.5675667931405491,0.5526899607072469,0.8707501929528224,1.3071608319779437,fms
2026-01-01 12:01:00.400,0.4317870881704696,0.6804035669848024,1.144365844391679,1.586191045886247,fms
2026-01-01 12:01:00.450,0.5435126475137798,0.8536110565906109,1.281278759646201,1.5904834670326615,fms
2026-01-01 12:01:00.500,0.6398341097149867,1.1530650582468793,1.5459409768046408,1.5440607359752445,fms
2026-01-01 12:01:00.550,0.9494983487134074,1.2999169404183186,1.548216988573358,1.187513034034638,fms
2026-01-01 12:01:00.600,1.096708737979765,1.5698555881893355,1.5111781495194039,0.9171288203104325,fms
2026-01-01 12:01:00.650,1.3135314883760798,1.6063939243562142,1.295952656161077,0.5250493753244522,fms
2026-01-01 12:01:00.700,1.4911939030440542,1.562298116240914,0.8717536081401707,0.24198374417491425,fms
2026-01-01 12:01:00.750,1.5680833395898495,1.3087395745683914,0.6367350887542372,0.011252915789689961,fms
2026-01-01 12:01:00.800,1.5478677536526162,1.0230539093240132,0.3485120531094996,-0.27630653570613983,fms
2026-01-01 12:01:00.850,1.3325279873021167,0.7868245065533084,0.15804173847296923,-0.2534756105300506,fms
2026-01-01 12:01:00.900,1.1313402569435018,0.5784691275621292,0.08471629275926507,-0.22893514176311994,fms
2026-01-01 12:01:00.950,0.8751582665647095,0.4502444230686993,0.018494470400954886,-0.18404369892535238,fms
2026-01-01 12:01:01.000,0.8055323511493476,0.32325941513104545,0.07486807316999022,-0.2787774913708039,fms
2026-01-01 12:01:01.050,0.7365896592136492,0.37047266515002947,0.08171091568198129,-0.44781827102268457,fms
2026-01-01 12:01:01.100,0.8084963888267138,0.5053696694597389,-0.06050293361000108,-0.6724421406667,fms
2026-01-01 12:01:01.150,0.8100898380336623,0.5265083291087759,-0.18227285294063167,-0.9557411175274118,fms
2026-01-01 12:01:01.200,1.0218308382735848,0.5564114434304631,-0.3818566850234934,-1.241203007639783,fms
2026-01-01 12:01:01.250,1.0937741750764283,0.3397170250231238,-0.6900615334054716,-1.421079103676284,fms
2026-01-01 12:01:01.300,1.1999725253183517,0.13121134198460155,-1.0383790254627223,-1.542241108320274,fms
2026-01-01 12:01:01.350,0.9034297216665577,-0.22350778362070756,-1.2728730466416558,-1.5485571052685896,fms
2026-01-01 12:01:01.400,0.8345729995500455,-0.5115245911005709,-1.5618764654747912,-1.3526395750936973,fms
2026-01-01 12:01:01.450,0.5634498195647802,-0.9342581992868558,-1.6040103128740972,-1.0340573501018402,fms
2026-01-01 12:01:01.500,0.2220551078644646,-1.1266354622583223,-1.4139142646996399,-0.5996078273055256,fms
2026-01-01 12:01:01.550,-0.025547659736120235,-1.296999251102383,-1.2927058243318723,-0.27000992693751674,fms
2026-01-01 12:01:01.600,-0.3721835242930793,-1.1237483032443172,-1.1273152708214647,0.08572847609667913,fms
2026-01-01 12:01:01.650,-0.28081899428014173,-1.0275829952225868,-0.7652057550433995,0.30312505653254257,fms
2026-01-01 12:01:01.700,-0.21064827646336,-0.8872667818065921,-0.6451944972415116,0.39954669266253623,fms
2026-01-01 12:01:01.750,-0.18094194816011286,-0.9155556684277428,-0.41825813255059346,0.4748201791056298,fms
2026-01-01 12:01:01.800,-0.17463643325540615,-0.8509732803348047,-0.3937078911596482,0.5024950713888359,fms
2026-01-01 12:01:01.850,-0.11266906471871818,-0.7698260421755613,-0.4428373668340722,0.4911749333615605,fms
2026-01-01 12:01:01.900,-0.06513146977080635,-0.947253647593057,-0.49835347163602217,0.5532809385187807,fms
2026-01-01 12:01:01.950,-0.24073386153663717,-1.0700989681442188,-0.48806745901236676,0.6602105234863194,fms
2026-01-01 12:01:02.000,-0.4964895608046262,-1.3480637518777674,-0.4176241991562844,0.923649468099112,fms
2026-01-01 12:01:02.050,-0.7596476171302178,-1.4249781779661124,-0.2448689469351128,1.0218290834904753,fms
2026-01-01 12:01:02.100,-0.988767418391474,-1.307325402565275,0.010535301737513936,1.2825120321435377,fms
2026-01-01 12:01:02.150,-1.2678293742153017,-1.3622492975192233,0.5202046213828465,1.4346161531518171,fms
2026-01-01 12:01:02.200,-1.4244685112679922,-1.1157158882951375,0.9102967456213674,1.403760706058894,fms
2026-01-01 12:01:02.250,-1.4730768644748187,-0.7994678309343803,1.0595545206229295,1.3790280268840174,fms
2026-01-01 12:01:02.300,-1.325940236743304,-0.42326854978049816,1.3724415434191968,1.0415025960221762,fms
2026-01-01 12:01:02.350,-1.224243327083801,-0.14554856133090688,1.4253966986182167,0.7330580935556459,fms
2026-01-01 12:01:02.400,-1.010547261537988,0.1385483696209799,1.4111590671425003,0.3257271843476158,fms
2026-01-01 12:01:02.450,-0.8734928489713935,0.2196147412443864,1.1593700130184685,-0.0805965253297932,fms
2026-01-01 12:01:02.500,-0.7680308989042182,0.15216936664964859,1.1569985276280794,-0.39503835115221786,fms
2026-01-01 12:01:02.550,-0.8446026633206419,0.22173171661648353,0.8641940724354229,-0.6161601244657894,fms
2026-01-01 12:01:02.600,-1.0540881799465174,0.07564795312375415,0.7130126255328159,-0.725077525344581,fms
2026-01-01 12:01:02.650,-1.14295371736929,0.22093851584955226,0.6398731128743114,-0.5961348969622636,fms
2026-01-01 12:01:02.700,-1.2371025842327001,0.15107690072229601,0.7531004458642353,-0.6501702691703513,fms
2026-01-01 12:01:02.750,-1.488338397023369,0.38800707522257927,0.8347370900025235,-0.6567116937747189,fms
2026-01-01 12:01:02.800,-1.405357217544972,0.547298014984066,0.90874587204352,-0.7202575730041527,fms
2026-01-01 12:01:02.850,-1.354201528671344,0.8556505517262707,0.8874152855419609,-0.8581530940184287,fms
2026-01-01 12:01:02.900,-1.0667771406567228,1.3067345037385816,0.7358674582403142,-1.079125132822255,fms
2026-01-01 12:01:02.950,-0.705685550784467,1.38982833091547,0.5127551407959282,-1.14759208670264,fms
2026-01-01 12:01:03.000,-0.37102551159492647,1.5401686007736473,0.1041823554775838,-1.2350529526158769,fms
2026-01-01 12:01:03.050,-0.21267875293880412,1.4871736339620707,-0.1591001411937088,-1.4555587357243942,fms
2026-01-01 12:01:03.100,-0.16066655685241546,1.3926227368430406,-0.6908225099571002,-1.3245605235259714,fms
2026-01-01 12:01:03.150,-0.12439823965325009,1.096678181107298,-0.9009614707030457,-1.0633867780402226,fms
2026-01-01 12:01:03.200,-0.12192551996617006,0.970805289665578,-1.1736180696337903,-0.8014982236572942,fms
2026-01-01 12:01:03.250,-0.3067883838644929,0.8188156169453975,-1.2039684272947293,-0.4146942829096486,fms
2026-01-01 12:01:03.300,-0.2775016070746129,0.7396442493125771,-1.14460031521199,0.08493879651031322,fms
2026-01-01 12:01:03.350,-0.34277901801731203,0.724744872414802,-1.0643771347691928,0.46395734436460445,fms
2026-01-01 12:01:03.400,-0.2615800217276592,0.7233886643860906,-0.9222762771184015,0.7553325690819565,fms
2026-01-01 12:01:03.450,-0.15161608491800438,0.9325930129197911,-0.8755329315650726,0.8005203888835604,fms
2026-01-01 12:01:03.500,0.26297004093126036,0.9607517780099456,-0.8142862144011255,0.9056684398249223,fms
2026-01-01 12:01:03.550,0.5506534567112725,0.9197961067523046,-0.8191616629829425,0.8483103523894112,fms
2026-01-01 12:01:03.600,0.8768681738097271,0.8687378264080028,-0.9871326261337934,0.8045033869446331,fms
2026-01-01 12:01:03.650,1.0600737484992848,0.5384356701907808,-1.1121273537683842,0.7470188182617394,fms
2026-01-01 12:01:03.700,1.1735681759174748,0.23253145276826576,-1.2866866064793456,0.7693048687554065,fms
2026-01-01 12:01:03.750,1.1088000378373728,-0.033243758886911084,-1.263068308585519,0.8831140050038432,fms
2026-01-01 12:01:03.800,1.121642034278521,-0.42816903110722193,-1.0947365229636825,0.9249694565949423,fms
2026-01-01 12:01:03.850,0.8804082156099892,-0.7532309692812922,-0.6990633659420836,1.1089566372327464,fms
2026-01-01 12:01:03.900,0.7665804384998892,-0.7846606699559521,-0.38392349957832517,1.207163657909457,fms
2026-01-01 12:01:03.950,0.6628517623105157,-0.8185683005340288,-0.05990295255733655,1.1614745342251405,fms
2026-01-01 12:01:04.000,0.829949303162308,-0.7970659009125876,0.24359704245548916,1.0603562555082333,fms
2026-01-01 12:01:04.050,0.8581190481462283,-0.6588575682475567,0.5597987215057681,0.7831298028470731,fms
2026-01-01 12:01:04.100,1.1036804239777362,-0.6431313294564648,0.7284241604160135,0.44457742985871207,fms
2026-01-01 12:01:04.150,1.3036866674917875,-0.608038095372643,0.8457529250933553,-0.09613721599821502,fms
2026-01-01 12:01:04.200,1.4594148221382217,-0.7199443989854261,0.7506507744610991,-0.3995256312614968,fms
2026-01-01 12:01:04.250,1.4967452800027188,-0.8234820550789802,0.6752675878022801,-0.8070885272719797,fms
2026-01-01 12:01:04.300,1.564547558688817,-1.1674273153533055,0.7559793344722694,-1.0116582046740494,fms
2026-01-01 12:01:04.350,1.3902813264479472,-1.3069083853356953,0.580010984547503,-1.0924025203235004,fms
2026-01-01 12:01:04.400,1.1234757539685534,-1.535639933015918,0.753620176615834,-1.0310561700105931,fms
2026-01-01 12:01:04.450,0.8682973015582277,-1.5199662396321314,0.8751963545498286,-0.9395348174647795,fms
2026-01-01 12:01:04.500,0.6604127212290606,-1.4982488475962625,1.1232908569736166,-0.8665337703151107,fms
2026-01-01 12:01:04.550,0.5049169104181184,-1.3503803136308756,1.3353368010138618,-0.9015507434925648,fms
2026-01-01 12:01:04.600,0.4882784112959221,-1.0507523615364194,1.4725333104879945,-0.860809258922972,fms
2026-01-01 12:01:04.650,0.4425755162263779,-0.8116586577994029,1.5568806291691315,-0.9633876956253166,fms
2026-01-01 12:01:04.700,0.5707235454415721,-0.48188394197410195,1.3356850052158162,-1.0716613014586698,fms
2026-01-01 12:01:04.750,0.7255445949264051,-0.3357577168623435,1.0528242035388093,-1.0570701342356708,fms
2026-01-01 12:01:04.800,0.8465688803797046,-0.10998534898528062,0.7381359956981454,-1.0788936883976716,fms
2026-01-01 12:01:04.850,0.7582039721645057,-0.2558029503294408,0.3868550287238435,-1.0387462571844237,fms
2026-01-01 12:01:04.900,0.5503533086157001,-0.2735487432773405,0.004732887499899405,-0.8016844372740908,fms
2026-01-01 12:01:04.950,0.2863005408002194,-0.3883457261171035,-0.2606718534633632,-0.42669458044444,fms
2026-01-01 12:01:05.000,0.035930525464321045,-0.23392009267546915,-0.36183676151221855,-0.10950964885990294,fms
2026-01-01 12:01:05.050,-0.2718261651027605,-0.30891846775966725,-0.31892829325487737,0.3535897090654522,fms
2026-01-01 12:01:05.100,-0.5676725203436136,-0.03576558949752251,-0.40018494226116164,0.8104780757090682,fms
2026-01-01 12:01:05.150,-0.7328616532269321,0.2003309180456489,-0.2745456186081031,1.0251998270482208,fms
2026-01-01 12:01:05.200,-0.7476130718971219,0.5257177648880493,-0.39773017827312046,1.1858131441351503,fms
2026-01-01 12:01:05.250,-0.7092131488713304,0.9352637156579173,-0.48709857465587864,1.1646548540479675,fms
2026-01-01 12:01:05.300,-0.6164227782124948,1.1474278040862256,-0.5746624489623089,1.1493581323555209,fms
2026-01-01 12:01:05.350,-0.6031880249057839,1.4082438438024683,-0.8108435863117058,0.9315190585696066,fms
2026-01-01 12:01:05.400,-0.49047176407075027,1.400013934181332,-1.1826339520117828,0.7028374561390178,fms
2026-01-01 12:01:05.450,-0.5330079106441699,1.3509795074230966,-1.382801028090529,0.7993209998013089,fms
2026-01-01 12:01:05.500,-0.6415867896728349,1.0566113242059518,-1.5590956338420392,0.7618887441019152,fms
2026-01-01 12:01:05.550,-0.8947897129009068,0.9274055265326179,-1.5683013946754918,0.8658549278539382,fms
2026-01-01 12:01:05.600,-1.102935245330385,0.8630928361265702,-1.410933406904816,0.9435942596804263,fms
2026-01-01 12:01:05.650,-1.325517577281284,0.8103755311686982,-1.3233381347916413,0.9744588578324251,fms
2026-01-01 12:01:05.700,-1.5408472322823403,0.9029094282410758,-0.9498759287211072,0.9553118231558356,fms
2026-01-01 12:01:05.750,-1.5957344849364503,0.9404633404121873,-0.6383503179188409,0.7560807691085738,fms
2026-01-01 12:01:05.800,-1.470679101513233,1.1274399384083085,-0.3308463422694069,0.47754492136106685,fms
2026-01-01 12:01:05.850,-1.3403126743186504,1.1974592263090629,-0.1920860737659606,0.09026972834614588,fms
2026-01-01 12:01:05.900,-1.1635704634658104,1.2825946914912711,-0.07157747262015259,-0.405460712150008,fms
2026-01-01 12:01:05.950,-0.9283006677632714,1.2238407338441517,-0.004742355379232642,-0.7351805251256501,fms
2026-01-01 12:01:06.000,-0.7864941541977158,1.0126521125812957,-0.05167236507894073,-1.0948259635086985,fms
2026-01-01 12:01:06.050,-0.7954270550296869,0.6496600444475576,-0.05629483792732296,-1.2861951808572174,fms
2026-01-01 12:01:06.100,-0.6527781648015963,0.28765842012528303,-0.03816905506434129,-1.3709056174909013,fms
2026-01-01 12:01:06.150,-0.8481771151091999,0.04733604877285098,0.21766244834632992,-1.3471730593477673,fms
2026-01-01 12:01:06.200,-1.0774598313477186,-0.263724353974119,0.38167296683543567,-1.1528528165299565,fms
2026-01-01 12:01:06.250,-1.1152370653051307,-0.4438181621461124,0.8133105592964398,-0.9444689369630089,fms
2026-01-01 12:01:06.300,-1.150567170474681,-0.4986997086368872,1.129192524375033,-0.7607973070567633,fms
2026-01-01 12:01:06.350,-1.0674004462431823,-0.3735644035971996,1.3448231961507762,-0.7094184301443754,fms
2026-01-01 12:01:06.400,-0.7849093854780524,-0.3415109107151183,1.521740269325734,-0.6436980014545912,fms
2026-01-01 12:01:06.450,-0.48834713388112355,-0.17307860288296,1.530588375527606,-0.6868487442353733,fms
2026-01-01 12:01:06.500,-0.23313884892574352,-0.268809537670496,1.4583863758482518,-0.8028285129001468,fms
2026-01-01 12:01:06.550,0.010802977441437944,-0.4518979459927358,1.2968122319185564,-0.7363166103122638,fms
2026-01-01 12:01:06.600,0.2186978293414194,-0.6525712367610447,1.0733915691283573,-0.7030763601977023,fms
2026-01-01 12:01:06.650,0.4006857903741673,-0.8742635169909263,0.7025615925654018,-0.46980358001607825,fms
2026-01-01 12:01:06.700,0.31659002540712977,-1.2439150837904602,0.5629279171438508,-0.11108661353317914,fms
2026-01-01 12:01:06.750,0.3021920995051509,-1.3780796238751725,0.4006206917624517,0.23178625263246966,fms
2026-01-01 12:01:06.800,0.15302174962818585,-1.47088094905499,0.41978039455519905,0.6257835011029869,fms
2026-01-01 12:01:06.850,0.05372918571028993,-1.522764549641723,0.4228748212440715,1.050651712913819,fms
2026-01-01 12:01:06.900,0.18431835479175118,-1.3536888591829697,0.563945974697663,1.2920705584906496,fms
2026-01-01 12:01:06.950,0.23722154806647267,-1.1716729261072742,0.5013037645229514,1.500036836355891,fms
2026-01-01 12:01:07.000,0.5119196389067366,-1.0292412323634788,0.3291896389806598,1.5078061189124055,fms
2026-01-01 12:01:07.050,0.6705863467317652,-0.7550555992863748,0.12055082115238039,1.2958398299927487,fms
2026-01-01 12:01:07.100,1.0346484906859248,-0.6233586150821085,-0.05378352070074266,1.0506219772384602,fms
2026-01-01 12:01:07.150,1.2558581739614554,-0.5494529187216696,-0.5459775568789154,0.8159494333990273,fms
2026-01-01 12:01:07.200,1.4068092595806754,-0.4606789156664466,-0.8244167246588916,0.692248671481662,fms
2026-01-01 12:01:07.250,1.4885079781402482,-0.5682811272288548,-1.204478364490415,0.5760642795860961,fms
2026-01-01 12:01:07.300,1.3674452896901368,-0.8664430396922917,-1.3080775282110073,0.4358730155305325,fms
2026-01-01 12:01:07.350,1.1616206542718925,-0.7183645439586285,-1.4208567970033048,0.631704235247587,fms
2026-01-01 12:01:07.400,0.9316080757235558,-0.6715666178323138,-1.4204069454762263,0.5931023277190595,fms
2026-01-01 12:01:07.450,0.8045299204232782,-0.5604795319557396,-1.2246258591542671,0.5309951112580411,fms
2026-01-01 12:01:07.500,0.8033276957976279,-0.24958984320194477,-0.9611562867941212,0.3546659366539599,fms
2026-01-01 12:01:07.550,0.8720614947245384,0.22536749997196476,-0.8498369566851821,0.03409262554760158,fms
2026-01-01 12:01:07.600,1.0383447110688238,0.5024313689854322,-0.7577296380890768,-0.1843341123381643,fms
2026-01-01 12:01:07.650,1.159493562031586,0.8915821334637348,-0.7661299457863652,-0.6232917318837934,fms
2026-01-01 12:01:07.700,1.3370107533017068,1.0905137722793565,-0.7657968255555118,-1.0284796021193596,fms
2026-01-01 12:01:07.750,1.4702088672475482,1.0645836405013334,-0.9146024931969794,-1.3440090772740627,fms
2026-01-01 12:01:07.800,1.418821759830093,0.9713737235865563,-0.9765943037862083,-1.4685568636733208,fms
2026-01-01 12:01:07.850,1.2624003121882255,0.9654467145956526,-0.8665944147657588,-1.4617780897281691,fms
2026-01-01 12:01:07.900,1.009612468446551,0.7523864901653489,-0.7600525370813024,-1.406795267531448,fms
2026-01-01 12:01:07.950,0.7760185598740504,0.7902085487908526,-0.4744346851360689,-1.1908955125694731,fms
2026-01-01 12:01:08.000,0.5307856627843333,0.7509256311579434,-0.24393478593914833,-0.8749930181055923,fms
2026-01-01 12:01:08.050,0.29026923836495344,0.8270786042754621,0.2131223057184079,-0.7600810135544943,fms
2026-01-01 12:01:08.100,0.04397220495125935,1.03351424998312,0.49730528515457806,-0.4973094322065051,fms
2026-01-01 12:01:08.150,0.04851594876477774,1.257257405129267,0.8341141230552575,-0.37661176775361577,fms
2026-01-01 12:01:08.200,0.16470390009409855,1.4249824786780323,1.0078995899872478,-0.45821112123205715,fms
2026-01-01 12:01:08.250,0.31587737020683143,1.473123564728532,1.1769934470416812,-0.42690063643380904,fms
2026-01-01 12:01:08.300,0.36847300073454675,1.5388591861465304,1.1070503495401955,-0.39718348060969055,fms
2026-01-01 12:01:08.350,0.3581061793877954,1.2572883166547397,1.0691937539485106,-0.3275101784095952,fms
2026-01-01 12:01:08.400,0.22885567443203983,1.0652455731795154,0.9609615048019823,-0.12432361297762112,fms
2026-01-01 12:01:08.450,0.024196561616618345,0.7650344566019969,0.7620655658617129,0.13372721133767757,fms
2026-01-01 12:01:08.500,-0.2078812564191905,0.43625625444627053,0.7408638722956135,0.44159996543873725,fms
2026-01-01 12:01:08.550,-0.6042772225454143,0.1482570104498243,0.8970697172502324,0.8614000976511688,fms
2026-01-01 12:01:08.600,-0.8808511412626614,-0.048636997397934326,1.0016851024308513,1.1977111089743526,fms
2026-01-01 12:01:08.650,-1.1134064477076753,-0.010396283794168813,1.1286650039904143,1.4165629246877642,fms
2026-01-01 12:01:08.700,-1.156953183911329,0.04296188526060603,1.216498799130211,1.5306087615376232,fms
2026-01-01 12:01:08.750,-1.1794057949215615,0.059385968363262695,1.2002014025233159,1.4715777073196799,fms
2026-01-01 12:01:08.800,-0.9604000193104345,0.1032691140536088,1.147917244919548,1.308768531997058,fms
2026-01-01 12:01:08.850,-0.9118670232456028,0.062035561449266065,0.9324488472840964,0.9802308150169622,fms
2026-01-01 12:01:08.900,-0.7244304923970234,-0.0320052131084522,0.4950861279883571,0.7384249118635642,fms
2026-01-01 12:01:08.950,-0.7001729715444582,-0.3196320947623161,0.08198502334035918,0.4810540235280286,fms
2026-01-01 12:01:09.000,-0.8461489211866369,-0.6001151363863603,-0.20781129456884803,0.3112535516885706,fms
2026-01-01 12:01:09.050,-0.9161183759722215,-0.9363877461380723,-0.4986297063478333,0.24505666264767992,fms
2026-01-01 12:01:09.100,-1.1102090849139448,-1.2666221744686756,-0.7412933387670019,0.20059497576025007,fms
2026-01-01 12:01:09.150,-1.4229081180930487,-1.450926197057855,-0.8281184526435591,0.1979145890890373,fms
2026-01-01 12:01:09.200,-1.54019278761317,-1.4159246180565146,-0.7115890895568623,0.1320432067062767,fms
2026-01-01 12:01:09.250,-1.5787785808345025,-1.4285947573589297,-0.7371009015563293,0.0681325125405857,fms
2026-01-01 12:01:09.300,-1.521647694670079,-1.2212421956501056,-0.6573816553790893,-0.24444595419870338,fms
2026-01-01 12:01:09.350,-1.3802882804442016,-1.0269795989206227,-0.664039512074498,-0.4365683095225563,fms
2026-01-01 12:01:09.400,-1.1440849458806972,-0.8394568968593126,-0.6819068209667288,-0.7337144240503234,fms
2026-01-01 12:01:09.450,-0.8509658693005957,-0.8144831588656587,-0.8828771246228169,-1.1747093292172601,fms
2026-01-01 12:01:09.500,-0.6661258742918383,-0.7764122077538815,-1.0386830275923769,-1.4127435310436964,fms
2026-01-01 12:01:09.550,-0.4378542716536004,-0.8087349833887612,-1.343803412824841,-1.4978378080679957,fms
2026-01-01 12:01:09.600,-0.41490735977586163,-0.9401231115939358,-1.5375163002646275,-1.609922908368747,fms
2026-01-01 12:01:09.650,-0.5490316405387278,-1.1163416741564915,-1.4617027634981965,-1.4657777842196706,fms
2026-01-01 12:01:09.700,-0.5561783917369938,-1.030371976849703,-1.3947169022115906,-1.1913118662971702,fms
2026-01-01 12:01:09.750,-0.7395377932968082,-1.1296270180737493,-1.065971419107248,-0.8982662178779748,fms
2026-01-01 12:01:09.800,-0.7235731509638805,-0.9093291764382135,-0.7362915010014414,-0.4884467165409347,fms
2026-01-01 12:01:09.850,-0.6927021552049734,-0.6628610922583122,-0.40385969371361297,-0.16986803331518358,fms
2026-01-01 12:01:09.900,-0.5906075096457402,-0.24986238322338405,-0.12709924271249595,-0.12526336885875786,fms
2026-01-01 12:01:09.950,-0.24018097351632256,-6.744047664141231e-05,0.1724579564531303,-0.023110500320591178,fms
2026-01-01 12:01:10.000,0.005209816647869831,0.3483736879126503,0.39108704397172234,0.010669745939285998,fms
2026-01-01 12:01:10.050,0.2801246253410857,0.577511880522185,0.44070677521547197,0.048400902169260684,fms
2026-01-01 12:01:10.100,0.6369514541892782,0.6980294301494672,0.2751405513354932,0.29458490995652076,fms
2026-01-01 12:01:10.150,0.779904632208715,0.6870557568590172,0.32518320216284674,0.1548643303095138,fms
2026-01-01 12:01:10.200,0.8121687832658273,0.5502899214542911,0.25027084771839747,0.49498885314833724,fms
2026-01-01 12:01:10.250,0.6457611679130197,0.501234500226744,0.4856964480278526,0.7760422534057992,fms
2026-01-01 12:01:10.300,0.7124216763643897,0.5651464754549512,0.6837234161165763,1.0588314625486475,fms
2026-01-01 12:01:10.350,0.5121478148088685,0.4184697492264077,0.9023230133912171,1.3489614341989418,fms
2026-01-01 12:01:10.400,0.452308468053546,0.6138754574784168,1.016950831837709,1.5404380961138922,fms
2026-01-01 12:01:10.450,0.5091712246456833,0.9810357442203086,1.3684205128170965,1.597132004727443,fms
2026-01-01 12:01:10.500,0.5056812245608315,1.1171298703335395,1.5073104550204288,1.496115453898278,fms
2026-01-01 12:01:10.550,0.8411958379470926,1.3058734653892825,1.6381332184815782,1.2342380145112788,fms
2026-01-01 12:01:10.600,1.129307749640459,1.6003668806182485,1.506409377967589,0.936094304585961,fms
2026-01-01 12:01:10.650,1.422328717975739,1.555522868973005,1.3055197655235513,0.5873713781188794,fms
2026-01-01 12:01:10.700,1.5345705845293278,1.4235293190519873,1.0520480650774107,0.24513540903255976,fms
2026-01-01 12:01:10.750,1.6488228369804956,1.2702694175300497,0.6537706421406997,-0.021372095958339797,fms
2026-01-01 12:01:10.800,1.514317323619654,1.0443434228226105,0.32752209478461936,-0.16533855425714622,fms
2026-01-01 12:01:10.850,1.3571280810579562,0.8365406774839449,0.11842508648259381,-0.18068147471463067,fms
2026-01-01 12:01:10.900,1.0912637497550788,0.5699660169138855,0.02257900471921875,-0.3346521920145528,fms
2026-01-01 12:01:10.950,0.902651554568705,0.5005355038109018,0.05483630108960508,-0.28482026216414524,fms
2026-01-01 12:01:11.000,0.8076757053100402,0.40393313605008446,0.003192916910366571,-0.33810226096579493,fms
2026-01-01 12:01:11.050,0.7667152883285738,0.5225766971004266,-0.03851190936372331,-0.5376305584153059,fms
2026-01-01 12:01:11.100,0.7125650857015392,0.5324059229490854,0.09033688011022956,-0.7378143483074145,fms
2026-01-01 12:01:11.150,0.7391902836896626,0.5861533888248145,-0.18600721304427226,-0.9607635981650767,fms
2026-01-01 12:01:11.200,1.006939386402923,0.5213267473248203,-0.41528481809260703,-1.2031180528598329,fms
2026-01-01 12:01:11.250,1.0992502851184411,0.4082397276469402,-0.7021286421149994,-1.463627955149214,fms
2026-01-01 12:01:11.300,1.0814760029010695,0.1428699321646417,-1.1099979591256006,-1.5594022969651862,fms
2026-01-01 12:01:11.350,1.1524305992001473,-0.14750746957737934,-1.3137678513807063,-1.5480917713337672,fms
2026-01-01 12:01:11.400,0.8915990092365884,-0.5879841441830301,-1.6067048721478294,-1.4705644777668232,fms
2026-01-01 12:01:11.450,0.5813919925544089,-0.8623506613142518,-1.5827232888675349,-0.9823842662226835,fms
2026-01-01 12:01:11.500,0.18434450959928045,-1.0892329557193838,-1.5304044227513562,-0.6764884514374986,fms
2026-01-01 12:01:11.550,-0.055619914020291955,-1.2066564084177793,-1.2954832443450663,-0.22535068930809166,fms
2026-01-01 12:01:11.600,-0.2540981610455697,-1.1925429974013857,-1.1040247433825907,0.11397774934480676,fms
2026-01-01 12:01:11.650,-0.2759005837263008,-1.1311534349965386,-0.770631287290418,0.4116995880590728,fms
2026-01-01 12:01:11.700,-0.3557365116320404,-1.0261841318066391,-0.5525259863820162,0.3919626337565908,fms
2026-01-01 12:01:11.750,-0.22080962447800234,-0.7359142116157069,-0.4147974051050938,0.5294373329933801,fms
2026-01-01 12:01:11.800,-0.11238745601271094,-0.7770965265337361,-0.4833206879699248,0.5420603106250207,fms
2026-01-01 12:01:11.850,-0.09310934367533336,-0.8238541330809795,-0.4047686605815962,0.5353358724318351,fms
2026-01-01 12:01:11.900,-0.19182434412135602,-0.9617690765358953,-0.4360304382971503,0.5264697503374481,fms
2026-01-01 12:01:11.950,-0.2605222311616372,-1.2178857707467432,-0.5641474717395297,0.6642054457648204,fms
2026-01-01 12:01:12.000,-0.557270454708254,-1.1942595650002052,-0.34859343454637265,0.8172242609298173,fms
2026-01-01 12:01:12.050,-0.757192675189008,-1.3696969584743168,-0.18835448498627458,1.0776255431112118,fms
2026-01-01 12:01:12.100,-0.976457924868507,-1.4006592127156048,0.11234107333584299,1.3332141161800004,fms
2026-01-01 12:01:12.150,-1.2306826242837599,-1.3006118306344123,0.4711239502631621,1.4697228429831393,fms
2026-01-01 12:01:12.200,-1.4418027809006035,-1.0633255859917576,0.8135908853272761,1.4873931890983618,fms
2026-01-01 12:01:12.250,-1.4591670334921472,-0.6168548580313002,1.1056859533267664,1.2747197660569085,fms
2026-01-01 12:01:12.300,-1.3319693441919027,-0.3604264979145402,1.4203622039002184,1.0862752104403233,fms
2026-01-01 12:01:12.350,-1.1890648891971045,-0.1688697559430247,1.4003115969810758,0.7327410086511189,fms
2026-01-01 12:01:12.400,-1.0181356750583461,0.11078224453457183,1.3379268835038836,0.27756780509168827,fms
2026-01-01 12:01:12.450,-0.7545525555357622,0.1607188220881735,1.228697110387301,-0.0603863436262541,fms
2026-01-01 12:01:12.500,-0.8273952273286804,0.1946195477277662,1.0255206256521348,-0.3652896419372222,fms
2026-01-01 12:01:12.550,-0.8963661614034868,0.17190528890691287,0.8279337077529894,-0.5962902309479255,fms
2026-01-01 12:01:12.600,-0.9302838894469975,0.04934196384512604,0.6669164457679715,-0.6911123275622971,fms
2026-01-01 12:01:12.650,-1.15195333403615,0.11562224578120778,0.6302569259131812,-0.6266746400543562,fms
2026-01-01 12:01:12.700,-1.387814750635033,0.20976003925165174,0.6705220940281376,-0.6290550736928909,fms
2026-01-01 12:01:12.750,-1.312514180962199,0.40177843613875996,0.8661443769686648,-0.7221500217418333,fms
2026-01-01 12:01:12.800,-1.4293832580043737,0.5429646337371004,0.9673479538993701,-0.7177567202414078,fms
2026-01-01 12:01:12.850,-1.1855668379937585,0.8990143772455386,0.9585747523201098,-0.7748745943921364,fms
2026-01-01 12:01:12.900,-0.9318524842484586,1.2302324082131635,0.7221965258632623,-1.0459121310166826,fms
2026-01-01 12:01:12.950,-0.769652358573158,1.4206811835641093,0.5932268311965739,-1.1433654569281986,fms
2026-01-01 12:01:13.000,-0.4909406905435697,1.5924447414040819,0.19877524609194686,-1.3457506189175443,fms
2026-01-01 12:01:13.050,-0.26059372262185493,1.513063275177104,-0.16844776129569453,-1.4197227929489526,fms
2026-01-01 12:01:13.100,-0.17121379373414122,1.3069702120519398,-0.5457849687566929,-1.2623671328662944,fms
2026-01-01 12:01:13.150,-0.0778504039995186,1.1545481668668267,-0.9370659217631722,-1.1942135618836707,fms
2026-01-01 12:01:13.200,-0.17366350245223883,0.9949609969964186,-1.1024801177958399,-0.7940371182490127,fms
2026-01-01 12:01:13.250,-0.1858502697073578,0.7803762448389538,-1.175778735560478,-0.22725220679194397,fms
2026-01-01 12:01:13.300,-0.3277472161900712,0.6903546467499427,-1.1891654701431125,0.11743636328088305,fms
2026-01-01 12:01:13.350,-0.30512378739539825,0.7451190665475441,-1.0559990860362785,0.5034663536925746,fms
2026-01-01 12:01:13.400,-0.14116682099789032,0.6998675798048586,-0.9181091188207614,0.7489926333919253,fms
2026-01-01 12:01:13.450,-0.0827091140225384,0.8572856229681143,-0.8103182268517406,0.8449253118547496,fms
2026-01-01 12:01:13.500,0.18179195926890812,0.8816572625499614,-0.7833180216824054,0.8940407861971005,fms
2026-01-01 12:01:13.550,0.5374348245405922,1.0105249608287348,-0.8509741511900725,0.8601725858345145,fms
2026-01-01 12:01:13.600,0.8270747589270353,0.7987161947087066,-0.9629808494351907,0.7626765405324272,fms
2026-01-01 12:01:13.650,1.1168813571201057,0.599793425904143,-1.1396068379327247,0.7306692681249224,fms
2026-01-01 12:01:13.700,1.1546522655800018,0.2694578778793521,-1.2059799347813187,0.7385319131244248,fms
2026-01-01 12:01:13.750,1.0648949232459122,-0.05734766362677311,-1.1810139408034275,0.8768154351619135,fms
2026-01-01 12:01:13.800,0.9749541775228839,-0.3390294248855665,-1.076772790246358,1.0973854280316657,fms
2026-01-01 12:01:13.850,0.8350818049385138,-0.6398844466524533,-0.8664367885920632,1.117785272270581,fms
2026-01-01 12:01:13.900,0.7080843733399705,-0.7440051984718227,-0.5693168746101045,1.2308965257895308,fms
2026-01-01 12:01:13.950,0.7115464315432348,-0.9000920775493193,-0.1139910900782562,1.2365565801117675,fms
2026-01-01 12:01:14.000,0.8229332432266266,-0.8774461705244818,0.3580387983587301,1.09071278359142,fms
2026-01-01 12:01:14.050,0.8836652006521382,-0.7968525165199607,0.518709513746009,0.8422770467381293,fms
2026-01-01 12:01:14.100,1.0431167125580165,-0.5986379807184926,0.7143422750688327,0.34857228311057087,fms
2026-01-01 12:01:14.150,1.2840496862179815,-0.6329707086213845,0.8286585983736845,-0.10136093788805532,fms
2026-01-01 12:01:14.200,1.4626500439980994,-0.7332712531838892,0.7991960933693292,-0.40214240541306046,fms
2026-01-01 12:01:14.250,1.6781913869485796,-0.9187492827891494,0.7708565611909429,-0.7195525249827147,fms
2026-01-01 12:01:14.300,1.6026535260596715,-1.0855935362576088,0.7290263819894531,-0.9110004951865145,fms
2026-01-01 12:01:14.350,1.3663058836849165,-1.3326711207431323,0.7530340853843487,-1.0638793409552258,fms
2026-01-01 12:01:14.400,1.0982945225395695,-1.5876770301947845,0.7569794290594185,-0.9812006666480765,fms
2026-01-01 12:01:14.450,0.8897874090237587,-1.5372647665646333,0.8808664879631275,-0.9769534695602042,fms
2026-01-01 12:01:14.500,0.6209728612126167,-1.5306045970793711,1.20661397374661,-0.8419727447647405,fms
2026-01-01 12:01:14.550,0.47614000001074713,-1.309024084310443,1.22326463678472,-0.9040063374172987,fms
2026-01-01 12:01:14.600,0.5285232228719771,-0.9627313567986613,1.434703665098161,-0.8788548924042725,fms
2026-01-01 12:01:14.650,0.44129181336640383,-0.7150316462758932,1.4825452538834805,-0.8756777609169761,fms
2026-01-01 12:01:14.700,0.6615864204153052,-0.5360631346775486,1.3378439873327732,-0.97476089230667,fms
2026-01-01 12:01:14.750,0.6891375321333727,-0.2554837656121822,1.0682342861569958,-1.0184086099703642,fms
2026-01-01 12:01:14.800,0.7625385023412088,-0.309920233587179,0.7250511348469516,-1.1701584054462701,fms
2026-01-01 12:01:14.850,0.7696093947903602,-0.2045469736567069,0.3388011814502078,-1.0806356471247731,fms
2026-01-01 12:01:14.900,0.5910247347006441,-0.30259458603580563,0.0947221253951542,-0.8270913057095823,fms
2026-01-01 12:01:14.950,0.32429381599258245,-0.3460232703160807,-0.2016227375294449,-0.49037561999101636,fms
2026-01-01 12:01:15.000,-0.10434539963083497,-0.3295891728389106,-0.31862167613813314,-0.02432405867345798,fms
2026-01-01 12:01:15.050,-0.3075566107718333,-0.3007701240594485,-0.4235413331858677,0.2801419595376076,fms
2026-01-01 12:01:15.100,-0.6614431281603282,-0.050202445829244186,-0.40313522849918704,0.7765222596820603,fms
2026-01-01 12:01:15.150,-0.711828187705056,0.2757044467698112,-0.37772734639121874,0.9581764329271393,fms
2026-01-01 12:01:15.200,-0.7730665546046349,0.582381415615888,-0.39658392375175955,1.2473769758789286,fms
2026-01-01 12:01:15.250,-0.6701184976220466,0.8791936360826701,-0.376956163908168,1.196834489690832,fms
2026-01-01 12:01:15.300,-0.6618827371922851,1.200517460770313,-0.5184603038661807,1.1185495864638775,fms
2026-01-01 12:01:15.350,-0.43886707877056647,1.3341922738515988,-0.8607265546658627,0.9861151093458286,fms
2026-01-01 12:01:15.400,-0.49359806051954114,1.3635420621790157,-1.1451350326929448,0.8478317421628006,fms
2026-01-01 12:01:15.450,-0.5512455098066155,1.3015540165349155,-1.3896219629757123,0.8383306955329566,fms
2026-01-01 12:01:15.500,-0.6177369350051407,1.0519511680071592,-1.4449191059654984,0.7706948114909856,fms
2026-01-01 12:01:15.550,-0.9447736401562539,1.0150170415178965,-1.5773731660027963,0.8468657885080736,fms
2026-01-01 12:01:15.600,-1.1185285569592813,0.95106152357962,-1.3924587308352006,0.9419069217386119,fms
2026-01-01 12:01:15.650,-1.349467697623213,0.745928637896819,-1.3149675344595098,1.018836971458796,fms
2026-01-01 12:01:15.700,-1.5477432085152651,0.8946789786963104,-0.8430686977814775,0.9027650786286163,fms
2026-01-01 12:01:15.750,-1.662291200013245,0.9244567318589723,-0.6051625283770312,0.676692745780615,fms
2026-01-01 12:01:15.800,-1.4433581250257717,1.1548774518311822,-0.32807583801520634,0.4208121662730871,fms
2026-01-01 12:01:15.850,-1.3544034849694973,1.24849574930305,-0.15315520108083616,0.12021053581219408,fms
2026-01-01 12:01:15.900,-1.0888333860498065,1.2556283797984593,-0.10921560840818578,-0.28984871115314054,fms
2026-01-01 12:01:15.950,-0.8789434718512299,1.2249760214618712,0.06183218673016036,-0.7487827071520896,fms
2026-01-01 12:01:16.000,-0.8194460009833604,1.0717773310939662,0.015632311799750248,-0.9830185689147717,fms
2026-01-01 12:01:16.050,-0.678184539516949,0.7502166315686003,-0.03586276722998144,-1.2433877917382088,fms
2026-01-01 12:01:16.100,-0.7520921544301591,0.33509922769322703,-0.03582061041733334,-1.2853249541597962,fms
2026-01-01 12:01:16.150,-0.8653719952169465,0.13535095836973432,0.159281748533499,-1.2698083265677749,fms
2026-01-01 12:01:16.200,-1.0298184759856437,-0.12528364605952746,0.342949304461072,-1.1300809706262183,fms
2026-01-01 12:01:16.250,-1.0502857201089648,-0.38314639819898766,0.7738994319302487,-0.9472755706664752,fms
2026-01-01 12:01:16.300,-1.1019154106663267,-0.3507297534962292,0.985232062598854,-0.79134430108249,fms
2026-01-01 12:01:16.350,-1.0495302966986055,-0.5025856728080639,1.3625293829411325,-0.7266803807387344,fms
2026-01-01 12:01:16.400,-0.8672167415202855,-0.3767817535442026,1.6686932771850513,-0.678094317260046,fms
2026-01-01 12:01:16.450,-0.5085722527485307,-0.3220254928569436,1.5672557507973144,-0.7561959565889963,fms
2026-01-01 12:01:16.500,-0.2945804117361378,-0.29215764678312106,1.485979922830812,-0.7827531961580027,fms
2026-01-01 12:01:16.550,0.028788195806634956,-0.3725026868805471,1.2287006292979643,-0.7446840762916822,fms
2026-01-01 12:01:16.600,0.2202390294548359,-0.6494112047153366,1.0353050670310744,-0.7062113331550113,fms
2026-01-01 12:01:16.650,0.35446350551169026,-0.9509070875859612,0.7302468099925286,-0.4472364521531696,fms
2026-01-01 12:01:16.700,0.3156199443611561,-1.2527745235243797,0.628411388823533,-0.13209734537825074,fms
2026-01-01 12:01:16.750,0.27238730963241203,-1.3759816016592914,0.5683154385421761,0.2299949621084903,fms
2026-01-01 12:01:16.800,0.11623727199359041,-1.6289318907864037,0.4701176124311801,0.5957212812927235,fms
2026-01-01 12:01:16.850,0.047395052375707236,-1.585522020851827,0.37205191480810923,1.032376871749995,fms
2026-01-01 12:01:16.900,0.18632715561685914,-1.5075914255026064,0.4734760142140627,1.381244013165482,fms
2026-01-01 12:01:16.950,0.13442286954149474,-1.290793190416545,0.5138796384195233,1.4986746741478902,fms
2026-01-01 12:01:17.000,0.4097218534440236,-0.9934092038872226,0.436288807511466,1.4007234935595871,fms
2026-01-01 12:01:17.050,0.7581830173852434,-0.88230805496882,0.24059926293057624,1.2908561088743007,fms
2026-01-01 12:01:17.100,1.0454115974786067,-0.5924380959609387,0.020148479225199273,1.088866731162792,fms
2026-01-01 12:01:17.150,1.2739705285581004,-0.5037600647330875,-0.4409278327063563,0.8080076324488784,fms
2026-01-01 12:01:17.200,1.3553121127254453,-0.557434994368158,-0.8151620225636705,0.7233311459660315,fms
2026-01-01 12:01:17.250,1.3933933332393083,-0.7497907661452236,-1.000504303582043,0.4767361533096466,fms
2026-01-01 12:01:17.300,1.223207109566259,-0.8531927033656292,-1.2720316501343565,0.5718226148976353,fms
2026-01-01 12:01:17.350,1.1354340273274994,-0.759597297728105,-1.4582599011384796,0.5340163817849922,fms
2026-01-01 12:01:17.400,0.9598985507635411,-0.7345580458687462,-1.3564509752453824,0.5161821051828197,fms
2026-01-01 12:01:17.450,0.849976108450786,-0.5298966733340205,-1.2041400501057107,0.6113119981587257,fms
2026-01-01 12:01:17.500,0.8706896345767806,-0.331868931763794,-1.0235631880571867,0.38219590113863117,fms
2026-01-01 12:01:17.550,0.9441305539826643,0.09520470302312684,-0.8803398118100255,0.09331448847353253,fms
2026-01-01 12:01:17.600,0.9221753696242231,0.5288994395893495,-0.7794031765376122,-0.1981993279017613,fms
2026-01-01 12:01:17.650,1.1110847154381265,0.8232445894330209,-0.7450767486644438,-0.6466582664202938,fms
2026-01-01 12:01:17.700,1.3870788772281717,1.0072330027644048,-0.781979086787784,-1.0113105295905258,fms
2026-01-01 12:01:17.750,1.4610016395517054,1.0139693683451556,-0.8190945085884481,-1.2259039298233723,fms
2026-01-01 12:01:17.800,1.445178535712656,0.9579816616991237,-0.9520556850822953,-1.5162843034876774,fms
2026-01-01 12:01:17.850,1.3056972670431088,0.8401417073059861,-0.9588038720291504,-1.469313381106298,fms
2026-01-01 12:01:17.900,1.1176092069892736,0.8167068082569213,-0.7599670272271515,-1.4338547075374628,fms
2026-01-01 12:01:17.950,0.6627311679045644,0.7356926679067268,-0.39789128579582034,-1.2256316712162616,fms
2026-01-01 12:01:18.000,0.40056081141441985,0.7856341451818479,-0.214340048361367,-0.9687173929022304,fms
2026-01-01 12:01:18.050,0.15551288224293025,0.8964854451158696,0.2127648972637239,-0.6442546398184612,fms
2026-01-01 12:01:18.100,0.018416095112998382,1.0471504963484424,0.6740452529624353,-0.5041329216422619,fms
2026-01-01 12:01:18.150,0.033064962053760125,1.1447938584794635,0.8479860100260741,-0.38809112766555837,fms
2026-01-01 12:01:18.200,0.21612096367756672,1.440576803695038,1.1081461240530666,-0.39140679379142745,fms
2026-01-01 12:01:18.250,0.2740828858860053,1.5314692057746628,1.128770152515107,-0.3988918724061953,fms
2026-01-01 12:01:18.300,0.34697047834691963,1.5247714479013443,1.2420494675871978,-0.3317687290063245,fms
2026-01-01 12:01:18.350,0.3011413938776981,1.3053584143248524,1.0118390825723282,-0.2615449489833112,fms
2026-01-01 12:01:18.400,0.27235696477194865,1.0254859042454472,0.9002582295780734,-0.1732085903001861,fms
2026-01-01 12:01:18.450,0.001695147148147641,0.7137872655675794,0.8819189310908232,0.2045515193885004,fms
2026-01-01 12:01:18.500,-0.22823855404057364,0.4657040516034452,0.7754030418200926,0.48534373208918125,fms
2026-01-01 12:01:18.550,-0.55781213995209,0.1934052274573811,0.886007748556392,0.9421720017644813,fms
2026-01-01 12:01:18.600,-0.8030642760017694,0.005288041436681885,0.9653425711080416,1.3035775486766819,fms
2026-01-01 12:01:18.650,-0.9583861138003659,-0.030640932853719757,1.1966869993620355,1.469627422149224,fms
2026-01-01 12:01:18.700,-1.1599930268870384,-0.061822969005169245,1.282545290450618,1.5789526893243018,fms
2026-01-01 12:01:18.750,-1.1148363366520837,0.06851800026266588,1.2327992185313925,1.5833497662389144,fms
2026-01-01 12:01:18.800,-1.1070441319675428,0.032860525403761554,1.1461437716971716,1.2860890517404833,fms
2026-01-01 12:01:18.850,-0.9182062241320065,0.06753898825873439,0.8940581379861454,0.9961338557627841,fms
2026-01-01 12:01:18.900,-0.7853399455085999,0.03905132868221779,0.5125055762196035,0.812199940303244,fms
2026-01-01 12:01:18.950,-0.7351639540416898,-0.2689153139133215,0.19028715547952452,0.533579550253461,fms
2026-01-01 12:01:19.000,-0.840025121047907,-0.7294558698546862,-0.26385493749348765,0.27038400700116694,fms
2026-01-01 12:01:19.050,-0.9213377313207229,-0.925897770609413,-0.6378944348494093,0.20932215104610044,fms
2026-01-01 12:01:19.100,-1.0402940468767523,-1.1609829862065257,-0.7675594158733543,0.1262817933222966,fms
2026-01-01 12:01:19.150,-1.3284567879694598,-1.4010261774496777,-0.8451972261139787,0.22632992793746567,fms
2026-01-01 12:01:19.200,-1.529119813477344,-1.497667409183807,-0.8791979119873862,0.10872527808228294,fms
2026-01-01 12:01:19.250,-1.5886220682737058,-1.3844154854613406,-0.7065750935053703,-0.024749135916582614,fms
2026-01-01 12:01:19.300,-1.562666827966719,-1.242521493645783,-0.6843568254799952,-0.24411316085154386,fms
2026-01-01 12:01:19.350,-1.3548969173462377,-1.0596490791375759,-0.6910897114292939,-0.4811842294629159,fms
2026-01-01 12:01:19.400,-1.123653093355799,-1.0032704050688352,-0.8397246286048125,-0.7419453610473258,fms
2026-01-01 12:01:19.450,-0.8455158934079401,-0.7527226582176825,-0.9096713608506605,-1.2452576257314103,fms
2026-01-01 12:01:19.500,-0.6465932052984538,-0.6701775315523427,-1.0598238881231543,-1.38598128445688,fms
2026-01-01 12:01:19.550,-0.5829547304648042,-0.7552243649187809,-1.339818266100691,-1.576747925283373,fms
2026-01-01 12:01:19.600,-0.5017861427392456,-1.0166162324413404,-1.4174988895329361,-1.5466574302322846,fms
2026-01-01 12:01:19.650,-0.5374501614384097,-1.1207338193360263,-1.3983430342193048,-1.3538046861919586,fms
2026-01-01 12:01:19.700,-0.6240582802838135,-1.1193082668523502,-1.283481271158495,-1.211743022454167,fms
2026-01-01 12:01:19.750,-0.7259667941826792,-1.1750541069634384,-1.125483346970515,-0.7320342935091753,fms
2026-01-01 12:01:19.800,-0.8051244188035261,-0.9222315381914677,-0.8042470849226194,-0.4365398955271089,fms
2026-01-01 12:01:19.850,-0.7299068011221705,-0.7410199096639574,-0.4280669317132647,-0.20788393555433277,fms
2026-01-01 12:01:19.900,-0.66051019200974,-0.3591252516969657,-0.06263615223632939,-0.10257385183836684,fms
2026-01-01 12:01:19.950,-0.3455215063360747,0.04804971768703307,0.025772094283873892,0.023230559234701027,fms
2026-01-01 12:01:20.000,0.031169838042011646,0.38116218931821644,0.35837918779839545,0.038828438430446595,fms
2026-01-01 12:01:20.050,0.3339889866234414,0.5711939100084067,0.4255028461792296,0.19209034774817,fms
2026-01-01 12:01:20.100,0.5629541508037597,0.6792391354877748,0.33216200351167413,0.13822146071449748,fms
2026-01-01 12:01:20.150,0.772092809369642,0.5554602161445669,0.45705164695770917,0.2619265333380765,fms
2026-01-01 12:01:20.200,0.9417271216843244,0.5560776145347369,0.4029770851567066,0.48838234742512776,fms
2026-01-01 12:01:20.250,0.7516926902302267,0.5317552026543108,0.4266152618255323,0.7682449904714166,fms
2026-01-01 12:01:20.300,0.702386753940381,0.5105711225990806,0.6332201458178429,1.048938655206939,fms
2026-01-01 12:01:20.350,0.5863540908264313,0.4816975379788914,0.8869076391925527,1.3251836178086625,fms
2026-01-01 12:01:20.400,0.4148541326448085,0.6576017694050595,1.2100152584484951,1.6009742689495559,fms
2026-01-01 12:01:20.450,0.5606645435716913,0.894976578604596,1.3823000004724477,1.5850105632294744,fms
2026-01-01 12:01:20.500,0.6495685606458564,1.1470396449254985,1.5137471162559033,1.4699603851213523,fms
2026-01-01 12:01:20.550,0.9627948734878268,1.4463049647988038,1.6274034377322475,1.256265460606818,fms
2026-01-01 12:01:20.600,1.088008653225385,1.5759037348518496,1.4560860729586762,0.9015545841756925,fms
2026-01-01 12:01:20.650,1.3451753446922885,1.5442410918670275,1.1801396320371276,0.5365004596935604,fms
2026-01-01 12:01:20.700,1.4498829553084662,1.5116881608483128,0.934649717204452,0.24535187745472697,fms
2026-01-01 12:01:20.750,1.5449142866352439,1.3282286730306494,0.6086857519802069,-0.1160653012096247,fms
2026-01-01 12:01:20.800,1.4879701737095734,1.0484503912705279,0.29103089601876114,-0.17402271648567932,fms
2026-01-01 12:01:20.850,1.3836040218161267,0.7478827456656129,0.13084922012708305,-0.3480109875508667,fms
2026-01-01 12:01:20.900,1.1148560202925497,0.5959894906521517,-0.03173571633825428,-0.43666508364107226,fms
2026-01-01 12:01:20.950,0.8567656563127296,0.40300512876990413,-0.03900466326855004,-0.19494387981730954,fms
2026-01-01 12:01:21.000,0.7335838201572551,0.3469285957374809,0.09298071976173206,-0.31948014969108934,fms
2026-01-01 12:01:21.050,0.702819913690234,0.4041589535123314,0.06308791160353455,-0.5221439283152725,fms
2026-01-01 12:01:21.100,0.8338918094216919,0.49799982751083577,0.010558506307678291,-0.6529952181115823,fms
2026-01-01 12:01:21.150,0.8488277281766189,0.6077177217750531,-0.124688024060745,-1.0376582831234118,fms
2026-01-01 12:01:21.200,1.057350764408246,0.49512489762069023,-0.39503900880293796,-1.214258395871039,fms
2026-01-01 12:01:21.250,1.1194182271699598,0.384390984542214,-0.7732612409986824,-1.4383613040313359,fms
2026-01-01 12:01:21.300,1.189744115515237,0.084799642635591,-1.0169706920183392,-1.4859002108499149,fms
2026-01-01 12:01:21.350,0.9739192011821114,-0.20413390517635943,-1.3531671532285385,-1.5328651396560191,fms
2026-01-01 12:01:21.400,0.8604517804485675,-0.49933541968087947,-1.5323037705905131,-1.3178953854205415,fms
2026-01-01 12:01:21.450,0.5397854700262398,-0.8043050683455547,-1.530434926437398,-1.0667016749190974,fms
2026-01-01 12:01:21.500,0.18437290442355675,-1.0924648183992414,-1.5182356207800662,-0.7091254236195497,fms
2026-01-01 12:01:21.550,-0.017396206062661262,-1.2512687707994465,-1.2893926515449285,-0.3743705910372355,fms
2026-01-01 12:01:21.600,-0.3195604176996423,-1.2448994796015413,-1.0158787397537374,0.0903157142392531,fms
2026-01-01 12:01:21.650,-0.3256902124401933,-1.2077825370906623,-0.7247004219689454,0.3355294147831541,fms
2026-01-01 12:01:21.700,-0.2982850704415984,-1.011154388570571,-0.6143798030697138,0.4498205155954651,fms
2026-01-01 12:01:21.750,-0.32767907775504945,-0.8261728242733684,-0.45556510347884877,0.4917649512609028,fms
2026-01-01 12:01:21.800,-0.15882113015631008,-0.8476763901548918,-0.5011904005262349,0.6220707513148145,fms
2026-01-01 12:01:21.850,-0.14073990680424053,-0.8693945055633957,-0.46608547468435546,0.5002411706654548,fms
2026-01-01 12:01:21.900,-0.0727651722094316,-0.9562288356523837,-0.44432127681487704,0.6053456756361025,fms
2026-01-01 12:01:21.950,-0.2701322960819268,-1.1976082233991354,-0.4584517449996186,0.7403508645390279,fms
2026-01-01 12:01:22.000,-0.5562975554704735,-1.304253316348425,-0.3778330355972485,0.8678510552669639,fms
2026-01-01 12:01:22.050,-0.8337923040438762,-1.4065736125725006,-0.10794109702151708,1.0925919557903674,fms
2026-01-01 12:01:22.100,-0.9657399174216732,-1.416403419802674,0.1613584935373274,1.3421081487538091,fms
2026-01-01 12:01:22.150,-1.3777438890591225,-1.2587480153178745,0.4784821204500535,1.4612964031385716,fms
2026-01-01 12:01:22.200,-1.3777502784931328,-1.0589718132015455,0.8398349264188945,1.4787285149274765,fms
2026-01-01 12:01:22.250,-1.3612164582179156,-0.7815450070106742,1.1884423319677582,1.4228699637354207,fms
2026-01-01 12:01:22.300,-1.2227966602919,-0.43032022657890784,1.3934160309749204,1.0033297987370466,fms
2026-01-01 12:01:22.350,-1.2419796749795362,-0.08730905100500351,1.3700830119594778,0.7033749961925243,fms
2026-01-01 12:01:22.400,-0.969775831791634,0.10002714278435067,1.338041050421735,0.26144798806545616,fms
2026-01-01 12:01:22.450,-0.8954925057227447,0.18861602381844758,1.1658552572944416,-0.06466746710893459,fms
2026-01-01 12:01:22.500,-0.8468206355514489,0.17881657357940073,1.1183784728161372,-0.3680788758364927,fms
2026-01-01 12:01:22.550,-0.8014386578104822,0.14378771242131808,0.8548605748970171,-0.54387595182049,fms
2026-01-01 12:01:22.600,-1.0245281054931674,0.10886534597383991,0.7634401542171214,-0.6700198359281428,fms
2026-01-01 12:01:22.650,-1.1459870934195833,0.14994240647875937,0.742493661991187,-0.7022900578244146,fms
2026-01-01 12:01:22.700,-1.2346017191262348,0.14056843359621202,0.7684468532897211,-0.6307724027264189,fms
2026-01-01 12:01:22.750,-1.4875500454590487,0.3872114027661346,0.7793421834063864,-0.610604240970905,fms
2026-01-01 12:01:22.800,-1.3210041394056957,0.6160600968720843,0.9100081158113636,-0.7302483079382371,fms
2026-01-01 12:01:22.850,-1.2816535827454478,0.8825389016200511,0.8591851555399271,-0.756491493066365,fms
2026-01-01 12:01:22.900,-1.0743624123191742,1.2308903919318706,0.8218007134458394,-1.0131180632589973,fms
2026-01-01 12:01:22.950,-0.7553497127045795,1.5058264266090935,0.5037360855707462,-1.210055653448344,fms
2026-01-01 12:01:23.000,-0.5183798250504563,1.6295826898485322,0.2691180276867367,-1.2659354553005806,fms
2026-01-01 12:01:23.050,-0.2473408560406891,1.603084766272111,-0.1967352761484422,-1.3539301480442032,fms
2026-01-01 12:01:23.100,-0.049700773123303496,1.3009976528771758,-0.5191259356534097,-1.2680785630460085,fms
2026-01-01 12:01:23.150,-0.11602380779740751,1.1618333244974406,-0.9303274368142844,-1.0890841406836957,fms
2026-01-01 12:01:23.200,-0.12380737258979994,0.874128005993842,-1.0774489374179703,-0.7106411967298469,fms
2026-01-01 12:01:23.250,-0.18891567997504738,0.7989951310210528,-1.1289007024414324,-0.3136864712345421,fms
2026-01-01 12:01:23.300,-0.35374437817743826,0.708993215970864,-1.079878832223457,0.08506347643050538,fms
2026-01-01 12:01:23.350,-0.3323081081983266,0.6309719289247768,-1.0378308339654108,0.41313024222781763,fms
2026-01-01 12:01:23.400,-0.19456962483695361,0.7187974309473272,-0.882294520852129,0.687800990323616,fms
2026-01-01 12:01:23.450,-0.05059377403700945,0.8958001447332226,-0.808213573997294,0.8782955913898011,fms
2026-01-01 12:01:23.500,0.22914769023416978,0.9639009379099601,-0.8549497523861318,0.8700725579464723,fms
2026-01-01 12:01:23.550,0.5305654545345994,0.9496162239075211,-0.8538272083370751,0.8556488982874525,fms
2026-01-01 12:01:23.600,0.8572188880604193,0.8011802392388336,-1.0216714431199323,0.7560851401974942,fms
2026-01-01 12:01:23.650,1.0616619887057803,0.6695347882706816,-1.1702155058601755,0.7593013260723628,fms
2026-01-01 12:01:23.700,1.1196573515198953,0.32600308530774214,-1.1614117038488767,0.8258042371826533,fms
2026-01-01 12:01:23.750,1.138656244289039,-0.08261868633683626,-1.2635136725189995,0.7918118783548957,fms
2026-01-01 12:01:23.800,1.0597215839672174,-0.36130892704795575,-1.048161819723365,1.1232003278009004,fms
2026-01-01 12:01:23.850,0.8658591834872154,-0.6875967003876301,-0.8729411689374145,1.1448724874545797,fms
2026-01-01 12:01:23.900,0.635634726129336,-0.7761730279612372,-0.4790044597148589,1.176624714846839,fms
2026-01-01 12:01:23.950,0.7135503009066775,-0.8169488592524873,-0.10328850888274164,1.152800203725936,fms
2026-01-01 12:01:24.000,0.7550328389345282,-0.8408931117196711,0.3328519844297295,1.0753753157947026,fms
2026-01-01 12:01:24.050,0.9663083431916814,-0.6271220608150527,0.46532308584037707,0.779827779146723,fms
2026-01-01 12:01:24.100,1.096237375391061,-0.622705867902304,0.785611561202549,0.40633803877116037,fms
2026-01-01 12:01:24.150,1.3641018955066506,-0.6052413338239129,0.8581470660823196,0.057448580745495526,fms
2026-01-01 12:01:24.200,1.6082224392512763,-0.6628798364982493,0.8250643362575928,-0.40381989002151886,fms
2026-01-01 12:01:24.250,1.5947257913407755,-0.8568051076700482,0.744827831105938,-0.7504961786728412,fms
2026-01-01 12:01:24.300,1.4512469614394998,-1.0764291443627754,0.6309142445940616,-0.9557860628773576,fms
2026-01-01 12:01:24.350,1.5047378926501511,-1.3337153168306457,0.7386960919045292,-1.0430454581865076,fms
2026-01-01 12:01:24.400,1.0568858386467936,-1.5682128947641312,0.8209971526433409,-0.9392013845076532,fms
2026-01-01 12:01:24.450,0.891270222505679,-1.6031492856824274,0.8821920425552139,-0.9521607335610388,fms
2026-01-01 12:01:24.500,0.7656314528420805,-1.488442712898013,1.1483343219413187,-0.9433202405452291,fms
2026-01-01 12:01:24.550,0.5265722406724911,-1.3697199348132185,1.3814411236413433,-0.7798221788127739,fms
2026-01-01 12:01:24.600,0.47433116380028423,-1.1146423535098244,1.4946258135811938,-0.7660646217894239,fms
2026-01-01 12:01:24.650,0.45214258001676705,-0.7032922853820556,1.4003264843869296,-0.8126019992435107,fms
2026-01-01 12:01:24.700,0.6085334918638302,-0.5665065946716242,1.3663855946514705,-0.9952960335344158,fms
2026-01-01 12:01:24.750,0.7195732743689854,-0.19216125353622454,1.1199383711210587,-1.0740852999113004,fms
2026-01-01 12:01:24.800,0.7809512380997748,-0.28004772730780725,0.7452161146072974,-1.0673810418254757,fms
2026-01-01 12:01:24.850,0.6523636739657822,-0.14291658826229398,0.4363791397766089,-1.0984417100584636,fms
2026-01-01 12:01:24.900,0.5710812283737762,-0.27236100951833675,0.018030615316745234,-0.859186172883209,fms
2026-01-01 12:01:24.950,0.3662473334302638,-0.3220499738340934,-0.26197428783422083,-0.4718710964746137,fms
2026-01-01 12:01:25.000,0.061271523834143186,-0.44645319693180324,-0.3537839008956476,-0.03020330632294819,fms
2026-01-01 12:01:25.050,-0.3735657538513921,-0.17014959260262094,-0.3168058932581062,0.3915583088478696,fms
2026-01-01 12:01:25.100,-0.5896057232330021,-0.0781752820505095,-0.4784172367074274,0.6887951747380935,fms
2026-01-01 12:01:25.150,-0.7067139760709601,0.19303696971484827,-0.423248731348048,1.1560437942321788,fms
2026-01-01 12:01:25.200,-0.8489442942607331,0.4533570049847718,-0.3226592860232995,1.3457319870118676,fms
2026-01-01 12:01:25.250,-0.7391609103176929,0.9511843442021254,-0.47048971029878284,1.108538475452313,fms
2026-01-01 12:01:25.300,-0.6944499086368039,1.1915725458693793,-0.6019929033527511,1.156590289400293,fms
2026-01-01 12:01:25.350,-0.47628664584764907,1.3611913804442104,-0.8239013099836846,0.9481069948207472,fms
2026-01-01 12:01:25.400,-0.5145359607665188,1.3690068183401625,-1.1218718407109713,0.8622434788238444,fms
2026-01-01 12:01:25.450,-0.6351192575063261,1.2398201616145528,-1.3638279946617697,0.8097555185715924,fms
2026-01-01 12:01:25.500,-0.6156432037982411,1.157590407441796,-1.576756411631558,0.8149844161405413,fms
2026-01-01 12:01:25.550,-0.8184948260010203,0.8266486971599781,-1.5761520929675397,0.7958033518387844,fms
2026-01-01 12:01:25.600,-1.1700656099492925,0.7324295764312958,-1.4156223037827376,0.894808459098368,fms
2026-01-01 12:01:25.650,-1.3457857540373719,0.7640298190280033,-1.2462285123466388,0.9267289558681798,fms
2026-01-01 12:01:25.700,-1.488837413118029,0.8721011570727917,-0.9084148566349577,0.8727672911310945,fms
2026-01-01 12:01:25.750,-1.612230738300219,0.94833206063887,-0.7133033218833729,0.8195411076673581,fms
2026-01-01 12:01:25.800,-1.5072003444753994,1.1139837251752642,-0.3472897493665242,0.511521625173461,fms
2026-01-01 12:01:25.850,-1.4299150223310273,1.240467045192117,-0.13179107959488517,0.08181328324447118,fms
2026-01-01 12:01:25.900,-1.1193451690256802,1.320711300892603,-0.061680116662167064,-0.26672633938815793,fms
2026-01-01 12:01:25.950,-1.0334250150292748,1.193918615169487,-0.04715977514979544,-0.6629998129578596,fms
2026-01-01 12:01:26.000,-0.7732772575772238,0.9904628420110861,-0.0650708624432241,-1.0031107400384116,fms
2026-01-01 12:01:26.050,-0.7058731460654006,0.7661841811931229,-0.03991982297575404,-1.3931783407602156,fms
2026-01-01 12:01:26.100,-0.7861427260527418,0.34736953851610375,-0.07169534250644276,-1.3575862035055546,fms
2026-01-01 12:01:26.150,-0.8963557862389054,0.03598073304167344,0.2038410816025667,-1.2858398863069227,fms
2026-01-01 12:01:26.200,-1.0977440624019166,-0.2165258755281128,0.4022884257458807,-1.1548883439578097,fms
2026-01-01 12:01:26.250,-1.0976702229495172,-0.3872930254998239,0.706315756828037,-0.9453421436632906,fms
2026-01-01 12:01:26.300,-1.156525104186082,-0.45009222092614315,1.0674621999275078,-0.9160548125632878,fms
2026-01-01 12:01:26.350,-1.0675122832386874,-0.3688517242509747,1.2569131635043682,-0.7731621157620198,fms
2026-01-01 12:01:26.400,-0.8476685136424938,-0.28917299018775167,1.5455003148777577,-0.7078109728028482,fms
2026-01-01 12:01:26.450,-0.5828437502659167,-0.30591751152598035,1.5674516490574164,-0.7224959119800077,fms
2026-01-01 12:01:26.500,-0.20323850400601245,-0.33776588730582824,1.5415930865904333,-0.7682251897767232,fms
2026-01-01 12:01:26.550,-0.030708058995700324,-0.4126045891568387,1.393719884761335,-0.7736836935735621,fms
2026-01-01 12:01:26.600,0.2794951676633257,-0.6400512698973124,1.0915232964539134,-0.7159808973013209,fms
2026-01-01 12:01:26.650,0.3035392259723429,-0.9668858993480188,0.8025413644638257,-0.4476535102432152,fms
2026-01-01 12:01:26.700,0.3223033287380056,-1.2527458794524156,0.6217912548116233,-0.05914562964117573,fms
2026-01-01 12:01:26.750,0.15263678056514302,-1.4696403911608173,0.47797184181340835,0.20861797338129637,fms
2026-01-01 12:01:26.800,0.09045839646147369,-1.5756806635948981,0.3948933449550668,0.7433482958399383,fms
2026-01-01 12:01:26.850,0.08868065377046888,-1.525192936351403,0.4763279527909595,1.033376003353218,fms
2026-01-01 12:01:26.900,0.09661359830386984,-1.4321468855497614,0.502083841449456,1.3358291982502424,fms
2026-01-01 12:01:26.950,0.29574100580046425,-1.1940950862689632,0.45413562260763746,1.3360244182005647,fms
2026-01-01 12:01:27.000,0.44429708794076417,-0.991448246249349,0.3253475920612409,1.3992545477240623,fms
2026-01-01 12:01:27.050,0.767557398045847,-0.6784329577366733,0.15120371672243368,1.2751131590250289,fms
2026-01-01 12:01:27.100,1.0519472206692435,-0.6627048372989457,-0.1404997643744208,1.1255322021287382,fms
2026-01-01 12:01:27.150,1.3071886472146266,-0.5398676563764548,-0.5367871640577875,0.8187691360705663,fms
2026-01-01 12:01:27.200,1.3713816002104806,-0.6055140003992726,-0.9369769357787764,0.7027118332530397,fms
2026-01-01 12:01:27.250,1.4387725997365275,-0.6935540131542615,-1.1809490612345201,0.5465554829362758,fms
2026-01-01 12:01:27.300,1.2827871905489725,-0.7340687521961008,-1.350410220904169,0.6028882215777662,fms
2026-01-01 12:01:27.350,1.0746343166230599,-0.7914850028435034,-1.4655554575681993,0.5624401117448519,fms
2026-01-01 12:01:27.400,0.8974073422452784,-0.7065700235705488,-1.322276438379242,0.5696150193031265,fms
2026-01-01 12:01:27.450,0.8201038240522207,-0.4437903940610456,-1.2136948294866547,0.5414372065589941,fms
2026-01-01 12:01:27.500,0.7422823677131548,-0.11029025480307961,-0.9855780510167101,0.3933005096459005,fms
2026-01-01 12:01:27.550,0.8395976109398333,0.07874903322071515,-0.8428559083016117,0.02230737517782347,fms
2026-01-01 12:01:27.600,0.9018901811907098,0.5093379257498409,-0.7077736263070702,-0.19192162772673108,fms
2026-01-01 12:01:27.650,1.1454659771232563,0.7674746152631893,-0.7001754181243547,-0.639791330696177,fms
2026-01-01 12:01:27.700,1.3638190786266386,0.9858217908686716,-0.7046956297174252,-0.9723287127531345,fms
2026-01-01 12:01:27.750,1.4676100325271364,1.0149295939442808,-0.7412215556954964,-1.33248874129708,fms
2026-01-01 12:01:27.800,1.3933660777333652,1.0153068477824387,-0.8734188211840781,-1.4202737627509885,fms
2026-01-01 12:01:27.850,1.3030686804455565,0.8819455317429109,-0.9112853751192636,-1.4787972621221968,fms
2026-01-01 12:01:27.900,0.9953150952301705,0.7942533265317681,-0.6833985172477938,-1.4133290996620642,fms
2026-01-01 12:01:27.950,0.6843640326826487,0.7741599390536342,-0.5277030167044787,-1.198271366485375,fms
2026-01-01 12:01:28.000,0.4867577042585723,0.7394023352936099,-0.21678820354837816,-0.9946051419399637,fms
2026-01-01 12:01:28.050,0.27681046718874136,0.8612048507861909,0.1432280055021141,-0.6950535118405188,fms
2026-01-01 12:01:28.100,0.12978973093366145,0.964526949377982,0.5420315686099615,-0.5806446947585082,fms
2026-01-01 12:01:28.150,0.1434080812146411,1.2007016693604897,0.8759934627489826,-0.4263639177926106,fms
2026-01-01 12:01:28.200,0.1358022828652288,1.323328758524332,1.1525576574012484,-0.3834131053876906,fms
2026-01-01 12:01:28.250,0.22926510804744737,1.4310263086740307,1.145732166655861,-0.3510782846563238,fms
2026-01-01 12:01:28.300,0.31548670412710944,1.5151380610914928,1.0956956070008192,-0.40557659804582885,fms
2026-01-01 12:01:28.350,0.4040467596124069,1.302240797968428,1.022292483342414,-0.30521519215948745,fms
2026-01-01 12:01:28.400,0.26675605664794777,1.0421196340131942,0.8858061928794015,-0.14713232515336178,fms
2026-01-01 12:01:28.450,0.08936627286168455,0.6618138198700777,0.7902783782039045,0.13480179102913534,fms
2026-01-01 12:01:28.500,-0.2603758579358268,0.40240970140075066,0.8083625981611442,0.4883391534042551,fms
2026-01-01 12:01:28.550,-0.5737594925816523,0.2486837661065647,0.8355463118195515,0.9692086071919176,fms
2026-01-01 12:01:28.600,-0.8716861337749962,0.04777689237590372,1.065036527171608,1.1617255597171583,fms
2026-01-01 12:01:28.650,-1.0122570725252058,0.000535678209424021,1.0824582531718754,1.5045490705206066,fms
2026-01-01 12:01:28.700,-1.198655248551492,0.07329706778817646,1.1813783991163218,1.609295624554112,fms
2026-01-01 12:01:28.750,-1.0530718545944269,0.10231712749211085,1.2249786551546593,1.458482986839078,fms
2026-01-01 12:01:28.800,-1.0424183316864446,0.15515451460418073,1.0697468564630959,1.3517766052344526,fms
2026-01-01 12:01:28.850,-0.8562618306803467,0.09173742171476637,0.904343265584848,1.154744059440859,fms
2026-01-01 12:01:28.900,-0.7631985120526131,-0.07732915460952082,0.5708520513650012,0.6844036695887266,fms
2026-01-01 12:01:28.950,-0.7548876502991471,-0.3508225259510021,0.07600131975943106,0.5284262635997545,fms
2026-01-01 12:01:29.000,-0.6848134855537242,-0.5431195809407807,-0.24613150117238994,0.2813735719492986,fms
2026-01-01 12:01:29.050,-1.0072599904357658,-0.8817152642267047,-0.6107817353459245,0.10874254999915348,fms
2026-01-01 12:01:29.100,-1.095738904305035,-1.2056037837413305,-0.7946806260422798,0.19009782727523897,fms
2026-01-01 12:01:29.150,-1.2993243704425066,-1.3555051524277333,-0.8745023342836107,0.07564202694778066,fms
2026-01-01 12:01:29.200,-1.6007614835416324,-1.5380964770435988,-0.9590138487804268,0.12187329876108123,fms
2026-01-01 12:01:29.250,-1.4986194354979019,-1.420883900274055,-0.7104036314892894,0.041153649424301865,fms
2026-01-01 12:01:29.300,-1.6437751110450163,-1.1739268366968132,-0.7772884549798823,-0.19643143627947324,fms
2026-01-01 12:01:29.350,-1.3278442443533174,-1.0949225123245843,-0.652547469108231,-0.4075725232061915,fms
2026-01-01 12:01:29.400,-1.149061725051584,-0.9448421012667527,-0.7735844186374259,-0.8875332394145576,fms
2026-01-01 12:01:29.450,-0.8932046473198101,-0.8093296659727809,-1.005489673320797,-1.1746339512069675,fms
2026-01-01 12:01:29.500,-0.6619098387332714,-0.7452593084170744,-1.0780644766318948,-1.4811619293663765,fms
2026-01-01 12:01:29.550,-0.5081438813695703,-0.7981884885393794,-1.4180298101284627,-1.5668679195710111,fms
2026-01-01 12:01:29.600,-0.5007078522021368,-0.9999639746587461,-1.537935952446363,-1.5695881482324845,fms
2026-01-01 12:01:29.650,-0.49823565642910594,-1.1138622381079113,-1.407994191604585,-1.4069084370749056,fms
2026-01-01 12:01:29.700,-0.5683282518802948,-1.1594543761763192,-1.2340363763270918,-1.1383096587119443,fms
2026-01-01 12:01:29.750,-0.7379449292563383,-1.1333688586043582,-1.1472915772970624,-0.8913703258228408,fms
2026-01-01 12:01:29.800,-0.7926863008014416,-0.9251169881779284,-0.7316828596808089,-0.5220670521560788,fms
2026-01-01 12:01:29.850,-0.6650472163010505,-0.6551550867198821,-0.44356922936448334,-0.2684207661013993,fms
2026-01-01 12:01:29.900,-0.6232768857476773,-0.3156645350738904,-0.06143524989660148,-0.09521093499464178,fms
2026-01-01 12:01:29.950,-0.35030065375905056,0.01728972109087263,0.2248331504537469,-0.026213304291081763,fms
2026-01-01 12:01:30.000,-0.033906035167096726,0.3990128122871447,0.4735680356189273,0.10709689804608247,fms
2026-01-01 12:01:30.050,0.3212758073911898,0.5648684054241118,0.332700069842835,0.05538334399381639,fms
2026-01-01 12:01:30.100,0.5946023853695639,0.5760740761447717,0.4254285578651887,0.04479149031176645,fms
2026-01-01 12:01:30.150,0.6732236727177607,0.6808182651077553,0.37906348859735584,0.2547383089156462,fms
2026-01-01 12:01:30.200,0.7712922365400204,0.6351483812302555,0.3755181722575202,0.49429413540925105,fms
2026-01-01 12:01:30.250,0.7118086428510652,0.4935998946836047,0.4184503962903892,0.7012893747498395,fms
2026-01-01 12:01:30.300,0.6527249919649685,0.4961626931656256,0.5533701556671884,0.9704769195908658,fms
2026-01-01 12:01:30.350,0.47409093810366254,0.4577721311940591,0.865503259105769,1.3537930183548874,fms
2026-01-01 12:01:30.400,0.4568603047168183,0.7025189420787987,1.1215856746993813,1.5333119594628968,fms
2026-01-01 12:01:30.450,0.5355879116586114,0.9759426864377606,1.2964072933530963,1.6232726052124498,fms
2026-01-01 12:01:30.500,0.6617634687341635,1.1820457251031526,1.560819096318096,1.417940880999962,fms
2026-01-01 12:01:30.550,0.8563221291191868,1.4948511529818755,1.5848954488949796,1.2286018483787544,fms
2026-01-01 12:01:30.600,1.1709420734621094,1.5397396501280538,1.5123441657788979,0.942250116423223,fms
2026-01-01 12:01:30.650,1.3381937537996762,1.5806314746621515,1.2610863949815125,0.5631314665539126,fms
2026-01-01 12:01:30.700,1.5110717790729833,1.5615986613946697,1.0341542812775217,0.12999037820826959,fms
2026-01-01 12:01:30.750,1.627784656509664,1.3256775136075498,0.6188755303555927,0.013801834770828941,fms
2026-01-01 12:01:30.800,1.5723867578649264,1.1092202929962436,0.3041364430433563,-0.2366163490360474,fms
2026-01-01 12:01:30.850,1.414480401323922,0.7422901499656521,0.16667894807431105,-0.2734763491432894,fms
2026-01-01 12:01:30.900,1.1262527181102453,0.5851205796399901,-0.04180662962744351,-0.32053012871000197,fms
2026-01-01 12:01:30.950,0.8855924818794616,0.46436574785684126,0.07367817153831387,-0.24235825135539696,fms
2026-01-01 12:01:31.000,0.7673661483987174,0.40125319518845565,0.10775422784354954,-0.3303547685980693,fms
2026-01-01 12:01:31.050,0.7302058187276435,0.4027258680856383,0.04999816962095895,-0.5201561660648237,fms
2026-01-01 12:01:31.100,0.8598277247925304,0.47905472719782916,0.043349672189301774,-0.6350616770902695,fms
2026-01-01 12:01:31.150,0.8798413262491428,0.5240516790703612,-0.18737093829976798,-0.9533757815380447,fms
2026-01-01 12:01:31.200,1.054702203612155,0.545931585563292,-0.3400267208099674,-1.2071484882351522,fms
2026-01-01 12:01:31.250,1.124582842709779,0.4865651794211487,-0.7003305614783103,-1.5168585532206702,fms
2026-01-01 12:01:31.300,1.138886215882139,0.12293887804784753,-1.0113513401526983,-1.528628058450157,fms
2026-01-01 12:01:31.350,0.9803142165834524,-0.16084886065485682,-1.326598990088212,-1.4749851315327487,fms
2026-01-01 12:01:31.400,0.9028383195364026,-0.4871648930514631,-1.5678659239125434,-1.3551480264761513,fms
2026-01-01 12:01:31.450,0.5811510828756487,-0.792903512429972,-1.6145476109980517,-1.0666041468899399,fms
2026-01-01 12:01:31.500,0.30258644004723384,-1.0381585444291792,-1.5336810528321283,-0.5993523476267147,fms
2026-01-01 12:01:31.550,-0.03888690055610246,-1.1215727203288535,-1.1396206060581189,-0.2532874028396468,fms
2026-01-01 12:01:31.600,-0.19566437913902268,-1.254923487699919,-1.0236568742125178,0.08976714695745455,fms
2026-01-01 12:01:31.650,-0.3819060530053327,-1.100348730549215,-0.8276593009163183,0.3059998207173493,fms
2026-01-01 12:01:31.700,-0.28745149545956084,-0.9465236957161075,-0.5195062822718592,0.393012735854469,fms
2026-01-01 12:01:31.750,-0.2282978432235885,-0.8967993574155951,-0.41404187825408867,0.5126359230088953,fms
2026-01-01 12:01:31.800,-0.026378579477987024,-0.7737817409841755,-0.45757078708380716,0.4418160560731136,fms
2026-01-01 12:01:31.850,-0.06821830244152662,-0.7701357372393687,-0.40718773323399826,0.4096008334254254,fms
2026-01-01 12:01:31.900,-0.12306444237334864,-1.0228922060320205,-0.45881111070307534,0.48055025306418603,fms
2026-01-01 12:01:31.950,-0.24754496824859112,-1.123039706134287,-0.4977961309733389,0.5828669032038905,fms
2026-01-01 12:01:32.000,-0.48523600254112964,-1.3113103302081197,-0.3133727669447509,0.8511064945166652,fms
2026-01-01 12:01:32.050,-0.7542567614816259,-1.3485226272677622,-0.18957800779518474,1.0945714940765103,fms
2026-01-01 12:01:32.100,-1.043435041905263,-1.3774422955564942,0.075034747024187,1.2621478520273484,fms
2026-01-01 12:01:32.150,-1.2705923887634634,-1.20760682346729,0.48686479673412764,1.4280020812704703,fms
2026-01-01 12:01:32.200,-1.3418911440839114,-1.0113237761767933,0.8941578681410074,1.4939429394471404,fms
2026-01-01 12:01:32.250,-1.4253798624326202,-0.7066595970346877,1.1668396117604078,1.2617116336134666,fms
2026-01-01 12:01:32.300,-1.368569622295195,-0.4124479325151405,1.3286884062089752,1.1586832749056062,fms
2026-01-01 12:01:32.350,-1.219519645908475,-0.10036763210459226,1.4015789631455617,0.6184333469223957,fms
2026-01-01 12:01:32.400,-0.9498205032275712,0.14036303617738657,1.4342084497584806,0.19669205460516526,fms
2026-01-01 12:01:32.450,-0.7525441300277106,0.2968442329865087,1.2979656957875256,-0.12487476210043663,fms
2026-01-01 12:01:32.500,-0.7931301223094606,0.28177240244120383,1.0130297107665842,-0.5020301164155965,fms
2026-01-01 12:01:32.550,-0.8134048467861527,0.19060109763356192,0.8007831109111107,-0.5677701597941386,fms
2026-01-01 12:01:32.600,-1.055903548479679,0.19834769962249016,0.6695557394919031,-0.6646640462327167,fms
2026-01-01 12:01:32.650,-1.1596900635129825,0.022371556757609934,0.6520994743935296,-0.6880685999037344,fms
2026-01-01 12:01:32.700,-1.3157936608281575,0.32646305902045103,0.7765385967461386,-0.6452628526851039,fms
2026-01-01 12:01:32.750,-1.293836394687659,0.37145621206245544,0.8161722941646654,-0.5809433638643103,fms
2026-01-01 12:01:32.800,-1.4656762600561155,0.619936095073626,0.8637260241922874,-0.7942316567558836,fms
2026-01-01 12:01:32.850,-1.2780591785322197,0.9206740250591063,0.9225507060660607,-0.8064660877196946,fms
2026-01-01 12:01:32.900,-1.0333224147696272,1.2258688792639634,0.7655779226926522,-1.0194332692299963,fms
2026-01-01 12:01:32.950,-0.7948645234582784,1.4065133059609813,0.5409105980756563,-1.2106824119078246,fms
2026-01-01 12:01:33.000,-0.43666888284475125,1.5228887768914043,0.21573075672145545,-1.353761379655899,fms
2026-01-01 12:01:33.050,-0.2515297921232363,1.4632298032043811,-0.20592839502401203,-1.4144365572548914,fms
2026-01-01 12:01:33.100,-0.21260879634072033,1.4169954209112012,-0.5724296850179077,-1.2782483194846128,fms
2026-01-01 12:01:33.150,-0.07114399638682398,1.1792961406834928,-0.8492791961607197,-1.1080462594628342,fms
2026-01-01 12:01:33.200,-0.08407749759402944,0.8946291748389685,-1.1269771890300808,-0.8079245934055282,fms
2026-01-01 12:01:33.250,-0.2139681141548014,0.8260983940013285,-1.2778421340788864,-0.38431502038633414,fms
2026-01-01 12:01:33.300,-0.20174943533584114,0.6750461438855289,-1.1634895310704192,0.08567220900429484,fms
2026-01-01 12:01:33.350,-0.3325969761989867,0.7461298946545319,-0.9816601776662369,0.47176956937860876,fms
2026-01-01 12:01:33.400,-0.18968274557444878,0.6883332695649064,-0.9189546199133374,0.6347083334162121,fms
2026-01-01 12:01:33.450,-0.1039888866811608,0.9636335159530887,-0.7728333747123203,0.9042396024646496,fms
2026-01-01 12:01:33.500,0.25649002961274153,0.9712895527549432,-0.8825015812244579,0.8107085499126171,fms
2026-01-01 12:01:33.550,0.530793254929415,1.0291242257558686,-0.8777309578253636,0.8291556920575416,fms
2026-01-01 12:01:33.600,0.7838569966653478,0.7864355865568766,-0.946784639958871,0.7539364618138006,fms
2026-01-01 12:01:33.650,1.0392499087741303,0.49167178865735,-1.125971180701787,0.7369255007680017,fms
2026-01-01 12:01:33.700,1.1218609307366498,0.2221176713426648,-1.2932746888435929,0.7475531605690459,fms
2026-01-01 12:01:33.750,1.0982210366606575,-0.184819211269052,-1.2714350796673293,0.8798578199629926,fms
2026-01-01 12:01:33.800,1.0880611261865458,-0.32561266160998753,-1.1300791571349975,1.0127869204986846,fms
2026-01-01 12:01:33.850,0.8628515727276064,-0.7171237945905832,-0.8841692892860131,1.2011234292534851,fms
2026-01-01 12:01:33.900,0.7419647726381859,-0.7948320472553592,-0.5067750687163755,1.2850332165719751,fms
2026-01-01 12:01:33.950,0.7412347936925175,-0.8865018033824957,-0.10718124689873845,1.2184986554416923,fms
2026-01-01 12:01:34.000,0.7139299648006966,-0.7812224461137601,0.31507256186135213,1.1435453513170455,fms
2026-01-01 12:01:34.050,0.9409699388103734,-0.6991675919681907,0.5309559759602802,0.8578478739952208,fms
2026-01-01 12:01:34.100,1.0939775956431774,-0.6322761594740057,0.8161376371724944,0.5727308181027457,fms
2026-01-01 12:01:34.150,1.32025079408153,-0.6296941616613928,0.8060866322847218,0.008994860525466518,fms
2026-01-01 12:01:34.200,1.4840821806716782,-0.6636053688311998,0.7546867020012102,-0.408657897670527,fms
2026-01-01 12:01:34.250,1.6230975270155148,-0.8161538614055559,0.7240654584344378,-0.7325129966378467,fms
2026-01-01 12:01:34.300,1.4854269551400094,-1.1376757666675976,0.6569310243923967,-0.9728103572999681,fms
2026-01-01 12:01:34.350,1.3918070523000292,-1.3278656643113047,0.768648722442125,-1.0875203995606482,fms
2026-01-01 12:01:34.400,1.1412957551282794,-1.4441478076687102,0.7006197344841747,-1.0534966048759422,fms
2026-01-01 12:01:34.450,0.9228586701572612,-1.6763510129794363,0.9901121938734271,-0.90311406129025,fms
2026-01-01 12:01:34.500,0.5829540008779514,-1.5388495705083833,1.1072913905261021,-0.7535441197125842,fms
2026-01-01 12:01:34.550,0.5609276497710989,-1.2533720251200495,1.4117766729524437,-0.6851823376936392,fms
2026-01-01 12:01:34.600,0.4935937961189395,-0.9634116734900702,1.4988546505247895,-0.7608051779039403,fms
2026-01-01 12:01:34.650,0.48912571312968056,-0.6976452846769333,1.424700135514696,-0.893771414817581,fms
2026-01-01 12:01:34.700,0.6110486289966579,-0.3915992371767633,1.2729051308222765,-0.9390620770851639,fms
2026-01-01 12:01:34.750,0.7577737052306445,-0.2968150769670879,1.2054536617183493,-1.0492587521886059,fms
2026-01-01 12:01:34.800,0.7544474306827359,-0.32886872973842146,0.8315015628365295,-1.0459991291609756,fms
2026-01-01 12:01:34.850,0.7290321194866928,-0.28887706223826237,0.30400159016604833,-1.0117481106064083,fms
2026-01-01 12:01:34.900,0.6046579597421149,-0.2289137194647809,0.07423485946113911,-0.8431287443388674,fms
2026-01-01 12:01:34.950,0.33360839530519554,-0.30145996550635723,-0.13647011779531398,-0.49073051983147703,fms
2026-01-01 12:01:35.000,2.7854277905437166,-0.32682220614403357,-0.2880578524410962,-0.09193328877154353,fms
2026-01-01 12:01:35.050,0.7747962615500118,-0.2774075086706658,-0.33883976089865603,0.3907500106400772,fms
2026-01-01 12:01:35.100,1.2691522903173045,-0.1082807153871317,-0.35680994970778157,0.8533203057927576,fms
2026-01-01 12:01:35.150,-2.1047911665300267,0.22073298629813007,-0.3700257681526655,0.9923367671231171,fms
2026-01-01 12:01:35.200,0.7029858778917923,0.56937012021349,-0.4296424723920765,1.128907561647063,fms
2026-01-01 12:01:35.250,1.333811497287225,0.9339908629909046,-0.44585785687810126,1.159339684077945,fms
2026-01-01 12:01:35.300,2.3313559995907234,1.251294249248144,-0.5520098437189405,1.0249746361699013,fms
2026-01-01 12:01:35.350,-0.6568570938120958,1.35420923339178,-0.9486787377513967,1.0469644576591182,fms
2026-01-01 12:01:35.400,-2.3808997460805656,1.3098031951713631,-1.2407904213721874,0.8127493278396934,fms
2026-01-01 12:01:35.450,-0.36764951097742765,1.3087355197027704,-1.4301339330958602,0.8398937344911864,fms
2026-01-01 12:01:35.500,0.10069230983753219,1.051050948647448,-1.5417294883059407,0.7902923641681187,fms
2026-01-01 12:01:35.550,-1.5623788731554038,0.9015406989570678,-1.5137381814599833,0.815914993325965,fms
2026-01-01 12:01:35.600,-3.29880776649177,0.9477029693083853,-1.5120907136293358,0.8607475664482122,fms
2026-01-01 12:01:35.650,-2.3895098076327645,0.8811311329585071,-1.3151111830179363,0.9923438334547712,fms
2026-01-01 12:01:35.700,-2.0357766458708073,0.8218337840855978,-0.9284946692678437,0.9373060215364174,fms
2026-01-01 12:01:35.750,1.1207117557129376,1.1341102585989429,-0.6300043777039973,0.8159626324883763,fms
2026-01-01 12:01:35.800,-0.8197752285203945,1.1722541882039315,-0.38238852355345554,0.4815669576811901,fms
2026-01-01 12:01:35.850,1.5900957300069023,1.293613255125201,-0.18683108992599612,0.053884060196607256,fms
2026-01-01 12:01:35.900,-3.974010326807802,1.3057190610137848,-0.09327931568717994,-0.36297300225555423,fms
2026-01-01 12:01:35.950,-0.3675176864876616,1.2087163379566301,0.005286505871618902,-0.7677364915683058,fms
2026-01-01 12:01:36.000,2.0343071024695805,0.9839442018764298,0.005974013543732046,-1.004461944234228,fms
2026-01-01 12:01:36.050,-0.11001018623974346,0.6631480059884711,-0.048157621539929626,-1.220530702391827,fms
2026-01-01 12:01:36.100,-0.2606086802803412,0.4366021739518897,0.06234429843765874,-1.3071864731968625,fms
2026-01-01 12:01:36.150,-0.7310814120679267,-0.014295435476415333,0.16029840821271582,-1.2603599366199085,fms
2026-01-01 12:01:36.200,-2.0955092974002514,-0.11623414473934686,0.41573093971888503,-1.2192407185847574,fms
2026-01-01 12:01:36.250,-2.725841062044546,-0.3881602768465716,0.6740998296994615,-0.9821979020598683,fms
2026-01-01 12:01:36.300,-4.437513309723553,-0.47374323309756233,1.0791216895734386,-0.735116635979185,fms
2026-01-01 12:01:36.350,-1.9435815884813152,-0.35641267328265297,1.4008204748042514,-0.7652291269122227,fms
2026-01-01 12:01:36.400,-2.8887276136175437,-0.28144145923456293,1.5280810924754484,-0.7518209313713443,fms
2026-01-01 12:01:36.450,-0.30836095675818376,-0.3182405007159976,1.6207579827595684,-0.7218453306107016,fms
2026-01-01 12:01:36.500,2.116825987143395,-0.2794060205283798,1.4581002003127017,-0.6616122075329836,fms
2026-01-01 12:01:36.550,-1.3036270282037914,-0.44385533338267635,1.3036810473647582,-0.7423526710548948,fms
2026-01-01 12:01:36.600,2.157023112237604,-0.5906029568754539,1.037493387720889,-0.6859946934732823,fms
2026-01-01 12:01:36.650,3.7310876614260473,-0.8409290696358804,0.7478259933808279,-0.41956889136954645,fms
2026-01-01 12:01:36.700,2.7297336717649165,-1.2352692517561963,0.5120099062593643,-0.290798350672592,fms
2026-01-01 12:01:36.750,1.006488351424104,-1.4001967385414087,0.46505666324231987,0.25472349342700695,fms
2026-01-01 12:01:36.800,2.764604511991453,-1.5446381222799093,0.42327655380017504,0.7052405350239969,fms
2026-01-01 12:01:36.850,2.4940281453803834,-1.5335556948900237,0.5533518301109536,1.0575070802964286,fms
2026-01-01 12:01:36.900,1.1070258819706327,-1.521357636329102,0.521344576838894,1.3761658753233332,fms
2026-01-01 12:01:36.950,1.1563930323061067,-1.2087392877457341,0.49070871888375883,1.388700247286862,fms
2026-01-01 12:01:37.000,1.9364558498693794,-0.9852086939230948,0.3670225839805251,1.4799385639863485,fms
2026-01-01 12:01:37.050,1.3352891957698412,-0.7557652067078708,0.13206504896179222,1.2366602992407638,fms
2026-01-01 12:01:37.100,2.5540798316229036,-0.6670368518083978,-0.09957939720488106,1.1071529337120065,fms
2026-01-01 12:01:37.150,1.2888721794836704,-0.523478087456474,-0.5721320513705248,0.8978290664186676,fms
2026-01-01 12:01:37.200,2.1407792701158233,-0.5501444301120897,-0.8793536217938205,0.7231658697617243,fms
2026-01-01 12:01:37.250,0.9193213384355958,-0.6857080779271227,-1.2493892945312326,0.6165499527954557,fms
2026-01-01 12:01:37.300,-0.7487343115238154,-0.8242571147351772,-1.3402536639338196,0.581091343880572,fms
2026-01-01 12:01:37.350,-0.884663178017103,-0.7649936676554944,-1.5492296501277583,0.6599283408979955,fms
2026-01-01 12:01:37.400,0.4308478014123587,-0.6932412108984047,-1.3815566857326524,0.5610735421538573,fms
2026-01-01 12:01:37.450,0.9061856091543299,-0.48931486444497313,-1.3501242844120704,0.5929930136429739,fms
2026-01-01 12:01:37.500,2.898255582020761,-0.25480189685772947,-0.9963544565085236,0.4462101014453955,fms
2026-01-01 12:01:37.550,0.8324308295189268,0.16156332122799222,-0.9045558227108808,0.11390506799599844,fms
2026-01-01 12:01:37.600,2.811277073394921,0.515937562280913,-0.7531808115177826,-0.2377857956662658,fms
2026-01-01 12:01:37.650,3.753164305252561,0.8406830450891336,-0.800233345433227,-0.5764842723137354,fms
2026-01-01 12:01:37.700,-0.29313096483849144,1.0148699864751218,-0.7235903305965545,-0.9472317777625058,fms
2026-01-01 12:01:37.750,2.8324467450324438,1.1127832684259351,-0.8177681316312349,-1.2993832303079182,fms
2026-01-01 12:01:37.800,2.387401135731639,1.0282329009729525,-0.9661555112630622,-1.5197990598005522,fms
2026-01-01 12:01:37.850,0.8907534532690092,0.9203171365628111,-0.9302797275083525,-1.5169557249429308,fms
2026-01-01 12:01:37.900,1.9403414244862325,0.7672784505361676,-0.7719478686987534,-1.4483172383371674,fms
2026-01-01 12:01:37.950,2.546490634706892,0.7612136594992303,-0.5775167882356635,-1.1402683014982558,fms
2026-01-01 12:01:38.000,2.827835244794286,0.7041729679394606,-0.23207466877171753,-1.0178517841622303,fms
2026-01-01 12:01:38.050,1.7342315913422641,0.876821992539249,0.11502057359426197,-0.6673511484833645,fms
2026-01-01 12:01:38.100,-1.8825068356139163,1.0671436648532304,0.5563874114195474,-0.5717796605619275,fms
2026-01-01 12:01:38.150,-0.6100125232107676,1.301621957685534,0.8061510197685773,-0.4120411501152044,fms
2026-01-01 12:01:38.200,-1.0309219336086262,1.4622791061898408,1.0498210063428288,-0.4385624739099247,fms
2026-01-01 12:01:38.250,-1.1517970756751217,1.575640121107492,1.136181904855069,-0.3510212218225628,fms
2026-01-01 12:01:38.300,2.778621777522568,1.4791013338391097,1.233887342566196,-0.3675741000778777,fms
2026-01-01 12:01:38.350,-0.8032453000083936,1.267440931564218,1.0072701663256443,-0.274775134891337,fms
2026-01-01 12:01:38.400,1.5004703469240475,1.0644838606260976,0.9535774908194367,-0.18627928543354308,fms
2026-01-01 12:01:38.450,-1.1455853348328051,0.7998031771958477,0.7655623147454035,0.16587977779201454,fms
2026-01-01 12:01:38.500,-0.653910754330004,0.38374771828202003,0.8086983733939112,0.4830402291946352,fms
2026-01-01 12:01:38.550,-2.4704065986727484,0.23755066151017687,0.8362300619348201,0.9268286158936488,fms
2026-01-01 12:01:38.600,0.44211737279108043,0.017486363037014657,0.9671270312038739,1.281505715816112,fms
2026-01-01 12:01:38.650,-0.568109521846893,-0.0350456562603853,1.1617447994747576,1.4979635749826492,fms
2026-01-01 12:01:38.700,-1.667860514325461,0.04447196550632411,1.2384153845996655,1.6348077293699348,fms
2026-01-01 12:01:38.750,-2.069940504132322,0.051468704516237744,1.1153197232708538,1.4983161236642444,fms
2026-01-01 12:01:38.800,-2.1334975789353603,0.12399386258134548,1.0940396184323171,1.3213474141998052,fms
2026-01-01 12:01:38.850,-3.300428530292089,0.0293327692659845,0.8184351027645155,1.078379801574463,fms
2026-01-01 12:01:38.900,-0.09689558925670216,0.02462305487074945,0.458073830664691,0.8092752212339561,fms
2026-01-01 12:01:38.950,-2.2626619850033944,-0.3132557711126618,0.08027219267443075,0.5223114726362341,fms
2026-01-01 12:01:39.000,-1.786390364983622,-0.595002998008171,-0.2956936218518183,0.3121095777868517,fms
2026-01-01 12:01:39.050,-0.6936256989787458,-1.0062374113571528,-0.5471516244269526,0.18218094601551935,fms
2026-01-01 12:01:39.100,1.1573226457508254,-1.1537283734000663,-0.683478255570308,0.16697836191307783,fms
2026-01-01 12:01:39.150,1.1513585197013516,-1.4656008425326486,-0.8147126681464875,0.1646179753064425,fms
2026-01-01 12:01:39.200,0.6635729590037742,-1.4211723245029741,-0.8371007279861499,0.13655149236631658,fms
2026-01-01 12:01:39.250,-2.293949988863594,-1.4336204333904636,-0.6753724981621954,0.013282195265258891,fms
2026-01-01 12:01:39.300,-2.4334087435899825,-1.265268483684411,-0.7340485437341429,-0.21549236487112447,fms
2026-01-01 12:01:39.350,-1.40876510193117,-1.1512413843985427,-0.6485775786138879,-0.431493393615903,fms
2026-01-01 12:01:39.400,-0.9538616073007342,-0.9112287723938177,-0.7116154499180491,-0.9030904186344532,fms
2026-01-01 12:01:39.450,-0.16491991868932498,-0.7636306711540863,-0.9596253414404731,-1.1593938605092051,fms
2026-01-01 12:01:39.500,-0.028300991783967278,-0.7066115077875011,-1.1495100297949228,-1.411278317605097,fms
2026-01-01 12:01:39.550,-1.192551651291487,-0.8120794726977147,-1.330259174266668,-1.6158018562572753,fms
2026-01-01 12:01:39.600,-1.7269720335439078,-0.9245429237303653,-1.45869020188513,-1.501994835106286,fms
2026-01-01 12:01:39.650,-2.3470708047536304,-1.1616396822544899,-1.5299432865054898,-1.442827589489809,fms
2026-01-01 12:01:39.700,-0.5038404815891215,-1.1445398651171377,-1.4380050230883377,-1.1990258076510045,fms
2026-01-01 12:01:39.750,-3.2928782321744103,-1.0649823669230334,-1.074473917332434,-0.8683833007260546,fms
2026-01-01 12:01:39.800,-2.3917187769341286,-0.9111937412839434,-0.7220605722207084,-0.5693095578924738,fms
2026-01-01 12:01:39.850,-1.8263842648530957,-0.6027884709150577,-0.35130316718379084,-0.3063321937001303,fms
2026-01-01 12:01:39.900,0.6739727541996774,-0.36334399236558507,-0.03614899746717804,-0.11700281389525459,fms
2026-01-01 12:01:39.950,-3.072955501001211,-0.049503727277309714,0.22265565646601232,0.057932098719657626,fms
2026-01-01 12:01:40.000,0.8741447710724667,0.31199970732399235,0.3530966274100952,0.15857110247404277,fms
2026-01-01 12:01:40.050,2.3116682937497184,0.5566090373214351,0.4042224891893265,0.05586774091625814,fms
2026-01-01 12:01:40.100,2.444750707568629,0.6182965343281627,0.4596637623676097,0.14332468340201115,fms
2026-01-01 12:01:40.150,0.3366403196533172,0.6591411447332988,0.3825286409710057,0.2805138711441395,fms
2026-01-01 12:01:40.200,-1.3575143646212422,0.5741005678012883,0.4506216659330933,0.40416729439895926,fms
2026-01-01 12:01:40.250,-1.2038590474705084,0.6070074498593263,0.47605490577676424,0.7166102079198854,fms
2026-01-01 12:01:40.300,2.070912932215331,0.40209157481328006,0.5915491421939668,1.047617799536012,fms
2026-01-01 12:01:40.350,-1.187494616015047,0.5688807419494247,0.8653891304859662,1.3310085014741666,fms
2026-01-01 12:01:40.400,1.6396764482482962,0.7162973647473966,1.08545367977913,1.5701664244925646,fms
2026-01-01 12:01:40.450,1.1545436709201093,0.8573334115989076,1.3770156842601495,1.5631547018743506,fms
2026-01-01 12:01:40.500,2.443754265400634,1.1420519981644788,1.5496048775588747,1.510775960044564,fms
2026-01-01 12:01:40.550,-0.271018368744959,1.3593368276022015,1.5962502040494861,1.1893086837353337,fms
2026-01-01 12:01:40.600,-0.48252183270837645,1.518558669958478,1.4019736852515021,0.8149631636789763,fms
2026-01-01 12:01:40.650,1.7954763694506461,1.5312468319291903,1.3271056941845534,0.5657415948886481,fms
2026-01-01 12:01:40.700,3.1623022239344465,1.560794124048346,1.0084670985100495,0.19772959425739978,fms
2026-01-01 12:01:40.750,-0.5791645433628629,1.3079815641160841,0.6153888328389236,-0.04040027170843978,fms
2026-01-01 12:01:40.800,2.710802777897257,1.0032170150809006,0.3842240544415322,-0.22050116725192806,fms
2026-01-01 12:01:40.850,2.6413070371682394,0.7707462493397902,0.07199651729661152,-0.28152370066159366,fms
2026-01-01 12:01:40.900,0.6029480699430602,0.5647291118698294,0.018933784173297663,-0.2982391668780475,fms
2026-01-01 12:01:40.950,2.4962088659805652,0.3635416950041769,0.14069567213209253,-0.30014294323166063,fms
2026-01-01 12:01:41.000,-0.32554422837533104,0.44074981690936826,0.020654736064386926,-0.2805798108677686,fms
2026-01-01 12:01:41.050,1.5891317081595173,0.3492431372014737,0.07616227077466846,-0.513035405074514,fms
2026-01-01 12:01:41.100,-0.6155507517971822,0.4754003302347969,-0.028687038862306724,-0.683564016466446,fms
2026-01-01 12:01:41.150,-0.2919377348897785,0.598869814458802,-0.01926009900553388,-0.8985840704486195,fms
2026-01-01 12:01:41.200,-0.12522764769502648,0.5358776628649805,-0.33946385385858524,-1.276972315837738,fms
2026-01-01 12:01:41.250,-1.0529643395617196,0.38095454511236504,-0.6630719631511824,-1.389439305285684,fms
2026-01-01 12:01:41.300,-0.2017483298412579,0.22582983969862808,-1.0419315955562358,-1.6037122630760998,fms
2026-01-01 12:01:41.350,0.86054745705321,-0.14700244638683665,-1.2944738495274615,-1.4610258607929856,fms
2026-01-01 12:01:41.400,-1.5658883467762235,-0.5263009666516626,-1.5347514741994774,-1.3268856047035407,fms
2026-01-01 12:01:41.450,0.7689863637892801,-0.8682582054034274,-1.5918646883124823,-0.9999218752260906,fms
2026-01-01 12:01:41.500,2.1112752139917528,-1.1428747396032406,-1.5165427895846344,-0.7115536333651518,fms
2026-01-01 12:01:41.550,0.7293230218947954,-1.1125550624709524,-1.2449380789973827,-0.2838198894585854,fms
2026-01-01 12:01:41.600,-0.3865638143347844,-1.2475559520596378,-1.0704707576713446,0.001283955795627692,fms
2026-01-01 12:01:41.650,1.1281866029905845,-1.0903705439412144,-0.7675875515471949,0.34186696465807087,fms
2026-01-01 12:01:41.700,-0.8198703723681235,-0.9555815523576879,-0.652011938974429,0.47865743622098034,fms
2026-01-01 12:01:41.750,-1.9235643923856076,-0.9712703020166313,-0.4275694917661723,0.5071056757541494,fms
2026-01-01 12:01:41.800,-2.5306671848441864,-0.7340251955700363,-0.4097853304782827,0.38885646384799133,fms
2026-01-01 12:01:41.850,2.4142162126153535,-0.8822569905507045,-0.5107677558900958,0.48204573486435937,fms
2026-01-01 12:01:41.900,-0.28320852532507657,-0.9795987403209024,-0.5785138395671388,0.5453964715364717,fms
2026-01-01 12:01:41.950,-0.4138333637223335,-1.1363716170660283,-0.4230557718583162,0.7379145001397792,fms
2026-01-01 12:01:42.000,1.545930780609909,-1.3262086329661802,-0.37143731070376074,0.8442923995478245,fms
2026-01-01 12:01:42.050,-2.6719054150101202,-1.4203370090477587,-0.22626170277141347,1.0542611067129484,fms
2026-01-01 12:01:42.100,0.7874946429199323,-1.3287205395488695,0.025964080838630388,1.296931967251189,fms
2026-01-01 12:01:42.150,-1.204063769879259,-1.2875107788283835,0.46984072891112405,1.4215646406638882,fms
2026-01-01 12:01:42.200,-1.6883710248298038,-1.1327214730244268,0.8071021070314115,1.4673902889784494,fms
2026-01-01 12:01:42.250,-2.913216845089452,-0.7631589581935867,1.1646915005224523,1.3498456144804425,fms
2026-01-01 12:01:42.300,-1.227439336971457,-0.4136855832507815,1.3964936953497755,1.1078643413338278,fms
2026-01-01 12:01:42.350,-1.121917989532194,-0.057343972167591926,1.3756504637655755,0.7422366125555012,fms
2026-01-01 12:01:42.400,-3.2862882192558143,0.09048297067370024,1.2995204903369935,0.2823935325853114,fms
2026-01-01 12:01:42.450,-0.032765284672517714,0.24748314679260225,1.3091896698594185,-0.08142215266336622,fms
2026-01-01 12:01:42.500,2.0202156116232475,0.15064908134946686,0.9552259435962487,-0.3388630363360918,fms
2026-01-01 12:01:42.550,-2.226010824087034,0.17082322213763745,0.8678134360056949,-0.5704694079287571,fms
2026-01-01 12:01:42.600,-0.592489773693047,0.08719634839481824,0.829498854040077,-0.6792975375547772,fms
2026-01-01 12:01:42.650,-1.1255533195373166,0.13696766131284624,0.7295166176745217,-0.7885267348575348,fms
2026-01-01 12:01:42.700,1.8830081606965805,0.10798280451074674,0.7747317904269713,-0.7644714282257918,fms
2026-01-01 12:01:42.750,-2.3811760504194233,0.299985172370087,0.7706002678819405,-0.5612573614787708,fms
2026-01-01 12:01:42.800,-1.0105234141391257,0.6366786168342511,0.8485606389817963,-0.6302852451622329,fms
2026-01-01 12:01:42.850,-2.558715993284021,0.9541204560269533,0.8271228356331762,-0.762375137461706,fms
2026-01-01 12:01:42.900,-5.856950781162649,1.09950289659241,0.8469854343046903,-0.8994022216747882,fms
2026-01-01 12:01:42.950,-2.2697946613993287,1.4774924585348461,0.44806812047621786,-1.2793530419707542,fms
2026-01-01 12:01:43.000,0.5192873967208174,1.5799714116972003,0.16688745873612199,-1.3484980060651597,fms
2026-01-01 12:01:43.050,0.28479712647940175,1.478621201137233,-0.22199961382261071,-1.4539944245282324,fms
2026-01-01 12:01:43.100,1.0283774652835498,1.3244273830473527,-0.6075860675391622,-1.3044045879005683,fms
2026-01-01 12:01:43.150,2.632665821703412,1.1202792239298152,-0.9106382020895503,-1.0956058795226897,fms
2026-01-01 12:01:43.200,0.1329292060397182,0.9906778625292922,-1.0221588454110102,-0.8291834310332356,fms
2026-01-01 12:01:43.250,1.5551085319596392,0.7743627080134795,-1.242895559207512,-0.3271280514463097,fms
2026-01-01 12:01:43.300,-0.3583793079066428,0.7124834081310905,-1.1761894000763558,0.08092919787558947,fms
2026-01-01 12:01:43.350,1.8689699386250092,0.6679126971391423,-0.9652997956248742,0.44448883236222875,fms
2026-01-01 12:01:43.400,0.5906440305301748,0.7084954407545243,-0.9130733759253787,0.6500946337195539,fms
2026-01-01 12:01:43.450,-0.8109112302083967,0.8899170181172512,-0.7291634264588236,0.8755756435552662,fms
2026-01-01 12:01:43.500,2.1843627838097444,0.9606792795577552,-0.8542535574667335,0.7716553972355229,fms
2026-01-01 12:01:43.550,-1.4251585057962726,0.9184439946616438,-0.918575367988377,0.8551871842155463,fms
2026-01-01 12:01:43.600,-0.4272464969459434,0.76401911935776,-0.9773993485524253,0.7380441630904028,fms
2026-01-01 12:01:43.650,2.317462669208183,0.6070954597070359,-1.0968830439423825,0.7630613653520237,fms
2026-01-01 12:01:43.700,1.1856543335420466,0.27770608837091576,-1.2106965609583034,0.7765795493347718,fms
2026-01-01 12:01:43.750,0.15571373375658504,-0.031036317980075723,-1.2537807175134281,0.8040983180922288,fms
2026-01-01 12:01:43.800,0.7265870240992025,-0.42788477332167957,-0.9588852872066576,1.0127587172304064,fms
2026-01-01 12:01:43.850,3.526059994193295,-0.6818079173056243,-0.9208050626986062,1.2599378644998112,fms
2026-01-01 12:01:43.900,-0.8119450945938229,-0.7946481923040941,-0.4301032821438142,1.31679098257464,fms
2026-01-01 12:01:43.950,-0.34970059032811596,-0.8294603392884674,0.029234841442194126,1.1550893663183435,fms
2026-01-01 12:01:44.000,-3.891788571172655,-0.8019352994507473,0.22067744323722585,1.0483953981364584,fms
2026-01-01 12:01:44.050,1.230852934007802,-0.6666546144798317,0.5911662983411865,0.8666079858545567,fms
2026-01-01 12:01:44.100,2.2928232744042107,-0.6460017570672832,0.7622382653695456,0.41205660314567083,fms
2026-01-01 12:01:44.150,3.1164635983153977,-0.7111570433947346,0.8081816240599989,0.048836618592097085,fms
2026-01-01 12:01:44.200,3.38857704929438,-0.599366240910188,0.7391932809893755,-0.4086536939472275,fms
2026-01-01 12:01:44.250,-1.4634303261611754,-0.8349189688148133,0.7681576801538521,-0.7807094009216536,fms
2026-01-01 12:01:44.300,-4.282702761586107,-1.137797272424208,0.6595728702827539,-0.9724242686959182,fms
2026-01-01 12:01:44.350,3.269648493962509,-1.3076208666208964,0.6476921445378669,-1.0452483732616866,fms
2026-01-01 12:01:44.400,1.210319342158032,-1.5886679741455316,0.6769359134846034,-1.00374056936715,fms
2026-01-01 12:01:44.450,0.033085832488959355,-1.6193487502474717,0.9826593293771608,-0.9518344384098556,fms
2026-01-01 12:01:44.500,0.5286107251716801,-1.4887306754152787,1.0935857087637189,-0.845425013181395,fms
2026-01-01 12:01:44.550,1.458284725166448,-1.4015877088387203,1.299779497839205,-0.8584768492133056,fms
2026-01-01 12:01:44.600,-2.89464916160295,-1.048312165348285,1.5369092908405366,-0.8035150376507275,fms
2026-01-01 12:01:44.650,0.8230923181459462,-0.7224074157188077,1.5475834246782598,-0.9277076822761146,fms
2026-01-01 12:01:44.700,0.017803456458641342,-0.49607104413537817,1.3713320842391916,-0.966624654667837,fms
2026-01-01 12:01:44.750,-2.984939527402183,-0.24468763736074128,1.0371484917357108,-1.1399389645969307,fms
2026-01-01 12:01:44.800,-0.2859275684701358,-0.25681704235028324,0.7667968408867473,-1.0833556916550853,fms
2026-01-01 12:01:44.850,1.8456983967042557,-0.22457370479573016,0.41143121989941916,-1.0192985705144568,fms
2026-01-01 12:01:44.900,0.5852606609613211,-0.24608240656762792,-0.03887850759918686,-0.8059934627887502,fms
2026-01-01 12:01:44.950,3.0878739938756183,-0.29975254389080047,-0.19684623371475282,-0.5063313608821978,fms
2026-01-01 12:01:45.000,-1.7118197079059478,-0.4064343482122498,-0.3681092280751976,-0.08234495754432297,fms
2026-01-01 12:01:45.050,-0.2964556403538894,-0.2789065202467279,-0.45815148520933485,0.29839317816191746,fms
2026-01-01 12:01:45.100,-0.5738304569433795,-0.1120662285783185,-0.46606751096598953,0.7645001907851607,fms
2026-01-01 12:01:45.150,-0.6954581036388292,0.23116100514190327,-0.32611937030161314,0.9800910350468619,fms
2026-01-01 12:01:45.200,-0.7253916300565454,0.6663014105677217,-0.3545491485027267,1.2247967027945703,fms
2026-01-01 12:01:45.250,-0.7887255512781666,0.8527963465073628,-0.4391697829440847,1.1941008557365034,fms
2026-01-01 12:01:45.300,-0.5827852105205718,1.1361378228536843,-0.6625534407689817,1.1364548984157514,fms
2026-01-01 12:01:45.350,-0.49957461525615715,1.3515583200589198,-0.8584045612024349,1.014640064611405,fms
2026-01-01 12:01:45.400,-0.3736755964562928,1.422660392512663,-1.0902603776735584,0.8694582147660032,fms
2026-01-01 12:01:45.450,-0.44083242470083495,1.2468252883745887,-1.4260476653455094,0.8158047147344774,fms
2026-01-01 12:01:45.500,-0.755412809736703,1.1724835558283537,-1.525483575766751,0.6946701642566682,fms
2026-01-01 12:01:45.550,-0.8782580811750205,1.0165116812430184,-1.5775435299627336,0.8465776240369824,fms
2026-01-01 12:01:45.600,-1.176710731491694,0.8384962202432998,-1.5334763525567083,0.8647045174203735,fms
2026-01-01 12:01:45.650,-1.4613940809595083,0.8000701609120449,-1.2656475473966977,1.004152713837453,fms
2026-01-01 12:01:45.700,-1.5103139913465684,0.8565939984808214,-1.0692180414571193,0.9393291236168526,fms
2026-01-01 12:01:45.750,-1.573925372435536,0.9713472617769389,-0.6124314797644003,0.8001661445307999,fms
2026-01-01 12:01:45.800,-1.4795081755827035,1.0644606573001332,-0.3215038418716417,0.5942334224699826,fms
2026-01-01 12:01:45.850,-1.359311041325059,1.361610664249535,-0.1174086185372688,0.04965673378094891,fms
2026-01-01 12:01:45.900,-1.0577997036136528,1.3866120528654853,-0.06194327617063266,-0.27300431812497866,fms
2026-01-01 12:01:45.950,-0.8526970822148302,1.2783226702308028,-0.07729625623633375,-0.692861784357483,fms
2026-01-01 12:01:46.000,-0.8137641529925939,1.0123984956506062,0.008613915212409715,-1.0679485479783863,fms
2026-01-01 12:01:46.050,-0.7308407850589538,0.8214105697541721,-0.022309215580241834,-1.1998566270100313,fms
2026-01-01 12:01:46.100,-0.7850083935944062,0.33451424816913405,0.017578715974868767,-1.326010366548479,fms
2026-01-01 12:01:46.150,-0.8626831538255914,0.040208897834306444,0.13789157808939875,-1.176806560975753,fms
2026-01-01 12:01:46.200,-0.9989286470048455,-0.16934959430885266,0.39203427168472776,-1.1035968625824675,fms
2026-01-01 12:01:46.250,-1.0762886977717696,-0.2725303709241558,0.7617092837961776,-1.0130603651920667,fms
2026-01-01 12:01:46.300,-1.143719935417947,-0.4848889142690892,1.0415105129352795,-0.7788410315089005,fms
2026-01-01 12:01:46.350,-1.0249361648135058,-0.5202170308390932,1.41178792013111,-0.7534551657628233,fms
2026-01-01 12:01:46.400,-0.8391799048220714,-0.3701346237033024,1.543441467734869,-0.7485247114085912,fms
2026-01-01 12:01:46.450,-0.581829032794337,-0.31096836130204164,1.573302076427239,-0.6113928631459428,fms
2026-01-01 12:01:46.500,-0.2071513469626295,-0.35579594718281454,1.464073040769944,-0.7681399156434072,fms
2026-01-01 12:01:46.550,0.018041985985548577,-0.4412002392115074,1.2905661979286114,-0.7491171380848445,fms
2026-01-01 12:01:46.600,0.25415495522218146,-0.7427016484542829,1.0439349289084834,-0.6780079191298336,fms
2026-01-01 12:01:46.650,0.3028997522097994,-0.8132348611336702,0.754890345828193,-0.41384627338842445,fms
2026-01-01 12:01:46.700,0.35373748787819453,-1.2255292333966463,0.6090247364699114,-0.11946020749976939,fms
2026-01-01 12:01:46.750,0.2935137927014374,-1.4088579636463936,0.46283964165355773,0.2761767696439589,fms
2026-01-01 12:01:46.800,0.19423273161269716,-1.5228388202030891,0.4531902068144497,0.7195145524447136,fms
2026-01-01 12:01:46.850,0.08726183911486299,-1.5712431503397846,0.46338472523676905,1.1305413120175218,fms
2026-01-01 12:01:46.900,0.2124244205184817,-1.50167976851654,0.48924627393661346,1.3363644080361028,fms
2026-01-01 12:01:46.950,0.1977554073537025,-1.1943848805512376,0.5026260552161516,1.5414477892681493,fms
2026-01-01 12:01:47.000,0.3453040724793389,-1.0108069300775062,0.4119468266202308,1.4669404147140128,fms
2026-01-01 12:01:47.050,0.8271374613981891,-0.7932563350760766,0.1634457075573358,1.3304606511789958,fms
2026-01-01 12:01:47.100,1.0414800978378052,-0.6038254224556713,-0.03597467780182183,1.0765134691878604,fms
2026-01-01 12:01:47.150,1.3347105791961043,-0.504061039761564,-0.4239513062615544,0.8529586038966013,fms
2026-01-01 12:01:47.200,1.4129924611441527,-0.6115615351464125,-0.8215823818404674,0.6795622220483494,fms
2026-01-01 12:01:47.250,1.4425861753181741,-0.5961272573070141,-1.1957852836860872,0.5647250580420657,fms
2026-01-01 12:01:47.300,1.325777869522386,-0.715777347465765,-1.4458684040693657,0.5739422374802934,fms
2026-01-01 12:01:47.350,1.2603156000985383,-0.7441129276064109,-1.5332414423123464,0.5542025109460474,fms
2026-01-01 12:01:47.400,1.021185908985976,-0.7013820923411636,-1.3559002989339513,0.5959701144443613,fms
2026-01-01 12:01:47.450,0.8657396674072395,-0.5789928859926196,-1.2508957553112905,0.528771245822946,fms
2026-01-01 12:01:47.500,0.7858246234627502,-0.30334162134815795,-0.9973434532324023,0.4140809152233095,fms
2026-01-01 12:01:47.550,0.819856298865889,0.14204481803132976,-0.8839286600178102,0.12307809085274252,fms
2026-01-01 12:01:47.600,0.9812113616973218,0.4322251104641829,-0.6969961164557017,-0.08627803620753738,fms
2026-01-01 12:01:47.650,1.1880234821705158,0.7266646820580445,-0.661053601215973,-0.6869397202034295,fms
2026-01-01 12:01:47.700,1.4043012121098586,0.971258361250341,-0.6940125814452512,-1.106378689431143,fms
2026-01-01 12:01:47.750,1.3577584420676179,1.029159650085511,-0.7555676990848497,-1.324315743890044,fms
2026-01-01 12:01:47.800,1.4079031297953468,1.1109433313418253,-0.905967924945096,-1.463856070597716,fms
2026-01-01 12:01:47.850,1.2219796912300398,0.8943612788067957,-0.959587998999035,-1.4633272673547548,fms
2026-01-01 12:01:47.900,0.9960027551162519,0.7867199495951264,-0.8282417113890818,-1.4234611168122075,fms
2026-01-01 12:01:47.950,0.7385919668248068,0.7357085218675101,-0.5348646164281392,-1.267994634808897,fms
2026-01-01 12:01:48.000,0.45662871495163027,0.7779397676243008,-0.2129197313042431,-0.9207542854308439,fms
2026-01-01 12:01:48.050,0.29508547048862865,0.8649737031995534,0.10963387235659233,-0.7261108036319301,fms
2026-01-01 12:01:48.100,0.16530879253994538,0.9975443014390477,0.6222708581246051,-0.5869894618925439,fms
2026-01-01 12:01:48.150,0.12232497450944077,1.2234502655638246,0.865178326156241,-0.43469832486790616,fms
2026-01-01 12:01:48.200,0.09813016032477911,1.4289733838697667,1.0355454564993907,-0.37825101662732447,fms
2026-01-01 12:01:48.250,0.1539421841742356,1.561442976866585,1.1633568166856876,-0.3924651291127044,fms
2026-01-01 12:01:48.300,0.3169910485557624,1.4671056192438636,1.1775371232267893,-0.35990276170875346,fms
2026-01-01 12:01:48.350,0.3512881185998743,1.2854759593650513,1.0292349273291401,-0.27376849850118057,fms
2026-01-01 12:01:48.400,0.2232856155225783,1.0484685839734529,0.9103125934756001,-0.04156487784484646,fms
2026-01-01 12:01:48.450,0.06634469191607781,0.6751206073270849,0.8315455197992971,0.18636118274618657,fms
2026-01-01 12:01:48.500,-0.2822522026854363,0.519157883861127,0.7381396987923755,0.5598860806350853,fms
2026-01-01 12:01:48.550,-0.5278352938899652,0.10024960933143842,0.7824136050849902,0.8078914574089848,fms
2026-01-01 12:01:48.600,-0.9254391893015752,0.12978664056464828,0.9964813066747052,1.2159757511991842,fms
2026-01-01 12:01:48.650,-1.0833448091898066,-0.0578644555003521,1.096072190286661,1.4392624680321422,fms
2026-01-01 12:01:48.700,-1.148685076035967,-0.002171682453761571,1.1859294860069922,1.5194009957004193,fms
2026-01-01 12:01:48.750,-1.1107518131629406,0.062029684999590703,1.2136079328982525,1.5539522732114839,fms
2026-01-01 12:01:48.800,-1.02395177589217,0.13166206668332017,1.0484813268986266,1.3782346397782779,fms
2026-01-01 12:01:48.850,-0.8378529677370651,0.03764425564782407,0.8960382133279892,1.0696056544397365,fms
2026-01-01 12:01:48.900,-0.7867284797447472,-0.09147532162691674,0.383835931460271,0.762177168279438,fms
2026-01-01 12:01:48.950,-0.775666666747262,-0.304321282186715,0.12601221834757081,0.4689120477145593,fms
2026-01-01 12:01:49.000,-0.7396683427533751,-0.594991249012354,-0.28297047685104165,0.3902086009624435,fms
2026-01-01 12:01:49.050,-0.8976071683845277,-0.8306782801346231,-0.5398273567773652,0.24914230824062994,fms
2026-01-01 12:01:49.100,-1.0855231713079163,-1.2766572801328024,-0.76711987688498,0.18610170907536383,fms
2026-01-01 12:01:49.150,-1.3679330621001524,-1.379153342409582,-0.8742871897543144,0.17048096134083848,fms
2026-01-01 12:01:49.200,-1.5216133783798649,-1.500845977204047,-0.8399872227605216,0.12091392316390975,fms
2026-01-01 12:01:49.250,-1.571645610664103,-1.5104491272484106,-0.7422217200344513,-0.04373141869185761,fms
2026-01-01 12:01:49.300,-1.5803582908043041,-1.1963347170693885,-0.7917874587250398,-0.25048866054722224,fms
2026-01-01 12:01:49.350,-1.3584746772027725,-1.0750271402867455,-0.6792235839316799,-0.47819781586897386,fms
2026-01-01 12:01:49.400,-1.0849561640156158,-0.8221558684753039,-0.7076630270845964,-0.8759834113196556,fms
2026-01-01 12:01:49.450,-0.7924115504143179,-0.7503888259299177,-1.0014358956798777,-1.2253831761412048,fms
2026-01-01 12:01:49.500,-0.6592426767302015,-0.824619585776349,-1.1246152730046097,-1.3331331499496277,fms
2026-01-01 12:01:49.550,-0.5745260195976577,-0.9614975735783229,-1.2915458829249344,-1.5742284937166438,fms
2026-01-01 12:01:49.600,-0.4683952306370612,-0.9675242714834585,-1.4115135470400864,-1.5130196106989724,fms
2026-01-01 12:01:49.650,-0.5343820306143389,-1.0555368930202513,-1.4162916031064006,-1.4308090969876466,fms
2026-01-01 12:01:49.700,-0.6270776440443621,-1.1104893008026624,-1.2789344078360707,-1.1549673979406956,fms
2026-01-01 12:01:49.750,-0.6611537193702104,-1.0646277998365992,-1.1073747798693914,-0.9405674239567201,fms
2026-01-01 12:01:49.800,-0.7852679028618625,-0.8825553726201135,-0.8550708153318071,-0.4610879807123758,fms
2026-01-01 12:01:49.850,-0.5763846781402244,-0.6080362177527703,-0.36465709467011415,-0.3399646754303552,fms
2026-01-01 12:01:49.900,-0.6363495065931756,-0.28288647299780567,-0.03862450157261476,-0.13193560413328337,fms
2026-01-01 12:01:49.950,-0.32243938765417873,0.05982617018479823,0.21772111833486862,-0.008471998017097103,fms
2026-01-01 12:01:50.000,0.06241421610184401,0.34325020190306516,0.4262872472253986,0.009909327247016028,fms
2026-01-01 12:01:50.050,0.319677904707199,0.5560059250037702,0.48009977404822257,0.03469216595013106,fms
2026-01-01 12:01:50.100,0.5793258439255283,0.6637184485790134,0.3696236361063681,0.11819310774502584,fms
2026-01-01 12:01:50.150,0.6608845768442313,0.559794617465521,0.42127376055862925,0.24677853486761767,fms
2026-01-01 12:01:50.200,0.829631060408627,0.5478125381896433,0.3208017087118452,0.42783978197640593,fms
2026-01-01 12:01:50.250,0.7025753855065027,0.5438224864128679,0.4533073331360595,0.7801100719145091,fms
2026-01-01 12:01:50.300,0.6248217044598665,0.4938973864945649,0.6193059878625767,0.9753211525909061,fms
2026-01-01 12:01:50.350,0.482579593703096,0.6168537559761067,0.8709753827715295,1.3350142881374654,fms
2026-01-01 12:01:50.400,0.45781071001671936,0.6819198981445127,1.09369976823643,1.5327335199175594,fms
2026-01-01 12:01:50.450,0.5623244244144396,0.9940233688786462,1.3670457103918912,1.6150130414250587,fms
2026-01-01 12:01:50.500,0.6706629897952128,1.1696443355501493,1.5974355587758577,1.5843923400810063,fms
2026-01-01 12:01:50.550,0.9034953883827629,1.4381320420713983,1.6206945181269632,1.2893216991379086,fms
2026-01-01 12:01:50.600,1.1348681916397656,1.6878190969334153,1.470340907819292,0.9573681291661449,fms
2026-01-01 12:01:50.650,1.3975273102931398,1.7027372740040143,1.213573825181758,0.6121460072522341,fms
2026-01-01 12:01:50.700,1.5572087203003158,1.4886269631627844,1.0449861826004556,0.2820650142299973,fms
2026-01-01 12:01:50.750,1.6404024086222169,1.235293331606562,0.6314030751813364,-0.12093283253000624,fms
2026-01-01 12:01:50.800,1.4857035670519478,0.9787568756599828,0.37082567659496973,-0.13383298674152783,fms
2026-01-01 12:01:50.850,1.3449561238675616,0.8045965527316047,0.01640722184693441,-0.2606666868940437,fms
2026-01-01 12:01:50.900,1.082497087984426,0.6372202211146013,0.13478848592796705,-0.3006552737393486,fms
2026-01-01 12:01:50.950,0.917856517337149,0.44330930577205563,-0.00043418672626936716,-0.3414199316669738,fms
2026-01-01 12:01:51.000,0.8009154513106,0.3916120291898717,0.07949174628265476,-0.29170345130783093,fms
2026-01-01 12:01:51.050,0.6663744007090663,0.5143152100601576,0.05515617864378138,-0.44407262680393333,fms
2026-01-01 12:01:51.100,0.761891795483483,0.5050593306834993,-0.04542396185598581,-0.6747112526936108,fms
2026-01-01 12:01:51.150,0.9396825509685239,0.5078764086533245,-0.13630530379684802,-0.9145453319783353,fms
2026-01-01 12:01:51.200,0.9492065846949225,0.502490021774251,-0.3453707128346721,-1.2163365093184397,fms
2026-01-01 12:01:51.250,1.0959496139566909,0.3934712671161166,-0.6984910452888916,-1.4070569589985458,fms
2026-01-01 12:01:51.300,1.147273422028502,0.15150698592934075,-1.0032888298292104,-1.5893542219204697,fms
2026-01-01 12:01:51.350,1.127134892595625,-0.31174048772970353,-1.3822139112476437,-1.5213862905534223,fms
2026-01-01 12:01:51.400,0.8955735130241924,-0.508371073379179,-1.5364576143528157,-1.349628993469857,fms
2026-01-01 12:01:51.450,0.6003429770319748,-0.9000514766154702,-1.6055503519516567,-1.0651056778414016,fms
2026-01-01 12:01:51.500,0.3171628311728647,-1.1436058018407866,-1.4535245685158877,-0.6912161793204371,fms
2026-01-01 12:01:51.550,0.0025786966922392296,-1.187508575034036,-1.2792276982880402,-0.2635704617127472,fms
2026-01-01 12:01:51.600,-0.2968290014813093,-1.2578213209469902,-1.0653672303778385,0.18128904713773858,fms
2026-01-01 12:01:51.650,-0.41074636707810613,-1.0941459927155481,-0.8512191484615407,0.2731013985213237,fms
2026-01-01 12:01:51.700,-0.28059557232975985,-0.9937325307290709,-0.5909483007757081,0.5139745553953242,fms
2026-01-01 12:01:51.750,-0.3071916756741256,-0.8459261265658624,-0.5034623675995363,0.550769616457064,fms
2026-01-01 12:01:51.800,-0.16267794253615234,-0.8221352866808729,-0.4749808627103127,0.45273272612313165,fms
2026-01-01 12:01:51.850,-0.13768192819788339,-0.8288029606334331,-0.5339430569607314,0.567470195692982,fms
2026-01-01 12:01:51.900,-0.10230741889439285,-1.0109819512137785,-0.5330541598842661,0.5307953130824802,fms
2026-01-01 12:01:51.950,-0.22677829548839992,-1.130451599209377,-0.47346855147570555,0.768045173169853,fms
2026-01-01 12:01:52.000,-0.48832698714389755,-1.2858827612606953,-0.4019597883330586,0.6866417319615912,fms
2026-01-01 12:01:52.050,-0.7820323190890969,-1.4199789914245642,-0.17558141508096825,1.0677467807736531,fms
2026-01-01 12:01:52.100,-1.0563197492653649,-1.3184054874662763,0.09252585348105896,1.3134547671664083,fms
2026-01-01 12:01:52.150,-1.2465431635755253,-1.3888893956269084,0.44810551170856827,1.5026767743061913,fms
2026-01-01 12:01:52.200,-1.3539226144078458,-1.0425788869647692,0.8017890977337448,1.4552067412004883,fms
2026-01-01 12:01:52.250,-1.4101361018049483,-0.7283602084774954,1.1667388482263112,1.3479220083380377,fms
2026-01-01 12:01:52.300,-1.323583310746824,-0.3795658623494298,1.4153389357574977,1.025434234906215,fms
2026-01-01 12:01:52.350,-1.1636769009940167,-0.1806413708402466,1.3347411586488436,0.6307113259815931,fms
2026-01-01 12:01:52.400,-0.9627992946870825,0.06818983974190188,1.3802875585624201,0.24135673865909618,fms
2026-01-01 12:01:52.450,-0.7947917402645449,0.22398745051284114,1.2684757742778092,-0.09247644920052528,fms
2026-01-01 12:01:52.500,-0.8298197531614506,0.23977316494143705,0.9279505719146036,-0.3928999958105665,fms
2026-01-01 12:01:52.550,-0.7814072075430423,0.18249827572692395,0.856274165061903,-0.5616228318535905,fms
2026-01-01 12:01:52.600,-0.917380570781385,0.07320169652111377,0.707280805570238,-0.6605778301130613,fms
2026-01-01 12:01:52.650,-1.1344921739854281,0.09512767111077124,0.6587790787606327,-0.8261812595771222,fms
2026-01-01 12:01:52.700,-1.3779735458553648,0.12657702809281635,0.7804789804342726,-0.7006051504239178,fms
2026-01-01 12:01:52.750,-1.4417578583314652,0.2745622715087336,0.8909781694743255,-0.7556110189045655,fms
2026-01-01 12:01:52.800,-1.3237894003828938,0.6114971180826303,0.9105994570782306,-0.6671239682149845,fms
2026-01-01 12:01:52.850,-1.2258802234065322,0.870856891182205,0.8763585095088113,-0.8275216695400723,fms
2026-01-01 12:01:52.900,-0.9392829269306445,1.2736056541699907,0.7948832757290911,-1.0506551505949309,fms
2026-01-01 12:01:52.950,-0.7671499078488512,1.3768198597743895,0.5326168454045,-1.2075486504374378,fms
2026-01-01 12:01:53.000,-0.32400380220158337,1.548023633931675,0.22926809892611366,-1.3714553807304724,fms
2026-01-01 12:01:53.050,-0.22207010119469292,1.4806260535068525,-0.1771104646608272,-1.3712576566482069,fms
2026-01-01 12:01:53.100,-0.06374754127663444,1.2737994287299959,-0.5499774122015232,-1.4125819688622612,fms
2026-01-01 12:01:53.150,-0.043823987922296206,1.185161765064168,-0.8720165832633255,-1.0886980256701042,fms
2026-01-01 12:01:53.200,-0.16802650778141895,0.9332152682617354,-1.1638456206810945,-0.7207069226891729,fms
2026-01-01 12:01:53.250,-0.21714659755032584,0.8433256111262097,-1.1394573958370016,-0.4074010253713173,fms
2026-01-01 12:01:53.300,-0.32888496526958605,0.696022254652388,-1.1146427773141352,-0.003881737119868389,fms
2026-01-01 12:01:53.350,-0.37729531440597563,0.721784318968352,-0.9813200880028786,0.3677297485179462,fms
2026-01-01 12:01:53.400,-0.2040319188549338,0.7842880071119266,-0.9111886918340274,0.7087666611715779,fms
2026-01-01 12:01:53.450,-0.07895002285504088,0.86770279659083,-0.8225915149568218,0.7253214149290698,fms
2026-01-01 12:01:53.500,0.23471737946320567,0.9739103614076904,-0.7457955291672,0.9437358527246142,fms
2026-01-01 12:01:53.550,0.5842986107710041,0.9557335902414182,-0.9206328673699163,0.8353823672332688,fms
2026-01-01 12:01:53.600,0.8064758107821475,0.9473744917871672,-0.9063548489027986,0.8053262186675465,fms
2026-01-01 12:01:53.650,1.05108689685148,0.588989255352684,-1.092813294215451,0.8233281302728122,fms
2026-01-01 12:01:53.700,1.1139778568707366,0.30867515623133573,-1.2017011199942198,0.7336594082292932,fms
2026-01-01 12:01:53.750,1.141111032961903,-0.05610533959738785,-1.183246215307753,0.8666699071527882,fms
2026-01-01 12:01:53.800,0.9841694750133346,-0.4327950119465837,-1.0362293067132984,1.0046800991298737,fms
2026-01-01 12:01:53.850,0.8820746775082213,-0.6373507088361503,-0.8884911184140193,1.201017698040425,fms
2026-01-01 12:01:53.900,0.8114212583377564,-0.812335805098453,-0.511678890296247,1.2526116976480375,fms
2026-01-01 12:01:53.950,0.7270947092453791,-0.8542012387079384,-0.1637005352898082,1.351129865903665,fms
2026-01-01 12:01:54.000,0.7726657958089103,-0.8220234482712743,0.1505684629694581,1.0337398777784212,fms
2026-01-01 12:01:54.050,0.9276200485864664,-0.7217099661335825,0.4922579796927695,0.8351637378826975,fms
2026-01-01 12:01:54.100,1.0853600310358669,-0.6348076320164773,0.7896449488734661,0.40797132393292,fms
2026-01-01 12:01:54.150,1.272265272798014,-0.621717739507222,0.8805758939717169,-0.0671211227878955,fms
2026-01-01 12:01:54.200,1.4350118423901406,-0.7086319859565768,0.7676442338279039,-0.440160295942891,fms
2026-01-01 12:01:54.250,1.6146970747082765,-0.8336546755786631,0.7203535127330919,-0.7423635847312582,fms
2026-01-01 12:01:54.300,1.5114503516312825,-1.2015420967689223,0.7618814136804541,-0.9623180388309102,fms
2026-01-01 12:01:54.350,1.3211743724915812,-1.3079736024001405,0.6153226615058272,-1.0492252190242082,fms
2026-01-01 12:01:54.400,1.2016881535334845,-1.4249804247523132,0.7631832942747988,-1.1768067386429035,fms
2026-01-01 12:01:54.450,0.8172071755907373,-1.631534418112621,0.8843902794923106,-0.9765630283573798,fms
2026-01-01 12:01:54.500,0.7223490273092102,-1.5016670519295103,1.1190288697156887,-0.9132003258748986,fms
2026-01-01 12:01:54.550,0.46723638179777693,-1.2704388606827157,1.2138833745598518,-0.8102759527425338,fms
2026-01-01 12:01:54.600,0.4266908457553634,-0.9955682871513588,1.468834379303026,-0.7537816598471925,fms
2026-01-01 12:01:54.650,0.46019294580206105,-0.8102930908314002,1.5453206808586835,-0.9191400233910922,fms
2026-01-01 12:01:54.700,0.5837797323380284,-0.4940711158075672,1.2947547978417189,-1.0071546555240585,fms
2026-01-01 12:01:54.750,0.7261436684876927,-0.32231950293407446,1.0832994534514262,-1.0972408516084997,fms
2026-01-01 12:01:54.800,0.734411711447591,-0.28588511524864224,0.6297838053677756,-1.0812694452640053,fms
2026-01-01 12:01:54.850,0.8081806173386176,-0.2381044577322748,0.28068360373326556,-1.0527270070756647,fms
2026-01-01 12:01:54.900,0.6276953246164544,-0.2602267014874716,0.10281182394217447,-0.8579589793591131,fms
2026-01-01 12:01:54.950,0.3675862937374729,-0.32680571520884366,-0.281911522907213,-0.46635284230117874,fms
2026-01-01 12:01:55.000,-0.027746677621778872,-0.23344898817398357,-0.3119871812163616,-0.03791854198434753,fms
2026-01-01 12:01:55.050,-0.31033586096515614,-0.24488883363719913,-0.49611035783827023,0.2975053153693993,fms
2026-01-01 12:01:55.100,-0.6438149958844184,-0.06837354148042271,-0.35103029871989483,0.7581313334789633,fms
2026-01-01 12:01:55.150,-0.674038542267792,0.2917088725486808,-0.3660044190260963,0.9931916745725872,fms
2026-01-01 12:01:55.200,-0.7659233062280517,0.59534044644623,-0.4274889145627392,1.2448357556022485,fms
2026-01-01 12:01:55.250,-0.7166389127426243,0.9493615553124707,-0.4698962005282819,1.1912355086136621,fms
2026-01-01 12:01:55.300,-0.6268799278989352,1.1590712347027636,-0.6394114529781523,1.1854621367905531,fms
2026-01-01 12:01:55.350,-0.5222452118728753,1.2915778839205434,-0.9817678970907013,0.984649418276637,fms
2026-01-01 12:01:55.400,-0.44704403289021594,1.2895053560398062,-1.1373282305846861,0.8810336125713663,fms
2026-01-01 12:01:55.450,-0.38296299618249374,1.2826103823320105,-1.4235302623755348,0.7442696477479784,fms
2026-01-01 12:01:55.500,-0.6649291900091774,1.1345407029284775,-1.4649879338962586,0.7676953023856641,fms
2026-01-01 12:01:55.550,-0.9160358698636795,0.9512849609791905,-1.6066538664054368,0.8232138639441338,fms
2026-01-01 12:01:55.600,-1.1079401664225728,0.9262473356130234,-1.493124460400515,0.9085635031575796,fms
2026-01-01 12:01:55.650,-1.3816499426248434,0.7478122617018947,-1.31171363982001,0.8854547829541968,fms
2026-01-01 12:01:55.700,-1.4616190227249861,0.793545486869248,-0.9261204091415556,0.9022247914103256,fms
2026-01-01 12:01:55.750,-1.5934815418128567,0.9721825354224936,-0.630984597698483,0.8446150864476887,fms
2026-01-01 12:01:55.800,-1.4870768690510119,1.1949728143265606,-0.35825237256561576,0.43013493186640933,fms
2026-01-01 12:01:55.850,-1.317236277005669,1.2552490527458733,-0.07547779946745704,0.10608166357187092,fms
2026-01-01 12:01:55.900,-1.1028165434954589,1.3328659084245722,-0.021135903638488315,-0.2864510233890857,fms
2026-01-01 12:01:55.950,-0.9227549913303977,1.2526152396258998,-0.08133731251485549,-0.7302647985743528,fms
2026-01-01 12:01:56.000,-0.7319739373002334,1.0008209151894865,-0.03412080068435077,-1.0677696199593916,fms
2026-01-01 12:01:56.050,-0.6870754536795708,0.7295549145513786,0.0015357418184512583,-1.1473305845880641,fms
2026-01-01 12:01:56.100,-0.7855918281516394,0.3249308082624818,-0.05718013982393223,-1.2353112676315492,fms
2026-01-01 12:01:56.150,-0.8778836289225571,0.023287861143734476,0.17133762880308534,-1.2531454344036579,fms
2026-01-01 12:01:56.200,-1.0183362860786318,-0.14984755343820289,0.399534167342986,-1.1055227861060895,fms
2026-01-01 12:01:56.250,-1.0641364226969185,-0.3613245125074368,0.88954421931073,-0.9190600886958764,fms
2026-01-01 12:01:56.300,-1.2298381240023373,-0.43804538141071475,0.9660464828065952,-0.8835230075084981,fms
2026-01-01 12:01:56.350,-1.0220280698698698,-0.4505361625212741,1.3707728204682457,-0.7756942853381709,fms
2026-01-01 12:01:56.400,-0.8114625108774609,-0.3701327753182507,1.4293182295459634,-0.7568721696211494,fms
2026-01-01 12:01:56.450,-0.5635847989431774,-0.2455169448257293,1.5907040289016199,-0.7697626496333774,fms
2026-01-01 12:01:56.500,-0.3037297498375423,-0.30212962653142456,1.5189667670215308,-0.8466285994404488,fms
2026-01-01 12:01:56.550,-0.041882572950565564,-0.4669430142566628,1.273651456177093,-0.8046563298367301,fms
2026-01-01 12:01:56.600,0.24120366365328916,-0.6240731511040365,0.9848787298020953,-0.6248159576934108,fms
2026-01-01 12:01:56.650,0.3229724728998256,-0.9169716656581427,0.6683140734324697,-0.4297144195593194,fms
2026-01-01 12:01:56.700,0.3658329379819366,-1.1224774522021375,0.6979378448821825,-0.1931638083893501,fms
2026-01-01 12:01:56.750,0.27193923356437766,-1.4701656897023658,0.46811116786244134,0.30332731063618423,fms
2026-01-01 12:01:56.800,0.15695188040674005,-1.5678953675207443,0.4738445158245217,0.606140222512316,fms
2026-01-01 12:01:56.850,0.059141884734108294,-1.561903920117378,0.5138812147216958,1.160912912203654,fms
2026-01-01 12:01:56.900,0.05627353705440216,-1.411549463697326,0.47003409340164803,1.3454140180055503,fms
2026-01-01 12:01:56.950,0.3227739530686655,-1.2385429322658976,0.4544604614879768,1.3922017859625442,fms
2026-01-01 12:01:57.000,0.481462736232326,-0.9615253647464884,0.39238992543890366,1.4311376268464002,fms
2026-01-01 12:01:57.050,0.7307516180618083,-0.7481945538668511,0.26605637463668896,1.2905926609019118,fms
2026-01-01 12:01:57.100,1.1742385174971306,-0.589073884087214,-0.05256396334959374,1.0994198593642508,fms
2026-01-01 12:01:57.150,1.3140505807284342,-0.5009617603578354,-0.4857059255129711,0.872702987782487,fms
2026-01-01 12:01:57.200,1.3916002332037827,-0.5283312527876953,-0.8714601294519815,0.6802068555058669,fms
2026-01-01 12:01:57.250,1.406161961384834,-0.6440540121920241,-1.144054976912537,0.5756655714176446,fms
2026-01-01 12:01:57.300,1.308868867404763,-0.7060220146268916,-1.3690180052844365,0.48680748990448613,fms
2026-01-01 12:01:57.350,1.2146322356692623,-0.8210871924817996,-1.4835852127035831,0.5433059139453887,fms
2026-01-01 12:01:57.400,0.9839970173521257,-0.785862618780816,-1.3764653448497786,0.6527028040524545,fms
2026-01-01 12:01:57.450,0.9280556381562662,-0.5013028610162877,-1.2425953617362269,0.5790236186604184,fms
2026-01-01 12:01:57.500,0.7566637256884436,-0.1755974490529115,-1.0489865995561114,0.3833855213544368,fms
2026-01-01 12:01:57.550,0.9173597874059958,0.1195213737734453,-0.8434368530736478,0.11592148671032607,fms
2026-01-01 12:01:57.600,1.0100178810358014,0.5236623785164307,-0.7757148363039877,-0.1490166289342783,fms
2026-01-01 12:01:57.650,1.1959922712504905,0.800242162500471,-0.7141224807007899,-0.5553109992076969,fms
2026-01-01 12:01:57.700,1.2702318271147532,1.0351442022393058,-0.7945937647267878,-0.9699124675363384,fms
2026-01-01 12:01:57.750,1.4223927227179858,1.0300166151941397,-0.7872136965264358,-1.247556835759489,fms
2026-01-01 12:01:57.800,1.4106705400570436,1.0626816289600796,-0.8770782716175383,-1.547512492349387,fms
2026-01-01 12:01:57.850,1.2699354874610924,0.9364635955919182,-0.8523730083331761,-1.5923270335863344,fms
2026-01-01 12:01:57.900,1.0325382049442218,0.8556705743118003,-0.7728415544150674,-1.4190204423823256,fms
2026-01-01 12:01:57.950,0.7973141671162616,0.7534816502030294,-0.5909500722224392,-1.1700763446689406,fms
2026-01-01 12:01:58.000,0.4880436772937994,0.7154231803886674,-0.17346632062267348,-1.1164047923234404,fms
2026-01-01 12:01:58.050,0.2335761888649611,0.9054100041298665,0.2377785430603619,-0.7103094264862381,fms
2026-01-01 12:01:58.100,0.13704619106812146,1.1208612317483493,0.6099424270450948,-0.4514996149853047,fms
2026-01-01 12:01:58.150,0.07510449176106163,1.2938076505324614,0.8832637360016702,-0.38221947747430196,fms
2026-01-01 12:01:58.200,0.24620610171015958,1.4137914552243345,1.150243148579437,-0.40520425746647665,fms
2026-01-01 12:01:58.250,0.1464236759430894,1.516970142116783,1.1706583690677952,-0.4132916064818681,fms
2026-01-01 12:01:58.300,0.3183675837685681,1.5331579843485792,1.1403514631593534,-0.29476492194014914,fms
2026-01-01 12:01:58.350,0.3465306471970656,1.2875584564879823,1.010620473478523,-0.28578151524289297,fms
2026-01-01 12:01:58.400,0.2129302262522742,1.1700236243153648,0.8989758857996637,-0.098025622294167,fms
2026-01-01 12:01:58.450,0.05242448253017576,0.69323475952477,0.8515227018595417,0.20059202907133794,fms
2026-01-01 12:01:58.500,-0.12744522695150723,0.42364542250681836,0.7559250224973558,0.5056391245236641,fms
2026-01-01 12:01:58.550,-0.5079379715231103,0.25616305917483667,0.8203918159263396,0.8699521052436411,fms
2026-01-01 12:01:58.600,-0.8499179081665598,-0.08164933415698697,0.9095391455476473,1.1671754839143618,fms
2026-01-01 12:01:58.650,-1.1012428889109847,0.06604597930398373,1.2828592356271709,1.5079110713580017,fms
2026-01-01 12:01:58.700,-1.0367603187396601,0.03936632577505918,1.3057975525218952,1.5639743526962584,fms
2026-01-01 12:01:58.750,-1.080856446113737,0.023042878099884895,1.235652160703343,1.4859413515476516,fms
2026-01-01 12:01:58.800,-0.9659526622031271,0.07997267582007403,1.1141068054210685,1.3173256426798485,fms
2026-01-01 12:01:58.850,-0.8583199858989675,0.08000930488129755,0.8959575442551881,1.0348048516297077,fms
2026-01-01 12:01:58.900,-0.7049206865241806,0.018304856877843792,0.6540599038044204,0.7532768090660037,fms
2026-01-01 12:01:58.950,-0.7478436134982297,-0.3152384426291962,0.12688181466661513,0.4628201899590458,fms
2026-01-01 12:01:59.000,-0.810709692782148,-0.5614611935398296,-0.2352270399088641,0.5028498242377557,fms
2026-01-01 12:01:59.050,-0.8749886385263116,-0.9618699502512496,-0.5947256551012479,0.16783653531214304,fms
2026-01-01 12:01:59.100,-1.1453329560785852,-1.227200510144379,-0.8405057718482146,0.16331473180838701,fms
2026-01-01 12:01:59.150,-1.4593514126285994,-1.3851349046199462,-0.8122020203264664,0.248789340409224,fms
2026-01-01 12:01:59.200,-1.4427148487494421,-1.5165455841585191,-0.850864002175878,0.08889578634072022,fms
2026-01-01 12:01:59.250,-1.518446409824135,-1.429700463904575,-0.7483186264084247,-0.022545414197807666,fms
2026-01-01 12:01:59.300,-1.497309219368094,-1.254067969303392,-0.8396458490518639,-0.24924640177583463,fms
2026-01-01 12:01:59.350,-1.3399305127743628,-1.074321354297994,-0.6625486218525033,-0.4832337737841401,fms
2026-01-01 12:01:59.400,-1.1458428354153103,-0.9074542361822193,-0.7357307496050849,-0.7729040485779075,fms
2026-01-01 12:01:59.450,-0.8853087355938909,-0.7865694268540581,-1.0177625959671344,-1.1888258704737678,fms
2026-01-01 12:01:59.500,-0.5786526210780534,-0.7716683705209875,-1.185324843141748,-1.4790050347261203,fms
2026-01-01 12:01:59.550,-0.4369600718045008,-0.7633884589808336,-1.305089591121818,-1.616718607756396,fms
2026-01-01 12:01:59.600,-0.5011540955773294,-0.9960396447707516,-1.5153811500295347,-1.6109656367388652,fms
2026-01-01 12:01:59.650,-0.4919650681492069,-1.0456094205965514,-1.4820302431657648,-1.4785582070549927,fms
2026-01-01 12:01:59.700,-0.6840912548455202,-1.1022356496700125,-1.3154639637620877,-1.1587808840481357,fms
2026-01-01 12:01:59.750,-0.7426034989928041,-1.049378001854709,-1.1210293266556526,-0.8643915250749616,fms
2026-01-01 12:01:59.800,-0.7358105522892228,-1.0190654587176797,-0.77872505874657,-0.4658298839775799,fms
2026-01-01 12:01:59.850,-0.9151717762175298,-0.7061378430962152,-0.3462912798253311,-0.2839661395602491,fms
2026-01-01 12:01:59.900,-0.741374960719163,-0.3210374095315622,0.03133515098016702,-0.022565014090712154,fms
2026-01-01 12:01:59.950,-0.244877462683875,0.023404987444870677,0.21068524803818936,0.15469638963295754,fms
2026-01-01 12:02:00.000,0.033356512333590764,0.2549851135015044,0.35850576586545657,0.06695957070260988,fms
2026-01-01 12:02:00.050,0.3611508174503936,0.6412659980609448,0.45567364357857465,0.046780392031262275,fms
2026-01-01 12:02:00.100,0.5614766928603423,0.5478118997903013,0.3495142774734511,0.16314218291274665,fms
2026-01-01 12:02:00.150,0.7692963305787772,0.5710372425142113,0.36136046049090903,0.2736321182336767,fms
2026-01-01 12:02:00.200,0.8363030352660641,0.6314362384076273,0.4485852769767031,0.5132950248152744,fms
2026-01-01 12:02:00.250,0.7950574008591882,0.47616979492913863,0.3880378784568308,0.5893864200148684,fms
2026-01-01 12:02:00.300,0.6252653333676326,0.49550748652276805,0.5529489437879199,1.0450911869303219,fms
2026-01-01 12:02:00.350,0.5513248808692,0.5754327440714839,0.8695656953318235,1.361146705509841,fms
2026-01-01 12:02:00.400,0.4234948266902628,0.6945830661155781,1.13415648122974,1.4287533735497309,fms
2026-01-01 12:02:00.450,0.40002068289247666,0.9073500096749283,1.4125372022099485,1.5228459122024218,fms
2026-01-01 12:02:00.500,0.604072458550905,1.1196201445352223,1.4805512822599736,1.4569036340520467,fms
2026-01-01 12:02:00.550,0.9717263505338747,1.4008011146747743,1.5925670242051808,1.2347550087281929,fms
2026-01-01 12:02:00.600,1.0415979335229162,1.4983509021975367,1.4804161998420347,0.890839172081175,fms
2026-01-01 12:02:00.650,1.4097214717981612,1.5876052321000291,1.271942957412578,0.6317163652134046,fms
2026-01-01 12:02:00.700,1.4920089754369794,1.543963414970472,0.9333406584937337,0.19845367367584582,fms
2026-01-01 12:02:00.750,1.5810956684783808,1.2934799200409202,0.5283390514790063,-0.060131430765822474,fms
2026-01-01 12:02:00.800,1.4452464798738422,1.0601441392878443,0.44884323590067127,-0.24815527183247824,fms
2026-01-01 12:02:00.850,1.3320597885984256,0.8201130229053235,0.12408604270948145,-0.32748613135961013,fms
2026-01-01 12:02:00.900,1.0603941310512286,0.591160829124982,-0.01899419566635581,-0.20154971915265335,fms
2026-01-01 12:02:00.950,0.9046839643584788,0.41895842306660375,0.018001507425520938,-0.3719856774562867,fms
2026-01-01 12:02:01.000,0.7908972536158678,0.47215334034461853,0.07567632945704039,-0.2776518953474,fms
2026-01-01 12:02:01.050,0.6694188889005175,0.5326446201784805,-0.008730813449902966,-0.52542220140976,fms
2026-01-01 12:02:01.100,0.7098129923219992,0.49624588123238983,0.05397234147081557,-0.683236045222927,fms
2026-01-01 12:02:01.150,0.8883953189952638,0.6195126553219475,-0.21261008802942258,-0.8602075876793229,fms
2026-01-01 12:02:01.200,1.0769994314375675,0.43471134813955264,-0.3648582364012651,-1.2143124121208981,fms
2026-01-01 12:02:01.250,1.212215858423914,0.431014163407509,-0.7861962781338628,-1.2812670173744756,fms
2026-01-01 12:02:01.300,1.1664697916729385,0.1301511708434136,-1.059024611932597,-1.5649003241025932,fms
2026-01-01 12:02:01.350,1.13195775655749,-0.15955884146948385,-1.233432827072859,-1.5391345568797483,fms
2026-01-01 12:02:01.400,0.8668926372910434,-0.5111139316950458,-1.5322666609979727,-1.2759336143385325,fms
2026-01-01 12:02:01.450,0.5320306466737184,-0.8570278796146767,-1.5767883879912792,-0.9535948385911766,fms
2026-01-01 12:02:01.500,0.27854553209357874,-1.046887695241668,-1.4810700563111108,-0.6357234231403048,fms
2026-01-01 12:02:01.550,-0.0859340577159533,-1.3093568630233603,-1.2368909848280265,-0.2608822171855606,fms
2026-01-01 12:02:01.600,-0.3271300996028539,-1.201242880265397,-1.0673440537117391,-0.0014615694571292748,fms
2026-01-01 12:02:01.650,-0.38262198339966513,-1.1747483593288177,-0.8383929277470478,0.3487627820176057,fms
2026-01-01 12:02:01.700,-0.3967642323355433,-0.9305547385481823,-0.6449716599623996,0.40440273941130034,fms
2026-01-01 12:02:01.750,-0.2900910734152903,-0.798808944833462,-0.3962170006846266,0.41524158488500296,fms
2026-01-01 12:02:01.800,-0.154476875426432,-0.6922101499971299,-0.38202336252498775,0.38844255580163517,fms
2026-01-01 12:02:01.850,-0.1110627464397167,-0.9127808623202971,-0.4749460933681508,0.5029180561294082,fms
2026-01-01 12:02:01.900,-0.002979433391706421,-1.010473842915521,-0.5148677013209272,0.6292961712064621,fms
2026-01-01 12:02:01.950,-0.30022089613262143,-1.1263824723030644,-0.5443887221233854,0.6981042258799017,fms
2026-01-01 12:02:02.000,-0.5342064476758938,-1.224595292787521,-0.4065817015095397,0.8452516356305236,fms
2026-01-01 12:02:02.050,-0.8237787299864886,-1.4440682801454887,-0.14984225191476924,1.072600005547401,fms
2026-01-01 12:02:02.100,-1.0783893665265145,-1.3939579948741136,0.05809255631367083,1.3540274213326557,fms
2026-01-01 12:02:02.150,-1.3306245901589586,-1.2656766683735152,0.4337744708338484,1.506857520773347,fms
2026-01-01 12:02:02.200,-1.3607643983655195,-1.034582296634301,0.73519023609064,1.5096312952325812,fms
2026-01-01 12:02:02.250,-1.3879234371879179,-0.7775295391144991,1.1724786158217464,1.326364907404132,fms
2026-01-01 12:02:02.300,-1.3751810015136356,-0.4726905483482781,1.3182508465009153,1.2043629447773392,fms
2026-01-01 12:02:02.350,-1.2474493124579398,-0.11237147867928911,1.459030175448706,0.7642632845354944,fms
2026-01-01 12:02:02.400,-1.0215839122565373,0.1335299320054845,1.3573208299884816,0.2526364319238555,fms
2026-01-01 12:02:02.450,-0.7649031104981207,0.17383734646713034,1.2087784168618134,-0.1303916562215241,fms
2026-01-01 12:02:02.500,-0.8138942066670258,0.1420574690302182,1.1196420998148569,-0.4080718265675316,fms
2026-01-01 12:02:02.550,-0.878310433438845,0.22752226011553828,0.8314313393722268,-0.5717851114594824,fms
2026-01-01 12:02:02.600,-0.9976854724235494,-0.024159019326838532,0.7231221281728993,-0.6964748031240401,fms
2026-01-01 12:02:02.650,-1.1823760813295898,0.042924171325881263,0.6365020298125432,-0.6921427824133224,fms
2026-01-01 12:02:02.700,-1.2940369226673925,0.2198310588219808,0.7604437370565393,-0.6117441104474901,fms
2026-01-01 12:02:02.750,-1.4842800546987316,0.372276573847835,0.8568486324595086,-0.6478664963475628,fms
2026-01-01 12:02:02.800,-1.3942881861459362,0.6372627937038857,0.848211926072901,-0.6088975566361174,fms
2026-01-01 12:02:02.850,-1.2455022123425206,0.9716128823857176,0.9576309587845755,-0.802927578065916,fms
2026-01-01 12:02:02.900,-1.0438132357771275,1.2994754798182,0.7800345822722601,-0.9860761366490266,fms
2026-01-01 12:02:02.950,-0.8004369964923912,1.4336016052801046,0.5368582653810189,-1.2336529651952282,fms
2026-01-01 12:02:03.000,-0.4450125469751124,1.5543391489386518,0.1823042808035584,-1.3130043326691678,fms
2026-01-01 12:02:03.050,-0.3109566598888476,1.512229171597524,-0.2299139980709711,-1.3252407952785468,fms
2026-01-01 12:02:03.100,-0.1727246945958855,1.2589463547297894,-0.5249932316552636,-1.2501070037316355,fms
2026-01-01 12:02:03.150,-0.04589188066017935,1.1587179910784164,-0.8487918919402684,-1.0570327699718869,fms
2026-01-01 12:02:03.200,-0.13616482736570226,0.9302368906789346,-1.2263080836177311,-0.7270771768045116,fms
2026-01-01 12:02:03.250,-0.2206827972135023,0.8011696628983292,-1.1533873946849165,-0.3609853516740907,fms
2026-01-01 12:02:03.300,-0.2326959664491936,0.7107279859456652,-1.0735794808438122,-0.03357846459645979,fms
2026-01-01 12:02:03.350,-0.2866217337167197,0.6981451483587376,-1.090282172375805,0.4413753819345956,fms
2026-01-01 12:02:03.400,-0.22095165065450145,0.7105508931448452,-0.8921041017693515,0.6860933429443574,fms
2026-01-01 12:02:03.450,-0.017880123056304306,0.8644076064681502,-0.8735669658726215,0.7810197354937198,fms
2026-01-01 12:02:03.500,0.23505554041047777,1.0815829347917454,-0.7664772073119093,0.8143733941167147,fms
2026-01-01 12:02:03.550,0.5581519567082429,1.0145021037497077,-0.8468485355981612,0.7945652139722861,fms
2026-01-01 12:02:03.600,0.8544501661600046,0.8008318458670607,-0.9806270088525149,0.7949037506478421,fms
2026-01-01 12:02:03.650,1.089811242162252,0.5546165744554821,-1.2710973995068935,0.7685606247587349,fms
2026-01-01 12:02:03.700,1.078605821227762,0.34546641203291223,-1.2486358821971604,0.863810248352854,fms
2026-01-01 12:02:03.750,1.1514341617904722,-0.05409447698569275,-1.2332600962255436,0.8143721194515043,fms
2026-01-01 12:02:03.800,1.0229604489487771,-0.3693892871726514,-1.1697134360793158,1.0191124682289354,fms
2026-01-01 12:02:03.850,0.8175340472813138,-0.6195478005976967,-0.9674026966912564,1.1482281416340279,fms
2026-01-01 12:02:03.900,0.6763453199516263,-0.7771870679371008,-0.5290541371859905,1.2206190662163185,fms
2026-01-01 12:02:03.950,0.7365775589814182,-0.8800074583069075,-0.1224973336701564,1.2542145638465345,fms
2026-01-01 12:02:04.000,0.7593509965681444,-0.7501472388982869,0.3052254773597922,1.0941043780353967,fms
2026-01-01 12:02:04.050,0.915573088881058,-0.8129910361816896,0.4698508050872565,0.8062376345615573,fms
2026-01-01 12:02:04.100,1.1721852254250043,-0.6995548593319005,0.7637924806969943,0.30753312400699817,fms
2026-01-01 12:02:04.150,1.2071819652145024,-0.5957858057237422,0.8228421124229564,-0.025782657053919564,fms
2026-01-01 12:02:04.200,1.4401946315173682,-0.8122224339902356,0.8477641907262364,-0.4397955499558842,fms
2026-01-01 12:02:04.250,1.6333496443430189,-0.8458450170874977,0.6822865509060512,-0.7320379851635678,fms
2026-01-01 12:02:04.300,1.5867590363219188,-1.1267879226439264,0.673456420173445,-0.8969659499549981,fms
2026-01-01 12:02:04.350,1.343132040157487,-1.403896058283019,0.7427733053554016,-1.0222075778204174,fms
2026-01-01 12:02:04.400,1.128496912199618,-1.5429477007161823,0.7185901918235216,-1.0059090671543265,fms
2026-01-01 12:02:04.450,0.8575201449136964,-1.5343771381978555,0.9062417857568905,-0.9326385630136038,fms
2026-01-01 12:02:04.500,0.5927425464676037,-1.5107471769576029,1.1225847104535576,-0.8565292500110135,fms
2026-01-01 12:02:04.550,0.5031168883404142,-1.345778964650736,1.3579654005578963,-0.8333670243709995,fms
2026-01-01 12:02:04.600,0.49035682001677117,-1.018103267689456,1.6065442714845712,-0.8660963795023686,fms
2026-01-01 12:02:04.650,0.6081070362117356,-0.7662791084147745,1.451076082046496,-0.898084817983003,fms
2026-01-01 12:02:04.700,0.593073973398647,-0.4398188228782719,1.3367543634577792,-0.9137257907410403,fms
2026-01-01 12:02:04.750,0.7055984628603142,-0.2564877066098674,1.1019440914285645,-1.1410048613803834,fms
2026-01-01 12:02:04.800,0.7118125992085265,-0.25606351609627265,0.7853733520385587,-1.0641091414333486,fms
2026-01-01 12:02:04.850,0.7555140694187921,-0.12445914425161364,0.4617174537238977,-1.0299439199024438,fms
2026-01-01 12:02:04.900,0.5101368953671837,-0.19458359780700707,0.03052422830774124,-0.8069421194049797,fms
2026-01-01 12:02:04.950,0.31732261300987374,-0.3006223728471608,-0.15167958240767052,-0.38906237026478513,fms
2026-01-01 12:02:05.000,0.013643388352430012,-0.2513932326270448,-0.36804856005176045,-0.06279723177601268,fms
2026-01-01 12:02:05.050,-0.3625117009645608,-0.2313137482057989,-0.34402812770506114,0.37015653612269833,fms
2026-01-01 12:02:05.100,-0.5648238269252652,-0.04298288104440472,-0.3988548091540205,0.8228306831704156,fms
2026-01-01 12:02:05.150,-0.7710342220267102,0.17788012141006093,-0.4192217754160343,1.0393628552015564,fms
2026-01-01 12:02:05.200,-0.762893440284761,0.5396120929073001,-0.3448975508157771,1.2067108385881973,fms
2026-01-01 12:02:05.250,-0.7750902327314575,0.9133850547425634,-0.44596016831069285,1.1670294252703375,fms
2026-01-01 12:02:05.300,-0.5534790250223718,1.1352465606646767,-0.6210350934463019,1.150467729219684,fms
2026-01-01 12:02:05.350,-0.4733907610303994,1.3225441371432878,-0.7770756636136995,0.9478387446407199,fms
2026-01-01 12:02:05.400,-0.41777793365321414,1.283217011251655,-1.1889884643005089,0.9232663630633545,fms
2026-01-01 12:02:05.450,-0.46818063619386435,1.3358283795311248,-1.3587442898101008,0.738787817884966,fms
2026-01-01 12:02:05.500,-0.6043105625434227,1.1459094443899436,-1.6131486041169538,0.8213840287078539,fms
2026-01-01 12:02:05.550,-0.814174712882859,0.9422112935947545,-1.668948705837525,0.8617286630411493,fms
2026-01-01 12:02:05.600,-1.149518762168084,0.9442222570816006,-1.5351751373086713,0.9123922356624536,fms
2026-01-01 12:02:05.650,-1.3974467291800545,0.8206769276983041,-1.3389667520357214,0.9172509539233425,fms
2026-01-01 12:02:05.700,-1.5044233982678077,0.8173775213405035,-0.9183881071768072,0.9191839128130181,fms
2026-01-01 12:02:05.750,-1.6516426857555835,0.9734547115680465,-0.6317486014463513,0.7833996299555013,fms
2026-01-01 12:02:05.800,-1.5422102152906796,1.1092815201420592,-0.3698866892222912,0.4413986967204021,fms
2026-01-01 12:02:05.850,-1.354746650534346,1.2438304348890306,-0.14623857324946757,0.07741500891007899,fms
2026-01-01 12:02:05.900,-1.0785958007726848,1.238926593855724,-0.05486547517813674,-0.3142385207015617,fms
2026-01-01 12:02:05.950,-0.8796327932093839,1.2561091756093978,-0.011480519589252749,-0.7032859823778549,fms
2026-01-01 12:02:06.000,-0.7948911426479862,0.994349363770876,-0.0050486308983993325,-1.043920944573203,fms
2026-01-01 12:02:06.050,-0.6401482433846756,0.8264460823102528,-0.04583005372180494,-1.2937812377886153,fms
2026-01-01 12:02:06.100,-0.7652822366733303,0.4219130346701714,0.006293114767524349,-1.3202086279393095,fms
2026-01-01 12:02:06.150,-1.00119782254221,-0.02778508004037096,0.07327190055461538,-1.3080368757343144,fms
2026-01-01 12:02:06.200,-0.9815035442964558,-0.2169557260455092,0.3447663753537888,-1.115762354533053,fms
2026-01-01 12:02:06.250,-1.1536953513673252,-0.42435104906455223,0.7542417921642116,-0.9162092050170634,fms
2026-01-01 12:02:06.300,-1.09220340324489,-0.47838093732002074,1.033504182470289,-0.8391260514634507,fms
2026-01-01 12:02:06.350,-1.009444756406197,-0.42719826303367864,1.29529553633737,-0.7274922475939268,fms
2026-01-01 12:02:06.400,-0.8346222239955744,-0.340605368833612,1.501345656313362,-0.6867772187619932,fms
2026-01-01 12:02:06.450,-0.57733029262065,-0.26904663173059984,1.5769160486998415,-0.7057211896489283,fms
2026-01-01 12:02:06.500,-0.1725330048233944,-0.3145939299747078,1.5526998084960184,-0.7745315156539962,fms
2026-01-01 12:02:06.550,0.0031025307209355535,-0.37944857071439836,1.2226598091802872,-0.7507747789744394,fms
2026-01-01 12:02:06.600,0.26949441969738136,-0.6335298481025075,0.9961483797884899,-0.619650660064498,fms
2026-01-01 12:02:06.650,0.34853401407643364,-0.9732169503822033,0.6959794329796892,-0.4362202540004075,fms
2026-01-01 12:02:06.700,0.28518866613097904,-1.2189840447479134,0.5802232505106991,-0.10289400425048999,fms
2026-01-01 12:02:06.750,0.24598608693096258,-1.4678662015107737,0.5752732469117968,0.2344901897487969,fms
2026-01-01 12:02:06.800,0.09916646371073086,-1.5581337460852493,0.421881216133889,0.7132697972602399,fms
2026-01-01 12:02:06.850,0.18335956826367183,-1.5355159300591303,0.5921429871290402,1.0249987884849632,fms
2026-01-01 12:02:06.900,0.09671183220359092,-1.4753034979810604,0.5309823950417852,1.3999097534179834,fms
2026-01-01 12:02:06.950,0.20291466371197375,-1.3078250847667896,0.4993392969002541,1.3740181005759577,fms
2026-01-01 12:02:07.000,0.4171930978993245,-0.9446872845900699,0.4110118034048702,1.4394428194718367,fms
2026-01-01 12:02:07.050,0.6536395104592618,-0.7265219829794578,0.1688163160107667,1.3765474894402927,fms
2026-01-01 12:02:07.100,1.100631238615312,-0.5577658035594228,-0.04440983298036667,1.081209788705651,fms
2026-01-01 12:02:07.150,1.2428287837212066,-0.5870359778355481,-0.5476720600856888,0.8377466306175276,fms
2026-01-01 12:02:07.200,1.4174979624090762,-0.5324974249321593,-0.8619986103206949,0.5869123221851633,fms
2026-01-01 12:02:07.250,1.3734614220396564,-0.6197224171581814,-1.1889467022944498,0.6110250606369008,fms
2026-01-01 12:02:07.300,1.2432934760821224,-0.673250889964992,-1.332267525188959,0.5257721455136358,fms
2026-01-01 12:02:07.350,1.1002709582023225,-0.7095680528058315,-1.3936993953785048,0.6140910679500965,fms
2026-01-01 12:02:07.400,0.9634108624263802,-0.6661467447176249,-1.4000218141233192,0.52726325105662,fms
2026-01-01 12:02:07.450,0.8975988167527282,-0.5149783518013323,-1.2497295165360975,0.5434957530087875,fms
2026-01-01 12:02:07.500,0.7936174347222608,-0.1094200968222954,-1.0388227458209955,0.3618935384783967,fms
2026-01-01 12:02:07.550,0.899372649730058,0.11512691229100595,-0.7884047004837177,0.13759742181706774,fms
2026-01-01 12:02:07.600,0.9533169443060019,0.4637564900761785,-0.7159310106367975,-0.16345053795755263,fms
2026-01-01 12:02:07.650,1.0797263032891076,0.752938077009111,-0.6704574992459608,-0.5907417831891657,fms
2026-01-01 12:02:07.700,1.3590292145895366,0.8779364541798155,-0.729742240053928,-0.9854019430452071,fms
2026-01-01 12:02:07.750,1.483833017858859,1.0953577559977807,-0.8140155911909854,-1.3586211262020063,fms
2026-01-01 12:02:07.800,1.4186722031813934,0.995553860292563,-0.8797733163274319,-1.4631489245951046,fms
2026-01-01 12:02:07.850,1.2693361036156054,0.8326423132417232,-0.8783585165650875,-1.5670353983946068,fms
2026-01-01 12:02:07.900,1.1152086097484133,0.8149897638957365,-0.748837462374424,-1.3744947565248993,fms
2026-01-01 12:02:07.950,0.6148284108058988,0.7771377123883345,-0.557850321649402,-1.2722303316889214,fms
2026-01-01 12:02:08.000,0.49268436143720457,0.7200916144126966,-0.13621384589450825,-0.8941755475136342,fms
2026-01-01 12:02:08.050,0.2546572639077425,0.857913897900871,0.1494873595891578,-0.8025778941762705,fms
2026-01-01 12:02:08.100,0.13019503029351703,1.0173086598538041,0.6270966719513685,-0.5286612313271776,fms
2026-01-01 12:02:08.150,0.11395076387792534,1.1837094514940585,0.9574794611531096,-0.3963228900955977,fms
2026-01-01 12:02:08.200,0.12727435822821032,1.395054140273941,1.087211185195795,-0.3217813026015921,fms
2026-01-01 12:02:08.250,0.15492527224500008,1.5155487599331847,1.2072948662319154,-0.42704258991758304,fms
2026-01-01 12:02:08.300,0.4087195580390879,1.4530385745245997,1.0876059280476937,-0.4176105934084039,fms
2026-01-01 12:02:08.350,0.38666099503907225,1.311018517260396,0.9597588323929632,-0.26377707517736804,fms
2026-01-01 12:02:08.400,0.21942859461373018,1.1382531625525556,0.9385815708484125,-0.015797531011664145,fms
2026-01-01 12:02:08.450,0.09569880844915538,0.7974497578785397,0.7414634032239622,0.2588577851862512,fms
2026-01-01 12:02:08.500,-0.22042684460486622,0.45712980859153957,0.7845951023016123,0.6151986533899735,fms
2026-01-01 12:02:08.550,-0.5582270365323985,0.17342413758837474,0.9178987458419393,0.8427353091009475,fms
2026-01-01 12:02:08.600,-0.8273902541246185,-0.037126589289757955,1.0076071343023214,1.254733557516853,fms
2026-01-01 12:02:08.650,-1.1429109578507606,-0.04110175923745592,1.190846565633486,1.591614974882126,fms
2026-01-01 12:02:08.700,-1.1966180518558986,0.052388627701462825,1.2798817854252083,1.578102741390273,fms
2026-01-01 12:02:08.750,-1.2280438296712755,0.10307776890075705,1.1802376642068932,1.444202953709544,fms
2026-01-01 12:02:08.800,-1.0209847207510494,0.19516023575318941,1.0914210955089443,1.335872840347714,fms
2026-01-01 12:02:08.850,-0.9207868056008466,0.10787387204902593,0.8628076910025294,1.125146963058416,fms
2026-01-01 12:02:08.900,-0.8088263111647962,-0.016046621677877022,0.4981569212129489,0.690536075650736,fms
2026-01-01 12:02:08.950,-0.7157390819899504,-0.28020252387426337,0.035272903883208764,0.41795282557107316,fms
2026-01-01 12:02:09.000,-0.7154767082920913,-0.6245926230387973,-0.3110525855399753,0.29513313047991435,fms
2026-01-01 12:02:09.050,-0.9443026423198354,-0.8691043407900327,-0.5876917829664355,0.12557401347872793,fms
2026-01-01 12:02:09.100,-1.1861350556129027,-1.201730213037185,-0.7802973020026363,0.19556742847388042,fms
2026-01-01 12:02:09.150,-1.337609755741783,-1.3914679509585617,-0.8289733097526136,0.16161283417830105,fms
2026-01-01 12:02:09.200,-1.6381378429074356,-1.5115680392107929,-0.8015221765896496,0.1714506662605798,fms
2026-01-01 12:02:09.250,-1.4952941967808184,-1.370915747511037,-0.7670085557939293,0.03742502489878847,fms
2026-01-01 12:02:09.300,-1.5519354739301712,-1.2001819468973036,-0.6244005050874755,-0.13653779072382582,fms
2026-01-01 12:02:09.350,-1.3908601431060075,-1.1135907595646342,-0.6636502756567021,-0.40319021660768994,fms
2026-01-01 12:02:09.400,-1.0862137779139558,-0.8469956835306214,-0.729877737106122,-0.8531071799662332,fms
2026-01-01 12:02:09.450,-0.9947948676098011,-0.737292586603194,-0.8622790215158876,-1.115258761623466,fms
2026-01-01 12:02:09.500,-0.678345232894266,-0.7438578756185283,-1.114726607638495,-1.4025780143043618,fms
2026-01-01 12:02:09.550,-0.49074711539265503,-0.9178056818807259,-1.3386543299690625,-1.5246504029039343,fms
2026-01-01 12:02:09.600,-0.4568053467010962,-1.0781841876644873,-1.3894875213335982,-1.5212923361912956,fms
2026-01-01 12:02:09.650,-0.5810666544362165,-1.112505079414116,-1.3681952109660613,-1.4555738821368869,fms
2026-01-01 12:02:09.700,-0.6766092143376735,-1.117011602780039,-1.233253295680794,-1.2279143137215869,fms
2026-01-01 12:02:09.750,-0.7274037659874741,-1.1800663197444696,-1.0683039107227803,-0.7839112376467363,fms
2026-01-01 12:02:09.800,-0.8178503816523246,-0.9208536110744203,-0.8267046778593385,-0.5373624867367066,fms
2026-01-01 12:02:09.850,-0.6866163594470198,-0.6290380776306365,-0.4196706047336526,-0.34167520084939607,fms
2026-01-01 12:02:09.900,-0.6078772839528143,-0.3531131721853969,-0.016765318896694553,-0.2044213197588731,fms
2026-01-01 12:02:09.950,-0.349994084637377,0.049531726424925634,0.3107309726962376,-0.022144753599447613,fms
2026-01-01 12:02:10.000,0.0027613467014773524,0.3796031799666045,0.38918636092298103,0.02129810772423875,fms
2026-01-01 12:02:10.050,0.3555448849722621,0.5035163001301166,0.41522704227586693,0.05108233717371413,fms
2026-01-01 12:02:10.100,0.5716221467115994,0.6268345718096365,0.3719531464842607,0.05298889656249653,fms
2026-01-01 12:02:10.150,0.8253638319602682,0.567114062863251,0.2603221041774247,0.28053842303273396,fms
2026-01-01 12:02:10.200,0.7552995927802807,0.5758128709691075,0.35848885620678983,0.4735010658116214,fms
2026-01-01 12:02:10.250,0.7721345495576143,0.49382770173413293,0.44306563028395574,0.6838469119442874,fms
2026-01-01 12:02:10.300,0.6141463700137466,0.4885535687499961,0.6089105369078585,1.0145931551817398,fms
2026-01-01 12:02:10.350,0.5559869069935828,0.5266004878872392,0.8555436017391019,1.213927950506415,fms
2026-01-01 12:02:10.400,0.44825252017459194,0.575067531081896,1.1972832639436295,1.5787719428231484,fms
2026-01-01 12:02:10.450,0.48150949234174234,0.9347794584623954,1.3819886472550438,1.5778167420771825,fms
2026-01-01 12:02:10.500,0.5989153427324372,1.1835138262494491,1.5209313113463554,1.4843453273972522,fms
2026-01-01 12:02:10.550,0.8385276261611095,1.3988101893185911,1.5057964349278925,1.302816475702521,fms
2026-01-01 12:02:10.600,1.1004701098048268,1.5842504593516658,1.5089040882461862,0.93455476944737,fms
2026-01-01 12:02:10.650,1.3808548450057183,1.6115739781770424,1.244952831430946,0.6161132664892837,fms
2026-01-01 12:02:10.700,1.6012044651932353,1.4872042466934163,0.998587987626819,0.22666241887666574,fms
2026-01-01 12:02:10.750,1.5112046691068715,1.2710155891325927,0.5612470168171348,0.021889986999503654,fms
2026-01-01 12:02:10.800,1.3874714543437265,1.0260740819618275,0.32319942169983684,-0.19421324608822116,fms
2026-01-01 12:02:10.850,1.268558314935175,0.7839145202151524,0.1816221332116311,-0.19520699518281373,fms
2026-01-01 12:02:10.900,1.1397933926683672,0.5534746070726736,0.07005142099044326,-0.27348620319282096,fms
2026-01-01 12:02:10.950,0.8959280392391555,0.4348850261851047,0.03484870839842445,-0.2621613797351089,fms
2026-01-01 12:02:11.000,0.7635120632137354,0.3428602292795614,0.05563989952439594,-0.3748495728884104,fms
2026-01-01 12:02:11.050,0.8293354053175764,0.42304031632097455,0.04163907865772896,-0.5047764443925044,fms
2026-01-01 12:02:11.100,0.7121438186647266,0.5422576973826192,-0.055154127941642345,-0.6123504118400367,fms
2026-01-01 12:02:11.150,0.780499749521372,0.5554671474701742,-0.24245928172419368,-0.8912929223317252,fms
2026-01-01 12:02:11.200,0.9948377390897283,0.4058928471080394,-0.38385583214434377,-1.2378603293593002,fms
2026-01-01 12:02:11.250,1.1428656473866678,0.35070203707924497,-0.648209655600647,-1.4818555228439891,fms
2026-01-01 12:02:11.300,1.0641826755830992,0.12638231823568924,-0.9682390596253079,-1.529823796385226,fms
2026-01-01 12:02:11.350,1.1097768127835492,-0.14684870787499155,-1.3621909114489243,-1.5900986870871154,fms
2026-01-01 12:02:11.400,0.7893081615315574,-0.5223725959490628,-1.4232150328986866,-1.3625238855140904,fms
2026-01-01 12:02:11.450,0.5409306242677642,-0.9440817683148597,-1.4685068580916403,-1.0122072320801432,fms
2026-01-01 12:02:11.500,0.2361667766515537,-1.0856756498320095,-1.5394700368771395,-0.6379292206428958,fms
2026-01-01 12:02:11.550,0.0042537759220907245,-1.1413752118978922,-1.3430135174257034,-0.20473440860340822,fms
2026-01-01 12:02:11.600,-0.3035275006343705,-1.2718204387755165,-1.0409343067419063,0.05307959628106951,fms
2026-01-01 12:02:11.650,-0.3264662642875108,-1.174283474570728,-0.7900280469584559,0.28624078194530667,fms
2026-01-01 12:02:11.700,-0.31799433157915674,-0.9528801214710134,-0.643240371622893,0.5134319807493916,fms
2026-01-01 12:02:11.750,-0.30119023556114344,-0.7967115987855787,-0.4259654865384324,0.5154172277430633,fms
2026-01-01 12:02:11.800,-0.20001664510910835,-0.7655324399578414,-0.5124824410806802,0.38923171785281757,fms
2026-01-01 12:02:11.850,-0.11479978534052916,-0.8098362511538765,-0.324122489155587,0.4530745027619365,fms
2026-01-01 12:02:11.900,-0.21522967501395882,-0.9742840348834996,-0.5022577279788856,0.5523082203708359,fms
2026-01-01 12:02:11.950,-0.21545615869940427,-1.1183029903934665,-0.47438501683201295,0.6837618931998735,fms
2026-01-01 12:02:12.000,-0.4621678782766365,-1.292493410890887,-0.40216253159540616,0.8774813847214861,fms
2026-01-01 12:02:12.050,-0.7049536719323697,-1.5258224111169925,-0.210812835527092,1.1357063186658027,fms
2026-01-01 12:02:12.100,-0.9031228334540184,-1.4173480715528461,0.11806245147589711,1.333347961582683,fms
2026-01-01 12:02:12.150,-1.420790566429063,-1.3545111888228014,0.5266193053304842,1.4711847098171271,fms
2026-01-01 12:02:12.200,-1.4159516211734058,-1.078165314839445,0.8557217923101841,1.5058243688228123,fms
2026-01-01 12:02:12.250,-1.4444217282000726,-0.7287467344430858,1.1624747345918716,1.2919384467583237,fms
2026-01-01 12:02:12.300,-1.3068214144251866,-0.42165130918023064,1.2746815554678865,1.0743733570767267,fms
2026-01-01 12:02:12.350,-1.1166016248171307,-0.141334544408257,1.4536501710225653,0.7466387143883058,fms
2026-01-01 12:02:12.400,-0.9448079134793207,0.07573220080678958,1.3738909249306293,0.25092392938498703,fms
2026-01-01 12:02:12.450,-0.804458373514248,0.2305767143192288,1.222140903881524,-0.10245505562738069,fms
2026-01-01 12:02:12.500,-0.8238899600156975,0.15857841545995138,1.0186112170976676,-0.3985737803531072,fms
2026-01-01 12:02:12.550,-0.7793601498845432,0.2818295192104605,0.8794968895378368,-0.628546046397724,fms
2026-01-01 12:02:12.600,-0.9697283388691034,0.15936968083681063,0.7062123237986702,-0.7081557780123785,fms
2026-01-01 12:02:12.650,-1.129136315461837,0.07560104109963174,0.7012133744704823,-0.7676891349398085,fms
2026-01-01 12:02:12.700,-1.3956851785479643,0.17039078991855644,0.8713233746304251,-0.7067088799053554,fms
2026-01-01 12:02:12.750,-1.4866827718071194,0.4582908358763682,0.8351676865505371,-0.6009920978368533,fms
2026-01-01 12:02:12.800,-1.3844578779612164,0.6421606603159716,0.8221243675238182,-0.7580907109275243,fms
2026-01-01 12:02:12.850,-1.1965921445961452,0.9461845043037836,0.8902574824535752,-0.8104123436653446,fms
2026-01-01 12:02:12.900,-1.1543815399350654,1.2175849584348508,0.7384007362814667,-0.9934606766505965,fms
2026-01-01 12:02:12.950,-0.6709426567895125,1.4099728040678314,0.5202877826947596,-1.2157636146625705,fms
2026-01-01 12:02:13.000,-0.4259463471452222,1.539572473268315,0.20799198806164723,-1.3173091625780675,fms
2026-01-01 12:02:13.050,-0.25612301640628643,1.448335489281499,-0.2435607081113035,-1.4070034884417926,fms
2026-01-01 12:02:13.100,-0.15031676004085331,1.3928701609742777,-0.6366570071553124,-1.3247148704845022,fms
2026-01-01 12:02:13.150,0.036529687339826006,1.1380289867493352,-0.8675057497400297,-1.01083420946012,fms
2026-01-01 12:02:13.200,-0.11830272403128801,0.9039354914549179,-1.0669520432877893,-0.7487445279374285,fms
2026-01-01 12:02:13.250,-0.2616302899191208,0.7155309719623181,-1.089792530049277,-0.34461470973075553,fms
2026-01-01 12:02:13.300,-0.2220774608173072,0.6526693560980118,-1.0361319130816837,0.10250770163776948,fms
2026-01-01 12:02:13.350,-0.3831239257414479,0.7932392170477847,-1.0316270999113235,0.4574459175990745,fms
2026-01-01 12:02:13.400,-0.23192940645681817,0.7405078284645846,-0.8784005217908286,0.6928480654973116,fms
2026-01-01 12:02:13.450,-0.070496310647159,0.840096736974058,-0.9237709065057702,0.965240990787003,fms
2026-01-01 12:02:13.500,0.2439660829323656,0.978538882251069,-0.7906871192971641,0.9328486526734558,fms
2026-01-01 12:02:13.550,0.5517636326922625,0.9806799136176199,-0.8788125377144002,0.8036432694505524,fms
2026-01-01 12:02:13.600,0.8242869033650475,0.8119895433910304,-0.9746178361608617,0.6999436573844977,fms
2026-01-01 12:02:13.650,1.0906716069230333,0.5497630622122545,-1.1510435794764855,0.6841344322372875,fms
2026-01-01 12:02:13.700,1.1202713174925134,0.2837532093410024,-1.1795308004801894,0.7530576303071943,fms
2026-01-01 12:02:13.750,1.1731201461154068,-0.07932284703028006,-1.2755953964627529,0.9290530852023842,fms
2026-01-01 12:02:13.800,0.9742529737426904,-0.34785243746325967,-1.0773495600788017,1.0931888879357807,fms
2026-01-01 12:02:13.850,0.9043516404172877,-0.6157218642845025,-0.8368955610274292,1.181702061763284,fms
2026-01-01 12:02:13.900,0.704903659602703,-0.8057300950937587,-0.49410748046399605,1.1344474800286464,fms
2026-01-01 12:02:13.950,0.7984733406177544,-0.7737572837410981,-0.11396849946744862,1.2521545455875005,fms
2026-01-01 12:02:14.000,0.7243223093457263,-0.7823939346731146,0.19231457264817753,1.1230630602638159,fms
2026-01-01 12:02:14.050,0.9538481824830646,-0.7389080438781398,0.5565423877626733,0.7265496144509505,fms
2026-01-01 12:02:14.100,1.0935372398258787,-0.6901956538656696,0.8155975356527244,0.4302428368694687,fms
2026-01-01 12:02:14.150,1.324695804223583,-0.6452277309391408,0.876104372449633,0.0764107881262062,fms
2026-01-01 12:02:14.200,1.4828337389190587,-0.6941140048530324,0.7951906987848393,-0.39461703529179976,fms
2026-01-01 12:02:14.250,1.622839700907396,-0.8454153373276538,0.7056149856163981,-0.8582212507556302,fms
2026-01-01 12:02:14.300,1.562768005428928,-1.0757078901714432,0.7393326950726913,-1.048413172668647,fms
2026-01-01 12:02:14.350,1.3551966096960322,-1.4201048320445715,0.6773941888035518,-1.1449766011300277,fms
2026-01-01 12:02:14.400,1.155644726743419,-1.5625596296735922,0.707728390659128,-1.0532873014974484,fms
2026-01-01 12:02:14.450,0.911815688718559,-1.5368638092532567,0.8298581597731556,-0.9336701285873186,fms
2026-01-01 12:02:14.500,0.681232516016808,-1.543797011216781,1.129916153249592,-0.9285973438080257,fms
2026-01-01 12:02:14.550,0.5584513289157861,-1.3114429666581868,1.337199750107714,-0.8512003216566195,fms
2026-01-01 12:02:14.600,0.5222429117786015,-1.0793298432100638,1.4751916347462273,-0.7974374987966253,fms
2026-01-01 12:02:14.650,0.49278539347137396,-0.7874329220249836,1.4105857833491497,-0.7726136347307014,fms
2026-01-01 12:02:14.700,0.6485938851709482,-0.5321579694024554,1.318890333968009,-1.0113969110570098,fms
2026-01-01 12:02:14.750,0.8282356982879532,-0.30833648813561787,1.1372409519563274,-1.085524908687162,fms
2026-01-01 12:02:14.800,0.8830681379030496,-0.22282809669672438,0.7908422414919206,-1.1851603896819547,fms
2026-01-01 12:02:14.850,0.6505160314120879,-0.25679742583791565,0.3599882436262044,-1.0527383892228954,fms
2026-01-01 12:02:14.900,0.5823033156860188,-0.3816622967374665,0.08771918184331642,-0.8065438614438171,fms
2026-01-01 12:02:14.950,0.2813580155830343,-0.2961134880316807,-0.18542198429005313,-0.4911819819397644,fms
2026-01-01 12:02:15.000,0.051045398398635866,-0.3831287538550396,-0.2681309308285937,0.03704115740995554,fms
2026-01-01 12:02:15.050,-0.21356633728310376,-0.21348320420937067,-0.42887598891778667,0.32139584300471324,fms
2026-01-01 12:02:15.100,-0.6213501213194615,-0.1414583828173611,-0.37336261384172953,0.762742384840443,fms
2026-01-01 12:02:15.150,-0.7152247745207976,0.25857943897989855,-0.3411627042083681,0.9876390738401972,fms
2026-01-01 12:02:15.200,-0.7502964656002867,0.5623336911572614,-0.4378472707947659,1.2115442755622308,fms
2026-01-01 12:02:15.250,-0.6808518972558705,0.9201434478008791,-0.5490639005406762,1.1598399689061736,fms
2026-01-01 12:02:15.300,-0.6155290142185308,1.1698960066083894,-0.6425485284288867,1.0971195858804696,fms
2026-01-01 12:02:15.350,-0.49189282218633484,1.3123684774497193,-0.9339376501731568,0.9725976153396056,fms
2026-01-01 12:02:15.400,-0.4843140639402123,1.3719528222761406,-1.2409436439660597,0.849629138067687,fms
2026-01-01 12:02:15.450,-0.5149751248424171,1.2542292207971728,-1.423155594474926,0.7625083268882813,fms
2026-01-01 12:02:15.500,-0.5561715368957638,1.1026656103152062,-1.5642842052289925,0.8049333313589494,fms
2026-01-01 12:02:15.550,-0.8037953558521742,0.9959313571156564,-1.5113376813741441,0.8684894871283741,fms
2026-01-01 12:02:15.600,-1.1077451136626386,0.7628357667772204,-1.470755705077393,0.8108565543510298,fms
2026-01-01 12:02:15.650,-1.3617407585806225,0.7437033481234089,-1.2116683167535718,0.925891398337962,fms
2026-01-01 12:02:15.700,-1.5411219184315723,0.7933239160948609,-0.9170432611173934,0.9282864812132774,fms
2026-01-01 12:02:15.750,-1.5880717905228618,0.9195393887811559,-0.5861963168324759,0.7632409553298763,fms
2026-01-01 12:02:15.800,-1.4657253913656878,1.1244828696183238,-0.30734260068238206,0.42593557555124895,fms
2026-01-01 12:02:15.850,-1.3204794933371569,1.1507319388081634,-0.1978772871990136,0.1283752088139105,fms
2026-01-01 12:02:15.900,-1.0754340393055288,1.3919177947958559,-0.06698250125569481,-0.35872629410682666,fms
2026-01-01 12:02:15.950,-0.9572227965209908,1.157370257987694,-0.129256059026018,-0.7340621574875652,fms
2026-01-01 12:02:16.000,-0.7125557433856283,1.1639280954326288,-0.04695789454074114,-1.0459608610982942,fms
2026-01-01 12:02:16.050,-0.7223958814193905,0.7020823168241468,-0.059646773803576976,-1.2405306329733885,fms
2026-01-01 12:02:16.100,-0.7193485516743743,0.4286147395096627,-0.05064400021726437,-1.3345542940899415,fms
2026-01-01 12:02:16.150,-0.8986146321069145,0.010741110189189853,0.13826360535009888,-1.3105428132358001,fms
2026-01-01 12:02:16.200,-1.0795076939751505,-0.31799474638618136,0.4670304210024563,-1.1934599698177732,fms
2026-01-01 12:02:16.250,-1.0863146446187693,-0.32045370982418714,0.6729088354059551,-0.9377707915725514,fms
2026-01-01 12:02:16.300,-1.1397681303194758,-0.36923434541282607,1.0739854683566146,-0.7750369264405264,fms
2026-01-01 12:02:16.350,-1.0309194030450377,-0.35742002875297646,1.3318783552959803,-0.6910832969800939,fms
2026-01-01 12:02:16.400,-0.8821926048356726,-0.31433608295836946,1.47874510479688,-0.750483220606793,fms
2026-01-01 12:02:16.450,-0.6310243028260163,-0.34680370705015245,1.6334523194347588,-0.7137225061507081,fms
2026-01-01 12:02:16.500,-0.2205207650584539,-0.31750494302802496,1.4999842482114234,-0.7225066187890353,fms
2026-01-01 12:02:16.550,0.12904295096493507,-0.4543963391705287,1.2398089687423326,-0.8225027648336017,fms
2026-01-01 12:02:16.600,0.3632386575713884,-0.6375319261481209,1.1033634190338124,-0.6573642605022418,fms
2026-01-01 12:02:16.650,0.3569163632936033,-0.962670132046552,0.7724801219229464,-0.4843848691274539,fms
2026-01-01 12:02:16.700,0.2930384158422514,-1.2236688618734082,0.6278354414465318,-0.2643609901841646,fms
2026-01-01 12:02:16.750,0.3236836084366339,-1.4099745480534762,0.484944757303738,0.2636062731726634,fms
2026-01-01 12:02:16.800,0.2547446343256441,-1.547732403489052,0.45679443487410865,0.717878965813571,fms
2026-01-01 12:02:16.850,0.1358977006910768,-1.6663182476096106,0.45370192435037027,1.084987665801956,fms
2026-01-01 12:02:16.900,0.07937999090818085,-1.5524141052640141,0.5567758974131418,1.2484652472418345,fms
2026-01-01 12:02:16.950,0.2538787538657468,-1.2247829321498875,0.3945839613503835,1.5007043649542846,fms
2026-01-01 12:02:17.000,0.5234531707541926,-0.9175449304792987,0.35454550022052395,1.4161480026675615,fms
2026-01-01 12:02:17.050,0.7446359109754233,-0.7864499461245171,0.19419175729417743,1.3424104124191858,fms
2026-01-01 12:02:17.100,1.0587231018312537,-0.5788191282769595,-0.05318788962735646,1.0391565696033442,fms
2026-01-01 12:02:17.150,1.3315157963426134,-0.5137061129371762,-0.39737703043452377,0.9347768296692202,fms
2026-01-01 12:02:17.200,1.4232892922123057,-0.5870235444568387,-0.8955751563124763,0.7278677634575268,fms
2026-01-01 12:02:17.250,1.4180034805240715,-0.6629957164775929,-1.1049914377302448,0.5051215170696777,fms
2026-01-01 12:02:17.300,1.2989250089836961,-0.7411857003556219,-1.2967763274461466,0.6493909628617947,fms
2026-01-01 12:02:17.350,1.1335897846238925,-0.7424442928829963,-1.4797066382971606,0.6048971708291412,fms
2026-01-01 12:02:17.400,0.9966837221882652,-0.7373018604946113,-1.4177952025223417,0.622893857412173,fms
2026-01-01 12:02:17.450,0.8203620968330794,-0.516470784891954,-1.2443532184509805,0.5548890407860932,fms
2026-01-01 12:02:17.500,0.8438907956830948,-0.23770797380975325,-1.060497216123406,0.42051376269582147,fms
2026-01-01 12:02:17.550,0.7981464142694673,0.020662671519817682,-0.9095373958317229,0.13462396283404143,fms
2026-01-01 12:02:17.600,1.0069436455861622,0.4834303596878009,-0.680561601016893,-0.2675132985249079,fms
2026-01-01 12:02:17.650,1.134673718185352,0.7852931146281869,-0.8197603950054462,-0.509207539895109,fms
2026-01-01 12:02:17.700,1.3399947399147953,1.0154266803458538,-0.7409486357078585,-1.068695188568332,fms
2026-01-01 12:02:17.750,1.4226078746149269,0.9838857651299412,-0.8616271495088017,-1.3109226487184722,fms
2026-01-01 12:02:17.800,1.4132316044435789,0.9301281322525206,-0.9678940919193224,-1.4637558904783428,fms
2026-01-01 12:02:17.850,1.2778910307399112,0.8720272637957835,-0.9061787205244748,-1.5118672589213986,fms
2026-01-01 12:02:17.900,1.0087114092277751,0.7231001321493707,-0.805389989810894,-1.393535374428842,fms
2026-01-01 12:02:17.950,0.7743318162058366,0.7807290328593031,-0.4562596054470139,-1.1516139061433575,fms
2026-01-01 12:02:18.000,0.46499297397150324,0.6874812684453452,-0.25536487403627994,-1.0409654651538962,fms
2026-01-01 12:02:18.050,0.2219593480748153,0.8214836036585275,0.22818952230423167,-0.6937491413418001,fms
2026-01-01 12:02:18.100,0.17502590734412127,1.113587958161971,0.674577176414425,-0.5055239910033827,fms
2026-01-01 12:02:18.150,0.09711495255663814,1.213654107777388,0.88735087032139,-0.3615969833380484,fms
2026-01-01 12:02:18.200,0.09901811282047787,1.4158807917384335,1.1375601636539854,-0.2410934942404436,fms
2026-01-01 12:02:18.250,0.2194544514355407,1.6185815344851966,1.1301858999710357,-0.40007759440556667,fms
2026-01-01 12:02:18.300,0.322568585195824,1.5023796568241425,1.1682177483640641,-0.25749471652919476,fms
2026-01-01 12:02:18.350,0.29591221353132613,1.286511858040329,1.0316467871465513,-0.26571694590962375,fms
2026-01-01 12:02:18.400,0.2557745122346856,1.116117386260205,0.93821189033841,-0.16414471218700066,fms
2026-01-01 12:02:18.450,0.12393543491173761,0.8328809054366558,0.9028262917560202,0.12194937076738487,fms
2026-01-01 12:02:18.500,-0.2472282739532664,0.4134546484817652,0.8368573719261964,0.47154608845242,fms
2026-01-01 12:02:18.550,-0.5946323909788894,0.1941790080518443,0.8835835905982449,0.8903375751974899,fms
2026-01-01 12:02:18.600,-0.8952378212349704,0.09806303219493107,1.0192181852278885,1.1797297324474636,fms
2026-01-01 12:02:18.650,-1.0736428169840355,0.03252422197673265,1.0748223269281567,1.4476652534262529,fms
2026-01-01 12:02:18.700,-1.164017813168113,-0.04298268578850481,1.1890826750081525,1.6673244082072491,fms
2026-01-01 12:02:18.750,-1.122073428354299,0.2000640438597314,1.1334471435788211,1.5241399598588226,fms
2026-01-01 12:02:18.800,-1.0613651332668856,0.12100070593019238,1.0538405968436404,1.3458224905724798,fms
2026-01-01 12:02:18.850,-0.8934134314800206,0.03415764028661597,0.7846687494263889,0.9845927614673217,fms
2026-01-01 12:02:18.900,-0.8078154624057599,-0.029558191937332987,0.471504700543134,0.7732564231713063,fms
2026-01-01 12:02:18.950,-0.7562952765908489,-0.15620054592416663,0.11221015224334474,0.47300707873294967,fms
2026-01-01 12:02:19.000,-0.7419797146566276,-0.6784589294717632,-0.21838810781790446,0.39238264140340456,fms
2026-01-01 12:02:19.050,-0.950869441954227,-0.9463843680385566,-0.5863004894977717,0.21450591177764688,fms
2026-01-01 12:02:19.100,-1.07128190742144,-1.2090386994651812,-0.7683942265542782,0.17225131668448135,fms
2026-01-01 12:02:19.150,-1.4177052190039818,-1.3745149567639547,-0.776065096913767,0.10319969543641552,fms
2026-01-01 12:02:19.200,-1.500635593908661,-1.4646117837918677,-0.8446666598858943,0.13673209153643578,fms
2026-01-01 12:02:19.250,-1.574900009909571,-1.4437865097597762,-0.7245228623619397,0.024569526677100342,fms
2026-01-01 12:02:19.300,-1.5362399802619717,-1.2598868552392712,-0.6795445753806322,-0.12643292466136882,fms
2026-01-01 12:02:19.350,-1.3445258845865895,-1.0743448416807546,-0.6093078451658426,-0.43923598030465466,fms
2026-01-01 12:02:19.400,-1.1299855073560106,-0.8515741915728953,-0.8761417719462617,-0.8637812005763832,fms
2026-01-01 12:02:19.450,-0.8458222896510182,-0.7088550421204565,-0.927699749357821,-1.251962638808371,fms
2026-01-01 12:02:19.500,-0.5550776117376914,-0.7812213935400849,-1.073338961648772,-1.411450788608439,fms
2026-01-01 12:02:19.550,-0.46523122803010497,-0.7793034861417312,-1.3412101689591642,-1.6297289240102188,fms
2026-01-01 12:02:19.600,-0.44469815034152516,-1.0193890022368859,-1.4498492792159359,-1.560218471125078,fms
2026-01-01 12:02:19.650,-0.4608804102289834,-1.0044519803617988,-1.462522823795281,-1.4698925737454414,fms
2026-01-01 12:02:19.700,-0.5837158192138513,-1.180759733735263,-1.3560499268481834,-1.247161921410282,fms
2026-01-01 12:02:19.750,-0.7577745218424365,-1.1468621876075829,-1.1434709791497915,-0.8550651255166828,fms
2026-01-01 12:02:19.800,-0.7445023106487814,-0.9884342528377089,-0.6607182741997291,-0.5230899585031906,fms
2026-01-01 12:02:19.850,-0.7801667733966141,-0.7223755389880717,-0.44857175964006035,-0.27671061651285417,fms
2026-01-01 12:02:19.900,-0.6057262164947415,-0.30914983585241884,-0.08583379044932013,-0.0694528952663921,fms
2026-01-01 12:02:19.950,-0.29461098153431364,-0.07275038299668085,0.2099127657726776,0.03550276825655151,fms
2026-01-01 12:02:20.000,0.004979186019086523,0.3006557043714203,0.3567335911967499,0.13490232484040854,fms
2026-01-01 12:02:20.050,0.26145998478724886,0.6087274641054438,0.4004964531275766,0.09636708938197858,fms
2026-01-01 12:02:20.100,0.5821376604182741,0.7465973732690021,0.33272330254690496,0.1065808084455448,fms
2026-01-01 12:02:20.150,0.7028118798701347,0.6351594732172751,0.40904850492265976,0.3319060983181129,fms
2026-01-01 12:02:20.200,0.7067708126229642,0.6030313482651452,0.37901144628311784,0.4111448214011713,fms
2026-01-01 12:02:20.250,0.7285597585194695,0.6638406552484568,0.4973914000138956,0.7615744079734436,fms
2026-01-01 12:02:20.300,0.542665196002003,0.532935095697271,0.5194097732999138,1.0501907540792135,fms
2026-01-01 12:02:20.350,0.5656684613087498,0.4863981785410931,1.0167042094637826,1.2964680081456619,fms
2026-01-01 12:02:20.400,0.4209214066895211,0.6979372452633587,1.0717744119679253,1.4538443359770858,fms
2026-01-01 12:02:20.450,0.4275960729800508,0.9058156772420772,1.3703135033935607,1.6029645864577637,fms
2026-01-01 12:02:20.500,0.6556901859053529,1.1480369940456259,1.5482189808135112,1.4368285848708557,fms
2026-01-01 12:02:20.550,0.9205718209368712,1.4058396531198274,1.6690746971698214,1.25921444790068,fms
2026-01-01 12:02:20.600,1.0897091037229218,1.5576963638691983,1.442957975479541,0.8873665524198406,fms
2026-01-01 12:02:20.650,1.3362883353545236,1.5649346692048034,1.1825830960317292,0.5399896771628608,fms
2026-01-01 12:02:20.700,1.4776708630119941,1.4762747816648063,0.9294217882598498,0.2991392266168706,fms
2026-01-01 12:02:20.750,1.5467217651564695,1.2437328654665478,0.6288653491005415,-0.06443754497786047,fms
2026-01-01 12:02:20.800,1.421527214929511,0.9777287089940391,0.3380870030363,-0.22967772651582602,fms
2026-01-01 12:02:20.850,1.378881701398119,0.7403752478190437,0.15180402192434034,-0.24740734242992468,fms
2026-01-01 12:02:20.900,1.1426429139902319,0.4911812189213729,0.031620891783933056,-0.3039790212155447,fms
2026-01-01 12:02:20.950,0.9843948727870329,0.353619514783468,0.006896246312621177,-0.351280842979557,fms
2026-01-01 12:02:21.000,0.7600803453547216,0.356965660878485,0.061755365854333485,-0.32430100270177953,fms
2026-01-01 12:02:21.050,0.7304785027043127,0.408133865452874,-0.04290764609295748,-0.4463067193117504,fms
2026-01-01 12:02:21.100,0.8141232893477965,0.39590001459501484,-0.029725276378539063,-0.6426911786641929,fms
2026-01-01 12:02:21.150,0.8966327483022553,0.6490798777329865,-0.18219727175071276,-1.0520031643629861,fms
2026-01-01 12:02:21.200,1.0587798395320744,0.5526016495121604,-0.4872506990145261,-1.1735806429430853,fms
2026-01-01 12:02:21.250,1.1721316336785694,0.3856634230016817,-0.744033303017527,-1.4735343274866077,fms
2026-01-01 12:02:21.300,1.1043202560885645,0.1376659933622152,-0.9848290405514403,-1.4958313359279967,fms
2026-01-01 12:02:21.350,1.1005114748039615,-0.2271202458131943,-1.340581760701438,-1.5034789685482202,fms
2026-01-01 12:02:21.400,0.7961101471240529,-0.5296271868128476,-1.4976410190785159,-1.4079984335061908,fms
2026-01-01 12:02:21.450,0.5683687388003171,-0.8405743048094672,-1.644142763824034,-0.9720868763186676,fms
2026-01-01 12:02:21.500,0.22874850560784532,-1.0652089365981856,-1.5267046962591373,-0.7058892541232007,fms
2026-01-01 12:02:21.550,-0.04581427284748268,-1.1923523268029383,-1.2750654625586348,-0.19838393218117018,fms
2026-01-01 12:02:21.600,-0.2571987564074038,-1.2749569168693855,-1.1383944332430307,0.05950841337400925,fms
2026-01-01 12:02:21.650,-0.38762808804114623,-1.0880801750219482,-0.7840259831613419,0.31607192779691573,fms
2026-01-01 12:02:21.700,-0.34950062403622423,-1.0222421605577692,-0.6002339934199462,0.40788488399186873,fms
2026-01-01 12:02:21.750,-0.17606714151885827,-0.7463011918645548,-0.45046567510432556,0.47332813439271376,fms
2026-01-01 12:02:21.800,-0.14333625498563055,-0.8049815910311412,-0.3993155727498032,0.3997609063155559,fms
2026-01-01 12:02:21.850,-0.12776066423081506,-0.8340592995194946,-0.4391148712584951,0.528463995831211,fms
2026-01-01 12:02:21.900,-0.047329420730001195,-0.9450389175109237,-0.5094623551629371,0.5030874104142606,fms
2026-01-01 12:02:21.950,-0.24500548637416836,-1.1228746951329742,-0.5085491157259502,0.6275695057904758,fms
2026-01-01 12:02:22.000,-0.44072764356022254,-1.232462024647218,-0.3142373432937,0.9559726924968951,fms
2026-01-01 12:02:22.050,-0.7110817777109113,-1.3610598642889145,-0.12828140060923898,1.2902333355075286,fms
2026-01-01 12:02:22.100,-0.9882609655227189,-1.3920732636789521,0.05592559972929381,1.3130120929465072,fms
2026-01-01 12:02:22.150,-1.2365888782182266,-1.2466234133042904,0.3842908760195623,1.5825655466511768,fms
2026-01-01 12:02:22.200,-1.4540848645640234,-1.1143624968760042,0.8937073790450267,1.4597992189013238,fms
2026-01-01 12:02:22.250,-1.4356442273849734,-0.8069030838831732,1.2229202352804267,1.3564232275547312,fms
2026-01-01 12:02:22.300,-1.3491451327045574,-0.5019219219681064,1.3612091523464132,1.1451745933365733,fms
2026-01-01 12:02:22.350,-1.1248820324228637,-0.1809187213249791,1.3850058705044075,0.8153089034622903,fms
2026-01-01 12:02:22.400,-1.035407449959866,0.07868468496991889,1.4163910375918773,0.3382786031802972,fms
2026-01-01 12:02:22.450,-0.8591005808587233,0.2621422994337288,1.2209464396219198,-0.10322906966180713,fms
2026-01-01 12:02:22.500,-0.8173094764392905,0.3252569371054038,1.0660500151657866,-0.4993483967680136,fms
2026-01-01 12:02:22.550,-0.8234002247499546,0.1929498420627038,0.8732799976864895,-0.5675947061223814,fms
2026-01-01 12:02:22.600,-0.9736050317862498,0.06050850255786867,0.7460497389993129,-0.6640317303651039,fms
2026-01-01 12:02:22.650,-1.1615382695060805,0.11939524901386644,0.7485579656790545,-0.6572720890332175,fms
2026-01-01 12:02:22.700,-1.3485368683426797,0.1871381255535571,0.738900873594786,-0.6182236084300051,fms
2026-01-01 12:02:22.750,-1.5303114786431,0.40878167277167193,0.7318002969669155,-0.6407923692471045,fms
2026-01-01 12:02:22.800,-1.4762885974326911,0.6185457901936428,0.8929864711875447,-0.6089451295840104,fms
2026-01-01 12:02:22.850,-1.340583801758725,0.9162035234499807,0.8800392663863777,-0.8360791086299422,fms
2026-01-01 12:02:22.900,-1.0582749660696977,1.23763987313995,0.7679950762222444,-0.8899592940937835,fms
2026-01-01 12:02:22.950,-0.8234571880078689,1.433810397971231,0.5824203692541905,-1.2301007544977545,fms
2026-01-01 12:02:23.000,-0.476864748370977,1.5904375718726398,0.16366975239449277,-1.332454900065853,fms
2026-01-01 12:02:23.050,-0.2212080581373108,1.4628404013842815,-0.17408574891157758,-1.3647416593680581,fms
2026-01-01 12:02:23.100,-0.1419721314592224,1.368524262196889,-0.5621610641933227,-1.3206053729047997,fms
2026-01-01 12:02:23.150,-0.14066680255707892,1.1251033465572993,-0.9390191169316938,-1.0404577395940597,fms
2026-01-01 12:02:23.200,-0.16604489249848012,0.9690110250664672,-1.034073792101139,-0.7117579036788912,fms
2026-01-01 12:02:23.250,-0.29248468408140493,0.7405747674452957,-1.1719726824098096,-0.3673553805885456,fms
2026-01-01 12:02:23.300,-0.3477945773265137,0.761841781053849,-1.1309921150848663,0.1582367966958076,fms
2026-01-01 12:02:23.350,-0.36366213554262333,0.6471179831128698,-1.0469596122278548,0.5326076676944418,fms
2026-01-01 12:02:23.400,-0.2240862736479537,0.7505211165774233,-0.8115313483967999,0.680951739365115,fms
2026-01-01 12:02:23.450,-0.03296454378161042,0.8931515123370836,-0.8283537256517116,0.7862612979505532,fms
2026-01-01 12:02:23.500,0.2436603498786307,0.9629414104077141,-0.8041268637417254,0.9058521433593982,fms
2026-01-01 12:02:23.550,0.6735348486619097,0.9211228399646638,-0.8894641816803461,0.8993426243697108,fms
2026-01-01 12:02:23.600,0.8699083708467422,0.8387334828364797,-1.0582314356414582,0.7631851650276642,fms
2026-01-01 12:02:23.650,1.053330565701802,0.5483611841456644,-1.0694278498611007,0.8244671445026686,fms
2026-01-01 12:02:23.700,1.1817969519185807,0.23248719638876794,-1.1650583436760669,0.8198301449708757,fms
2026-01-01 12:02:23.750,1.1644703017625067,-0.003420684136504204,-1.274114037690285,0.9541739658107602,fms
2026-01-01 12:02:23.800,1.0145865152246265,-0.3332787515976756,-1.1254888975626178,1.0295694770321424,fms
2026-01-01 12:02:23.850,0.8202805220381886,-0.6684405042422744,-0.9093274619864323,1.2059740616675891,fms
2026-01-01 12:02:23.900,0.7968178452849248,-0.8534631752161105,-0.5082014076609854,1.2709218173894863,fms
2026-01-01 12:02:23.950,0.7108774011390173,-0.8823646302834471,-0.20776892132996555,1.2491550274889909,fms
2026-01-01 12:02:24.000,0.6921326377990784,-0.7756766344554267,0.26178080341788434,1.049272884404257,fms
2026-01-01 12:02:24.050,0.8427630642388589,-0.6723715307421696,0.5751831838230226,0.8565631638898001,fms
2026-01-01 12:02:24.100,1.0982140494321138,-0.7479731056457334,0.7863807959261842,0.3907434888665903,fms
2026-01-01 12:02:24.150,1.422573241211525,-0.5648498171076075,0.8115638477085179,-0.0016671476584960892,fms
2026-01-01 12:02:24.200,1.5113989929350686,-0.7298277193990786,0.7915495618212243,-0.4317856300783522,fms
2026-01-01 12:02:24.250,1.514568693328917,-0.9069551205240195,0.6525684515508998,-0.747936579848895,fms
2026-01-01 12:02:24.300,1.5917898012129241,-1.0991695686276735,0.5738004065151204,-0.9128873731043052,fms
2026-01-01 12:02:24.350,1.3507213955284958,-1.451053944855034,0.6865549709896835,-1.049973363442182,fms
2026-01-01 12:02:24.400,1.0858375920555003,-1.5020537439063049,0.7521815811549477,-1.0640309523578868,fms
2026-01-01 12:02:24.450,0.8006953836889659,-1.5540790364822734,0.9920090178839733,-1.0087674496183987,fms
2026-01-01 12:02:24.500,0.6959843940674325,-1.4757071561844812,1.1313164207269075,-0.8915763084679078,fms
2026-01-01 12:02:24.550,0.5067937589023264,-1.3296773136635816,1.3460696485655779,-0.8476766202949486,fms
2026-01-01 12:02:24.600,0.4257834403036008,-1.085609517447034,1.4367180802018793,-0.7894961729077832,fms
2026-01-01 12:02:24.650,0.45681328295684276,-0.8280181586524215,1.4641012002228515,-0.8788394112042279,fms
2026-01-01 12:02:24.700,0.5880030994479719,-0.48853214400828204,1.3463178411922323,-0.962159117062652,fms
2026-01-01 12:02:24.750,0.7884678378895102,-0.2872797071741558,1.098187505373977,-1.1491475858914195,fms
2026-01-01 12:02:24.800,0.7213270740414578,-0.1215717939258964,0.6849877005338988,-1.116305251266986,fms
2026-01-01 12:02:24.850,0.7807274381877181,-0.08965412077998922,0.37546261431944067,-1.07811307789604,fms
2026-01-01 12:02:24.900,0.599796340298729,-0.20872389008263406,0.026748209424020106,-0.7601477412765638,fms
2026-01-01 12:02:24.950,0.19684267959967153,-0.3299470388596479,-0.17722912217369313,-0.48875010753431203,fms
2026-01-01 12:02:25.000,0.03890967044641843,-0.37639048727758534,-0.40783507765960797,-0.09455760662023299,fms
2026-01-01 12:02:25.050,-0.31339740994494647,-0.2112482803172556,-0.39133614048339,0.44363090627943724,fms
2026-01-01 12:02:25.100,-0.5517916795046433,-0.09491883364453274,-0.35224829253314555,0.7048149115975213,fms
2026-01-01 12:02:25.150,-0.6622932470809492,0.2311016884810765,-0.30549993558348265,0.9575646283929288,fms
2026-01-01 12:02:25.200,-0.7383968665449591,0.5990781142993622,-0.33981479299916867,1.2100014220762434,fms
2026-01-01 12:02:25.250,-0.7885020324599595,0.8359314610982286,-0.45875212066741367,1.2330092373151227,fms
2026-01-01 12:02:25.300,-0.6409809906422018,1.2210339118261704,-0.5648334539122961,1.1254815802860352,fms
2026-01-01 12:02:25.350,-0.5187031655753769,1.296923986033513,-0.9402295855311177,0.9772010565557846,fms
2026-01-01 12:02:25.400,-0.48217825865708663,1.3200064727456124,-1.1235545565020286,0.8501470986221832,fms
2026-01-01 12:02:25.450,-0.568727281583634,1.2838267684114568,-1.4118366402657567,0.7700743461985934,fms
2026-01-01 12:02:25.500,-0.6575620213777544,1.2044955855739603,-1.6068682869315591,0.7425361056509475,fms
2026-01-01 12:02:25.550,-0.8049145765200754,0.8199642877487894,-1.6259595281985468,0.8798909279836203,fms
2026-01-01 12:02:25.600,-1.1021925881483283,0.8514289443181168,-1.5126378860336263,0.9031855760548719,fms
2026-01-01 12:02:25.650,-1.3859031758448448,0.7956530866859644,-1.2702165279670072,0.9478049112029688,fms
2026-01-01 12:02:25.700,-1.504963285420814,0.8292846622823963,-0.8840436113299244,0.9479954139871233,fms
2026-01-01 12:02:25.750,-1.5892831056761125,0.9454191279949496,-0.6885414055778738,0.8195816776447171,fms
2026-01-01 12:02:25.800,-1.4722667152278972,1.171898174879989,-0.30766954610237673,0.5097549282905004,fms
2026-01-01 12:02:25.850,-1.3054182221168027,1.172665070622661,-0.1639050457525569,0.08156975742493063,fms
2026-01-01 12:02:25.900,-1.0837438080992896,1.2440225212784146,-0.062352999512206415,-0.3117377442101276,fms
2026-01-01 12:02:25.950,-0.9888433042972797,1.119826857853672,-0.004482865077545535,-0.6654156237049776,fms
2026-01-01 12:02:26.000,-0.7384768615011466,1.0211734998452113,-0.06517179035717524,-1.033027150333322,fms
2026-01-01 12:02:26.050,-0.6871855709178123,0.6850447550341995,-0.04279963534313429,-1.28483197427604,fms
2026-01-01 12:02:26.100,-0.7054377385960419,0.3058456729620388,-0.008591150449188343,-1.3093642267228727,fms
2026-01-01 12:02:26.150,-0.9363119295622201,0.03107490669694233,0.21163389804976324,-1.3529744801532957,fms
2026-01-01 12:02:26.200,-1.0184846010455215,-0.2219624433811931,0.4156791497547632,-1.208334901862288,fms
2026-01-01 12:02:26.250,-1.0974438935796387,-0.3923780702770211,0.7057134400273983,-0.9297990273680268,fms
2026-01-01 12:02:26.300,-1.1149465873627216,-0.45709326889412605,0.9985358108829684,-0.8707915968540066,fms
2026-01-01 12:02:26.350,-1.0237330201264627,-0.40055431185827495,1.3855096917730112,-0.6922810397162402,fms
2026-01-01 12:02:26.400,-0.8562243217883145,-0.25921392909180674,1.5219539403632463,-0.7450094958574609,fms
2026-01-01 12:02:26.450,-0.5498747269395509,-0.3175013496612481,1.5993850298340115,-0.7141752567317103,fms
2026-01-01 12:02:26.500,-0.09701662786562726,-0.29894301966393977,1.501371748571856,-0.7616202103013067,fms
2026-01-01 12:02:26.550,0.07086609177784242,-0.3928689536058802,1.3128953575227833,-0.7173286247801977,fms
2026-01-01 12:02:26.600,0.239876466058886,-0.6965217732960425,1.0015177320525421,-0.6479168210788007,fms
2026-01-01 12:02:26.650,0.35395605913275974,-1.0429613465543524,0.7446216431731766,-0.47919125419098024,fms
2026-01-01 12:02:26.700,0.29225928758478187,-1.229233895980412,0.5769339805836404,-0.17805572546249215,fms
2026-01-01 12:02:26.750,0.26290608672393784,-1.4459953498505265,0.4202603214469025,0.2525794123515078,fms
2026-01-01 12:02:26.800,0.15434449827214428,-1.5824721962489108,0.4233079977692023,0.7111845636585274,fms
2026-01-01 12:02:26.850,0.047641666430385546,-1.6144251137941035,0.41014893901056787,0.9446736759463885,fms
2026-01-01 12:02:26.900,0.06358452964493336,-1.433215356036135,0.4299485104901064,1.3543243769960904,fms
2026-01-01 12:02:26.950,0.35835052920467536,-1.1865867164602546,0.5399412929517338,1.446365662405591,fms
2026-01-01 12:02:27.000,0.4876022175931645,-1.0198588943558982,0.33267785380518566,1.4555643819332433,fms
2026-01-01 12:02:27.050,0.7759384353722296,-0.7480104083138868,0.1114050930246361,1.3010661352901627,fms
2026-01-01 12:02:27.100,1.0109252583494852,-0.5805517564676812,-0.09805575905709599,1.0734442818473677,fms
2026-01-01 12:02:27.150,1.2558721960096422,-0.49154872996407345,-0.47901184619514964,0.8062841353854846,fms
2026-01-01 12:02:27.200,1.3809764068059251,-0.5836591272947292,-0.8825913210189588,0.7010146166216585,fms
2026-01-01 12:02:27.250,1.3797498116170304,-0.6166957451912136,-1.2126692376860118,0.5705376167365718,fms
2026-01-01 12:02:27.300,1.4097605451114008,-0.8082038253478202,-1.413395109555609,0.5053098640252472,fms
2026-01-01 12:02:27.350,1.069819324309551,-0.8614957076745549,-1.3999694137747942,0.6253398514858829,fms
2026-01-01 12:02:27.400,1.016458202110476,-0.6476257660230377,-1.3618499249839915,0.5867881965639749,fms
2026-01-01 12:02:27.450,0.7769931570774997,-0.5933838060112747,-1.1566442506407215,0.5983441357581176,fms
2026-01-01 12:02:27.500,0.7930892285842283,-0.1724824052786439,-1.0491671609176525,0.29344804956933773,fms
2026-01-01 12:02:27.550,0.8584895398676865,0.19328915527323184,-0.9200254667732447,0.18850489364733017,fms
2026-01-01 12:02:27.600,1.0142074400315224,0.5403704944043438,-0.6626783436109137,-0.2061376141926218,fms
2026-01-01 12:02:27.650,1.161158959897647,0.7534770945429914,-0.7806260437054096,-0.646565888309686,fms
2026-01-01 12:02:27.700,1.3488771277078488,0.9412698527642249,-0.7534512482082606,-0.9170737571976066,fms
2026-01-01 12:02:27.750,1.40846925583373,1.0468633771871998,-0.8027656450739383,-1.30588968841851,fms
2026-01-01 12:02:27.800,1.4098051566275076,1.0284873082440935,-0.9218145705083798,-1.457521397113889,fms
2026-01-01 12:02:27.850,1.3165850992536912,0.8906081418886103,-0.9225400535679176,-1.4994149505807945,fms
2026-01-01 12:02:27.900,1.0889908794674281,0.8291856850425489,-0.8206362349787395,-1.37351668930064,fms
2026-01-01 12:02:27.950,0.7683750734676361,0.672550355546033,-0.5353961097047664,-1.2379609897568615,fms
2026-01-01 12:02:28.000,0.49954755859339417,0.7279491369791128,-0.20104059561468687,-0.9994673881254409,fms
2026-01-01 12:02:28.050,0.3440510883552894,0.7589908184585519,0.2557663983914983,-0.6766444234836853,fms
2026-01-01 12:02:28.100,0.10652827824543935,1.0659347908493138,0.6026302818464923,-0.6210317851935019,fms
2026-01-01 12:02:28.150,0.052843644733071925,1.2041532104024368,0.8094540585365055,-0.42631559060191293,fms
2026-01-01 12:02:28.200,0.15497363289812593,1.3935531308377664,1.0742631386967318,-0.468298438103132,fms
2026-01-01 12:02:28.250,0.20326081961191309,1.4743908456008343,1.2724963004590206,-0.442565998281613,fms
2026-01-01 12:02:28.300,0.31945939044952687,1.420465622467733,1.174702678220484,-0.44466874131604334,fms
2026-01-01 12:02:28.350,0.41434987963588865,1.3012894840878984,1.0176113567648493,-0.27130712679045943,fms
2026-01-01 12:02:28.400,0.23476892183259684,0.9988412051775467,0.9201125100740206,-0.029919591635413148,fms
2026-01-01 12:02:28.450,0.024814532304247815,0.7492797269479148,0.8175502406864963,0.18276551012194786,fms
2026-01-01 12:02:28.500,-0.24098084365559702,0.47527668342708573,0.7778662268658867,0.5843712344203655,fms
2026-01-01 12:02:28.550,-0.6619299285592852,0.21730330545422602,0.8355654847180958,0.972774450438433,fms
2026-01-01 12:02:28.600,-0.8151260117679883,0.10224678292293021,1.058377652246792,1.240466208717193,fms
2026-01-01 12:02:28.650,-1.1934902283042512,-0.028120556946561737,1.0610314484926266,1.5018464828319107,fms
2026-01-01 12:02:28.700,-1.0488824005775124,-0.03372644607386807,1.2276435878193177,1.5723568886539498,fms
2026-01-01 12:02:28.750,-1.2262884532468499,-0.06518649956570852,1.2033156170639006,1.496334651475777,fms
2026-01-01 12:02:28.800,-0.9810078985829652,0.17773606824322705,1.1482990466436969,1.3099662501676206,fms
2026-01-01 12:02:28.850,-0.8900450974242673,0.04416344111727661,0.9253967968333223,1.0106600692750198,fms
2026-01-01 12:02:28.900,-0.7449399411767349,-0.09223554158901764,0.5684687619790189,0.7768307724482545,fms
2026-01-01 12:02:28.950,-0.7756540288502032,-0.1628561367410059,0.15329457627238624,0.5188763008209386,fms
2026-01-01 12:02:29.000,-0.8021226545159945,-0.6119456202313431,-0.28568537749287426,0.3036001788924418,fms
2026-01-01 12:02:29.050,-0.9474988701782067,-0.8884802006056125,-0.6291007597344858,0.22503896777280646,fms
2026-01-01 12:02:29.100,-1.1525373957525225,-1.241413792867091,-0.7451991753161686,0.23642740548655888,fms
2026-01-01 12:02:29.150,-1.3558514438210179,-1.4631222003052187,-0.7781579929748265,0.247617622045612,fms
2026-01-01 12:02:29.200,-1.5098837407503576,-1.5212394245739762,-0.8458570507884751,0.0858964087830539,fms
2026-01-01 12:02:29.250,-1.6269181902792968,-1.3539640332106093,-0.7765321840018349,0.01568931378082987,fms
2026-01-01 12:02:29.300,-1.4907668845848014,-1.3481736391144747,-0.7329657013885338,-0.16701620899195113,fms
2026-01-01 12:02:29.350,-1.4452771462060219,-1.0716488267780153,-0.7037689333918442,-0.4854184174769229,fms
2026-01-01 12:02:29.400,-1.1486191703162494,-0.8498361452182401,-0.7275934723443405,-0.835953535759467,fms
2026-01-01 12:02:29.450,-0.9452761889879373,-0.7927937093182981,-0.9353925919239108,-1.2468235350737793,fms
2026-01-01 12:02:29.500,-0.7179609823826009,-0.7969265234960596,-1.1836790951095146,-1.4774733884944935,fms
2026-01-01 12:02:29.550,-0.5218182635284647,-0.8812477866683351,-1.348193587350834,-1.608344526184371,fms
2026-01-01 12:02:29.600,-0.4185739836934853,-0.9809041464256941,-1.4189584265731265,-1.567370006787498,fms
2026-01-01 12:02:29.650,-0.4985686416353446,-1.1039302574144416,-1.4887298359432986,-1.4835649672118782,fms
2026-01-01 12:02:29.700,-0.5988836493691001,-1.1310206542983927,-1.2936959717545093,-1.1763274070561978,fms
2026-01-01 12:02:29.750,-0.8050719563209539,-1.1376373021277342,-1.090580657789166,-0.9071345605217984,fms
2026-01-01 12:02:29.800,-0.8488290890362353,-0.932387016140962,-0.7357429687749164,-0.504094039474122,fms
2026-01-01 12:02:29.850,-0.7396144192832985,-0.6226710279869255,-0.44518709711062526,-0.283702650638869,fms
2026-01-01 12:02:29.900,-0.5491423446201542,-0.307248124842801,-0.06249998639546279,-0.0699242607051659,fms
2026-01-01 12:02:29.950,-0.24021253375659654,0.02107445412083575,0.13282189438006028,0.034153448399050435,fms
2026-01-01 12:02:30.000,-0.03306001577961954,0.357623826477268,0.3420160996757203,0.05617405056843342,fms
2026-01-01 12:02:30.050,0.28345006203871403,0.6720002154568493,0.4967141093754027,0.09078358365820141,fms
2026-01-01 12:02:30.100,0.6192186247074702,0.6533111743775046,0.4053692871012773,0.12363424121737987,fms
2026-01-01 12:02:30.150,0.8050829552813499,0.580143931183463,0.392794261352303,0.2926189673434763,fms
2026-01-01 12:02:30.200,0.7530451700059791,0.5383472052101237,0.3484360515707849,0.42664673388400576,fms
2026-01-01 12:02:30.250,0.7155731425470834,0.5215697249734627,0.5261411367622413,0.6991622773436107,fms
2026-01-01 12:02:30.300,0.6154983968152082,0.5348071524896719,0.5115486445239226,1.0574025523890453,fms
2026-01-01 12:02:30.350,0.5028152073380747,0.5330875465116747,0.9006407794147646,1.276135637384057,fms
2026-01-01 12:02:30.400,0.5082613490285693,0.6799284245559479,1.123746163885131,1.6085889028912619,fms
2026-01-01 12:02:30.450,0.5331144178599381,0.787637572042879,1.3829018868670142,1.6235005872406378,fms
2026-01-01 12:02:30.500,0.6140104717901268,1.2104198473728496,1.497398624677351,1.4740679075361762,fms
2026-01-01 12:02:30.550,0.8246519737615753,1.3701588002461567,1.7320822976810601,1.2048319626607853,fms
2026-01-01 12:02:30.600,1.1348698697118496,1.524779249778302,1.4757899721572882,0.99053438342746,fms
2026-01-01 12:02:30.650,1.4509411601009985,1.5303062141117025,1.2827171396612393,0.6022139416823428,fms
2026-01-01 12:02:30.700,1.4920101348653234,1.5621574445042157,1.008563600659744,0.2276105953220645,fms
2026-01-01 12:02:30.750,1.6195281273486979,1.3021456949287842,0.5908703342407357,-0.12194395210421323,fms
2026-01-01 12:02:30.800,1.4903572648444259,1.052761382172806,0.44196053703254234,-0.19749976563638155,fms
2026-01-01 12:02:30.850,1.3415114550497969,0.8133236179622579,0.12563942454414112,-0.21302447876833608,fms
2026-01-01 12:02:30.900,1.201560803157924,0.5384449053581156,0.01612411982482796,-0.26671578489130693,fms
2026-01-01 12:02:30.950,0.8547965637328098,0.4804892786900905,0.07385192186820358,-0.27481033375116976,fms
2026-01-01 12:02:31.000,0.789294541035244,0.306717199358833,0.14240690940622155,-0.39657169223505645,fms
2026-01-01 12:02:31.050,0.6440987930082647,0.44122942844788315,-0.03252665180636839,-0.45887443305933395,fms
2026-01-01 12:02:31.100,0.7881286503115483,0.5372966104296935,-0.0794726463245982,-0.6865164816924019,fms
2026-01-01 12:02:31.150,0.9104604106951386,0.5159905301794869,-0.13904980300638772,-0.9290553384059314,fms
2026-01-01 12:02:31.200,1.1373740068390135,0.49824237766070056,-0.3373338421503396,-1.1851070794412084,fms
2026-01-01 12:02:31.250,1.1066994083589239,0.41586030643450217,-0.6640232113554487,-1.4195981339731605,fms
2026-01-01 12:02:31.300,1.0901503065795795,0.07125402342335588,-1.0615674267370419,-1.4975124417676302,fms
2026-01-01 12:02:31.350,1.0847470133551207,-0.2156754351874223,-1.3479511891551195,-1.4835868466730016,fms
2026-01-01 12:02:31.400,0.881040662682987,-0.5022477542120707,-1.5529297171134357,-1.3007841810105176,fms
2026-01-01 12:02:31.450,0.6060369047019845,-0.8793031580508753,-1.5823519352894808,-1.010563708889852,fms
2026-01-01 12:02:31.500,0.19125778026397766,-1.1296727057484384,-1.5366127504511335,-0.5681653658548336,fms
2026-01-01 12:02:31.550,-0.12982205311374348,-1.2563488647583605,-1.3301441925415391,-0.22006914758349222,fms
2026-01-01 12:02:31.600,-0.2606866431073826,-1.1682364046926503,-1.0743801035539646,0.09835495218355145,fms
2026-01-01 12:02:31.650,-0.39580808140915696,-1.1368970060885788,-0.798823893064863,0.22717321211374003,fms
2026-01-01 12:02:31.700,-0.32875341725896395,-0.9315880904196662,-0.5874924534380712,0.3976966848536628,fms
2026-01-01 12:02:31.750,-0.2553820404281696,-0.8016263136190721,-0.4433222558085974,0.5479277736086525,fms
2026-01-01 12:02:31.800,-0.1547825949120353,-0.6994699955931488,-0.4587978566243729,0.4871597631731095,fms
2026-01-01 12:02:31.850,-0.1641818499063682,-0.8063367374895973,-0.48230836439653235,0.5208037282968341,fms
2026-01-01 12:02:31.900,-0.06988322254646581,-0.9606441851058806,-0.4649846367742819,0.46899499578786474,fms
2026-01-01 12:02:31.950,-0.2585364599478018,-0.9506684273335494,-0.4410863507717148,0.6370850316429922,fms
2026-01-01 12:02:32.000,-0.5674946996582035,-1.2973622103663087,-0.42509414490906194,0.8365541257567128,fms
2026-01-01 12:02:32.050,-0.70126641731209,-1.4603608245661235,-0.28016943031347263,1.0637253159723368,fms
2026-01-01 12:02:32.100,-1.0771384202933654,-1.4444798889951314,0.05849044391794273,1.3569875499193547,fms
2026-01-01 12:02:32.150,-1.3324822238030771,-1.301188489129413,0.5652682329672055,1.40979784328971,fms
2026-01-01 12:02:32.200,-1.4210661540111695,-1.0506699455372128,0.7979422946668143,1.5011589709877255,fms
2026-01-01 12:02:32.250,-1.4164255758930884,-0.6796887375434608,1.1647479985458364,1.3359828726878797,fms
2026-01-01 12:02:32.300,-1.3426356463929658,-0.36829368312187194,1.3632848675425424,1.0486122134028693,fms
2026-01-01 12:02:32.350,-1.1905606800422897,-0.039462298159353856,1.4214003144521987,0.7089622184750816,fms
2026-01-01 12:02:32.400,-0.9546135138758731,0.15657483673638842,1.4423872748849573,0.2819817649597182,fms
2026-01-01 12:02:32.450,-0.8366946858889224,0.21398415956443495,1.2151260796904524,-0.0303586452937143,fms
2026-01-01 12:02:32.500,-0.8362934537793648,0.23427630844637212,1.043158935813302,-0.35712820364293385,fms
2026-01-01 12:02:32.550,-0.9475381415597136,0.09811210433217542,0.8487809444632085,-0.5717853122572891,fms
2026-01-01 12:02:32.600,-1.010234572365209,0.05085247857255079,0.6874256788926986,-0.6949614569984224,fms
2026-01-01 12:02:32.650,-1.2070906114615612,0.03367011370228323,0.6722685308406865,-0.6501886051648268,fms
2026-01-01 12:02:32.700,-1.3033708141059264,0.12080893349836139,0.7920199918704326,-0.6938464359346956,fms
2026-01-01 12:02:32.750,-1.4375746350088534,0.3632263278514165,0.8206906235850994,-0.6851086673941005,fms
2026-01-01 12:02:32.800,-1.4088478656134094,0.6521700218490954,1.0173204363572146,-0.6339200124654017,fms
2026-01-01 12:02:32.850,-1.2730638479638199,0.9615102870667616,0.895512605417229,-0.7991361634633599,fms
2026-01-01 12:02:32.900,-1.0736965975728423,1.1969807673131294,0.7916538068496322,-0.9199802531701704,fms
2026-01-01 12:02:32.950,-0.7610399869537249,1.41983127591031,0.5421176540152821,-1.167041177433897,fms
2026-01-01 12:02:33.000,-0.4431936289751798,1.513623638314519,0.25300294074776547,-1.357679962859638,fms
2026-01-01 12:02:33.050,-0.2197417626819599,1.4789838180773824,-0.19076919241240553,-1.4122254357282789,fms
2026-01-01 12:02:33.100,-0.038173457286201654,1.3496484742122379,-0.5025523252767836,-1.3319516503427296,fms
2026-01-01 12:02:33.150,-0.04958631177369531,1.1963660654367725,-0.9164794170066506,-1.2605123994235488,fms
2026-01-01 12:02:33.200,-0.16581464605758983,0.9965358169492186,-1.0837977673887342,-0.7906934396997057,fms
2026-01-01 12:02:33.250,-0.18233855140469835,0.7586776685887757,-1.1829415249140154,-0.3661235895342628,fms
2026-01-01 12:02:33.300,-0.2985389632644601,0.6803607514348271,-1.1533742013063046,0.059075023344513436,fms
2026-01-01 12:02:33.350,-0.29125314229196225,0.7126855904638918,-1.024925944123577,0.43447249009470423,fms
2026-01-01 12:02:33.400,-0.2306006222250229,0.7370095676071092,-0.9270311964644522,0.6249742557462664,fms
2026-01-01 12:02:33.450,-0.1368141766216322,0.8806596397612946,-0.8242182037532846,0.8974601870797391,fms
2026-01-01 12:02:33.500,0.2535874641178573,1.0205651578945862,-0.7245757277999,0.9122153789201499,fms
2026-01-01 12:02:33.550,0.6397011611160279,0.9791287102880968,-0.8500610305938037,0.8531892458530617,fms
2026-01-01 12:02:33.600,0.79668967230802,0.8833995242535412,-1.0507314010362534,0.7656043278475609,fms
2026-01-01 12:02:33.650,1.0749718343042183,0.5475864824672242,-1.0336383306223504,0.784683284104282,fms
2026-01-01 12:02:33.700,1.1966040750126283,0.1953741863292744,-1.3364973326477902,0.7479102793542057,fms
2026-01-01 12:02:33.750,1.1364681538190662,-0.1377124036731005,-1.2729920267383736,0.8731412658668833,fms
2026-01-01 12:02:33.800,1.0297940988599157,-0.378976106365785,-1.0504086492646734,1.033104410872133,fms
2026-01-01 12:02:33.850,0.9364939604045379,-0.6046179406666061,-0.8663251585906815,1.2261763736331681,fms
2026-01-01 12:02:33.900,0.688748751908584,-0.8077472209142829,-0.4579582882501231,1.3624343165724881,fms
2026-01-01 12:02:33.950,0.6916166853650927,-0.7927876410114378,-0.08279267897368532,1.2548936493581253,fms
2026-01-01 12:02:34.000,0.7285980467836127,-0.8755839036201958,0.2613950790088028,1.103671581292747,fms
2026-01-01 12:02:34.050,0.9395764290558127,-0.6954943117581264,0.48372721812067354,0.8356358409920204,fms
2026-01-01 12:02:34.100,1.0237938194071636,-0.5702401000538527,0.7021653085364711,0.3770837609102245,fms
2026-01-01 12:02:34.150,1.2925353616866155,-0.6891454840292767,0.8444258206734655,-0.035576724947033914,fms
2026-01-01 12:02:34.200,1.5776027347914021,-0.6680716660603029,0.814642921692606,-0.4481937789535123,fms
2026-01-01 12:02:34.250,1.521239606795594,-0.8494042395143812,0.7433244208164981,-0.7598163750345511,fms
2026-01-01 12:02:34.300,1.4763442301001397,-1.0243983601072015,0.6274684035870203,-1.0150982675819393,fms
2026-01-01 12:02:34.350,1.3844515229792476,-1.394105450184351,0.828422005729768,-1.0554468198163398,fms
2026-01-01 12:02:34.400,1.1244396734642865,-1.4689800756543119,0.7805350402915932,-1.102865119817978,fms
2026-01-01 12:02:34.450,0.9444628384433216,-1.6930257393865829,0.8725652614035894,-0.9355554611425204,fms
2026-01-01 12:02:34.500,0.6241172879073908,-1.576214656622118,1.151649029878762,-0.8229661695435216,fms
2026-01-01 12:02:34.550,0.5642228133733549,-1.3671636722160319,1.4049543239126714,-0.6603384942995383,fms
2026-01-01 12:02:34.600,0.4024702754839382,-1.1856091851434658,1.4934273860547223,-0.8092954603552781,fms
2026-01-01 12:02:34.650,0.5200088343698692,-0.8278767353014286,1.5332266457648316,-0.9366059680796629,fms
2026-01-01 12:02:34.700,0.6857291307154484,-0.44725995338032326,1.3213001194819294,-0.9958019393903615,fms
2026-01-01 12:02:34.750,0.7519173826259216,-0.2910265589622945,1.115284683753523,-1.145239595298618,fms
2026-01-01 12:02:34.800,0.7421914757907673,-0.24736650082577996,0.7141411048594775,-1.132033481353751,fms
2026-01-01 12:02:34.850,0.7118098877568244,-0.18989119602067106,0.45441969483382655,-1.0325086884890275,fms
2026-01-01 12:02:34.900,0.690698579940604,-0.32404822273397393,-0.008339791533142599,-0.8243475786749769,fms
2026-01-01 12:02:34.950,0.4039776786640121,-0.3001930962700971,-0.24318254756842553,-0.5762313441567821,fms
2026-01-01 12:02:35.000,0.0046897288969446945,-0.37874017246116976,-0.3157165687176181,-0.11716669347120792,fms
2026-01-01 12:02:35.050,-0.33964923730684826,-0.28909109889573475,-0.40222577860110925,0.34320602911541653,fms
2026-01-01 12:02:35.100,-0.595545814373107,-0.09311466619102335,-0.37322624090419226,0.8029834475277079,fms
2026-01-01 12:02:35.150,-0.6758117995818695,0.3333576540224793,-0.3841607905259834,1.1156719876544694,fms
2026-01-01 12:02:35.200,-0.7555118270399946,0.632459299177644,-0.37987031879120525,1.187718994575113,fms
2026-01-01 12:02:35.250,-0.7031546395534976,0.971817540995234,-0.5090391199132716,1.2216683554861998,fms
2026-01-01 12:02:35.300,-0.5996212401699028,1.0962137607864164,-0.6234687360715856,1.0866229545022845,fms
2026-01-01 12:02:35.350,-0.5617490243767645,1.3252664508447638,-0.8401148068653324,1.0078236914972862,fms
2026-01-01 12:02:35.400,-0.4736712226866743,1.4163718151193243,-1.1097274876747902,0.8983753420975186,fms
2026-01-01 12:02:35.450,-0.4342550469450417,1.2814178975083905,-1.412775573210531,0.8101740956615358,fms
2026-01-01 12:02:35.500,-0.6577257976838933,1.1314407867745058,-1.571184911923359,0.7934663770175164,fms
2026-01-01 12:02:35.550,-0.8668880629293397,0.9032520404810392,-1.6506672275445937,0.8505918860976437,fms
2026-01-01 12:02:35.600,-1.1733983832969865,0.7262072916194098,-1.4601771871829192,0.9191183874333323,fms
2026-01-01 12:02:35.650,-1.4004007392512285,0.7732846027770018,-1.1346824824806692,0.9911820055945058,fms
2026-01-01 12:02:35.700,-1.5499498011015294,0.8765853166824,-0.9490469511170024,0.9472450901116367,fms
2026-01-01 12:02:35.750,-1.6057898546081562,1.019636400856848,-0.6808974752176395,0.768148879320104,fms
2026-01-01 12:02:35.800,-1.5159815703695279,1.1307564450843368,-0.3991224469374837,0.541134890666525,fms
2026-01-01 12:02:35.850,-1.3238139783985379,1.1872504120767957,-0.13660041333674916,0.05133258439144356,fms
2026-01-01 12:02:35.900,-1.1186903412875657,1.3440116712344121,-0.07110276924230081,-0.3126271587476283,fms
2026-01-01 12:02:35.950,-0.8559543589496137,1.1764330627671487,0.05444229578724055,-0.6735402533476966,fms
2026-01-01 12:02:36.000,-0.7108649909738065,1.057360242957442,-0.08915234195739521,-1.0251444667194765,fms
2026-01-01 12:02:36.050,-0.688290329694598,0.6929161870540936,-0.0817198637831101,-1.1930951318150302,fms
2026-01-01 12:02:36.100,-0.7409866141453316,0.2589550775633861,-0.02492095839602264,-1.3537952169666565,fms
2026-01-01 12:02:36.150,-0.9020623932976294,-0.022770249425549616,0.09268009308088768,-1.3468203121393165,fms
2026-01-01 12:02:36.200,-0.9712961058233884,-0.20565109960068423,0.41702775031022377,-1.1373873709858933,fms
2026-01-01 12:02:36.250,-1.1663167298329562,-0.4299973275123562,0.7350128571617954,-0.9480386825700583,fms
2026-01-01 12:02:36.300,-1.2489571973988949,-0.42800790428697244,0.9876360924138413,-0.7659589153236454,fms
2026-01-01 12:02:36.350,-1.0856447879087354,-0.37378969561801634,1.3700474893386314,-0.7299868549483672,fms
2026-01-01 12:02:36.400,-0.8620860162937116,-0.29690613928137877,1.4565875614894246,-0.628740760809549,fms
2026-01-01 12:02:36.450,-0.5454400121958818,-0.2965010882843495,1.6544678964863206,-0.8094921077405354,fms
2026-01-01 12:02:36.500,-0.23202472712234784,-0.21434726750650834,1.5750223041732712,-0.7778853816554887,fms
2026-01-01 12:02:36.550,0.012153276329909594,-0.3896376873293481,1.2794151772314797,-0.7587225906134366,fms
2026-01-01 12:02:36.600,0.24756496716054877,-0.6213482050336677,1.0711771370225789,-0.6999275196297975,fms
2026-01-01 12:02:36.650,0.23095117424348657,-0.9682384925031844,0.7786961091462845,-0.4990386484398483,fms
2026-01-01 12:02:36.700,0.30133357807401984,-1.1738938748287011,0.550237888442935,-0.159222730746495,fms
2026-01-01 12:02:36.750,0.2883818309663968,-1.5078473631405231,0.4497336920368048,0.28213070315141653,fms
2026-01-01 12:02:36.800,0.1576671241094867,-1.5621283373436465,0.48245615744930764,0.6980103791345894,fms
2026-01-01 12:02:36.850,0.08037338687419582,-1.529469982572106,0.3594625254414258,1.0012625140517628,fms
2026-01-01 12:02:36.900,0.15682125437779637,-1.4589549183910564,0.49603546613320726,1.231257884171681,fms
2026-01-01 12:02:36.950,0.26043568205806455,-1.2947434666314797,0.4044535681550435,1.3165150157522856,fms
2026-01-01 12:02:37.000,0.4505548722165214,-1.0395180155383636,0.4068183732331427,1.4265818156686165,fms
2026-01-01 12:02:37.050,0.9259419905155419,-0.8583219540441762,0.1704843989392366,1.2390516202555293,fms
2026-01-01 12:02:37.100,1.0349700378972797,-0.6026932147719775,-0.060890750853359654,1.0758843612923539,fms
2026-01-01 12:02:37.150,1.263831205335641,-0.5358486048655988,-0.5128083239252665,0.8849200744832224,fms
2026-01-01 12:02:37.200,1.467557470742726,-0.6038278912914715,-0.7914196340693859,0.7680220738468626,fms
2026-01-01 12:02:37.250,1.4098171460675901,-0.5704694590470101,-1.2032253870420007,0.5547764633116561,fms
2026-01-01 12:02:37.300,1.370878269878592,-0.6993154462323485,-1.2902607192323274,0.6110893439966455,fms
2026-01-01 12:02:37.350,1.0578616782448593,-0.6846571544671879,-1.3536759547839359,0.5274898225396373,fms
2026-01-01 12:02:37.400,1.0195381914589008,-0.631406576984302,-1.423716458475109,0.5985019623134448,fms
2026-01-01 12:02:37.450,0.8822704159072832,-0.5688787756471401,-1.2553234794441475,0.4943477151550433,fms
2026-01-01 12:02:37.500,0.8279774527731673,-0.2846582228167805,-1.077961732109594,0.3887017796721953,fms
2026-01-01 12:02:37.550,0.8187359412649807,0.09560004232435396,-0.8224390822486245,0.07109112663477422,fms
2026-01-01 12:02:37.600,0.9637082713037614,0.45665490791179714,-0.7890718426608767,-0.19168831450998935,fms
2026-01-01 12:02:37.650,1.1175771468248579,0.8469416047372572,-0.7979588358123668,-0.5938534931113757,fms
2026-01-01 12:02:37.700,1.3269823011269735,1.011343184706243,-0.7138109897713233,-0.9626554288327367,fms
2026-01-01 12:02:37.750,1.439301165635931,1.0673436002020489,-0.7949919596166908,-1.2760092992368426,fms
2026-01-01 12:02:37.800,1.4211620335558952,1.0538657344741822,-0.866063565372643,-1.4623732861847776,fms
2026-01-01 12:02:37.850,1.271915584732648,0.9614782422947736,-0.8078998203939003,-1.5833357244653643,fms
2026-01-01 12:02:37.900,1.1272336663864515,0.8059249570560135,-0.8383776975948044,-1.3981476207414394,fms
2026-01-01 12:02:37.950,0.7285864412409659,0.662029955007916,-0.5409386095388473,-1.2793509327013304,fms
2026-01-01 12:02:38.000,0.4897943870061312,0.7401477971460956,-0.20808786635030402,-0.966707844899644,fms
2026-01-01 12:02:38.050,0.16192454524487526,0.9074246260684908,0.2681282464678537,-0.694016693043714,fms
2026-01-01 12:02:38.100,0.07137449139242388,1.0152154903776753,0.5540746486672093,-0.566496230780351,fms
2026-01-01 12:02:38.150,0.05290265046003481,1.1408737856940878,0.8822047387447147,-0.40686516407466206,fms
2026-01-01 12:02:38.200,0.14407495216305927,1.3884939472098732,1.1161050319254182,-0.33352456163149574,fms
2026-01-01 12:02:38.250,0.20433904578653317,1.4708735173589305,1.240388672645574,-0.35815313812044924,fms
2026-01-01 12:02:38.300,0.2679846044495048,1.5000129128402473,1.1564495319262946,-0.4744980501224785,fms
2026-01-01 12:02:38.350,0.41004971364845755,1.2629741967550412,1.0832681764334067,-0.23531294743020126,fms
2026-01-01 12:02:38.400,0.15046936656877236,1.094637643800618,0.9027455535807315,-0.12626844870338821,fms
2026-01-01 12:02:38.450,0.03255704554054771,0.7547381496676385,0.8884166599477541,0.20880460993268923,fms
2026-01-01 12:02:38.500,-0.2686255543889388,0.3445910552177724,0.8082118494233576,0.5486324576587349,fms
2026-01-01 12:02:38.550,-0.5694300067304895,0.2412942564163612,0.9289129371222357,0.973519480641038,fms
2026-01-01 12:02:38.600,-0.7803703493949815,-0.0007392359814836769,1.0504503649297252,1.1948093168210998,fms
2026-01-01 12:02:38.650,-1.0178273805650935,0.0420125462321134,1.118365599987889,1.4426824297635308,fms
2026-01-01 12:02:38.700,-1.1607943186073386,0.03825738863126511,1.1979948160251506,1.5107193667303775,fms
2026-01-01 12:02:38.750,-1.1460508119465944,0.0011230623377290055,1.1916512840866917,1.4640830452244036,fms
2026-01-01 12:02:38.800,-1.0547394436289423,0.04066396543965464,1.1384247790860267,1.2948113894652322,fms
2026-01-01 12:02:38.850,-0.9198271264118235,0.11452868355540885,0.9473030129555341,1.0186296154545988,fms
2026-01-01 12:02:38.900,-0.8489600621799402,-0.06916297157015222,0.4972684923108592,0.8398041220866594,fms
2026-01-01 12:02:38.950,-0.6738983341149295,-0.28170485763292086,0.07700319418053789,0.49394908983859526,fms
2026-01-01 12:02:39.000,-0.6835664916454542,-0.5567610737340741,-0.2511289336011739,0.3474971642885075,fms
2026-01-01 12:02:39.050,-0.903243121492525,-0.944082618863149,-0.5688894254065313,0.12942574992778355,fms
2026-01-01 12:02:39.100,-1.044307693746543,-1.248110038763092,-0.7708581471528366,0.10612810056899581,fms
2026-01-01 12:02:39.150,-1.3588343793368556,-1.4276709028542063,-0.9129179344662887,0.17580353648514255,fms
2026-01-01 12:02:39.200,-1.4497888088096773,-1.5260470278812936,-0.7198872121669014,0.15573495007695168,fms
2026-01-01 12:02:39.250,-1.5194736190762526,-1.3529029631773726,-0.7435444190109678,0.02115338269808633,fms
2026-01-01 12:02:39.300,-1.5151280087044858,-1.2060353756721651,-0.7032334205028643,-0.19262447408216987,fms
2026-01-01 12:02:39.350,-1.4024793604907875,-1.0119215846276535,-0.6593495997926503,-0.4149497823255222,fms
2026-01-01 12:02:39.400,-1.1339314978080663,-0.8018178251625105,-0.6126431434837754,-0.9304055917559715,fms
2026-01-01 12:02:39.450,-0.9558250446723155,-0.8961692131224779,-0.8230735959462565,-1.1966160172898819,fms
2026-01-01 12:02:39.500,-0.7007771698522747,-0.6325253700799283,-1.0888578229415222,-1.3770321988074434,fms
2026-01-01 12:02:39.550,-0.4457156123642182,-0.8904663274463325,-1.2806959930349666,-1.61839928161942,fms
2026-01-01 12:02:39.600,-0.45339660397857956,-1.0095561607106487,-1.442730631633827,-1.575282765931905,fms
2026-01-01 12:02:39.650,-0.5379799634380724,-1.044500267447338,-1.3877371438369617,-1.4529315604793485,fms
2026-01-01 12:02:39.700,-0.6019865349945797,-1.0999099097965725,-1.3135304973912179,-1.100562766426031,fms
2026-01-01 12:02:39.750,-0.7074372482841523,-1.1853787054203864,-1.1276481887835357,-0.7571958485456716,fms
2026-01-01 12:02:39.800,-0.7727906587291885,-0.9722188172357684,-0.7749127608336085,-0.4538321853392358,fms
2026-01-01 12:02:39.850,-0.7664686653197574,-0.6743457994353328,-0.3506799532382755,-0.2263357752189839,fms
2026-01-01 12:02:39.900,-0.5905567412091031,-0.2935495575617696,-0.1810691438775953,-0.10277128934671716,fms
2026-01-01 12:02:39.950,-0.33578476411094327,0.04558356359710286,0.25700416422628947,0.04539326595257058,fms
2026-01-01 12:02:40.000,-3.6106856979951876e-05,0.2791463179368033,0.34531158584184674,-0.009317022448872614,fms
2026-01-01 12:02:40.050,0.35205013138349167,0.5686830494374244,0.4010900709824149,0.0714082481907416,fms
2026-01-01 12:02:40.100,0.5590684403983668,0.6911928185565703,0.32292282096090397,0.14466744753515637,fms
2026-01-01 12:02:40.150,0.6717482061583299,0.5358138667455866,0.43307075693494784,0.28908205565898965,fms
2026-01-01 12:02:40.200,0.8018972426842718,0.6422898409221969,0.399390827267197,0.4962277036375501,fms
2026-01-01 12:02:40.250,0.7384260624838556,0.49820598857435033,0.41485004444378376,0.7472897777239167,fms
2026-01-01 12:02:40.300,0.5385293640696124,0.5098139874656336,0.641922124909471,1.0082803128770068,fms
2026-01-01 12:02:40.350,0.5011005977212339,0.5412660313731478,0.8187570290183759,1.269602018646649,fms
2026-01-01 12:02:40.400,0.5185790293542102,0.7607673618778469,1.1485068977689348,1.5341302667834311,fms
2026-01-01 12:02:40.450,0.5944737280988369,0.8454102612672384,1.383765070769681,1.5424040427881154,fms
2026-01-01 12:02:40.500,0.6805318636051135,1.2018047457228378,1.5914329223587884,1.4036060467086031,fms
2026-01-01 12:02:40.550,0.8070751936901129,1.3645637709079503,1.580045303210048,1.269578563506809,fms
2026-01-01 12:02:40.600,1.0836340909998556,1.5718270395308958,1.4496487210072406,0.8739367177805115,fms
2026-01-01 12:02:40.650,1.2527622379251147,1.7226595583604956,1.3300567678502246,0.6087114438560901,fms
2026-01-01 12:02:40.700,1.5634082304476733,1.5406506541772735,0.8879450807507683,0.20327396141515738,fms
2026-01-01 12:02:40.750,1.5389308570085876,1.3495225616607869,0.6849402782210414,0.026061995709047728,fms
2026-01-01 12:02:40.800,1.513240110066322,1.0176426555046594,0.3264582747801657,-0.12203876366094865,fms
2026-01-01 12:02:40.850,1.34575617774507,0.7423134004719532,0.1518490674602204,-0.2088132787255691,fms
2026-01-01 12:02:40.900,1.1208188458560633,0.5360106834761788,0.08584601362294447,-0.3140288466762167,fms
2026-01-01 12:02:40.950,0.8080078540734024,0.4644820091235607,-0.06148411350563554,-0.2986205622292455,fms
2026-01-01 12:02:41.000,0.6629907085844442,0.4206499157160457,0.07053605085148543,-0.32837266948587207,fms
2026-01-01 12:02:41.050,0.6389824047707923,0.44871500550617177,0.025651302055998724,-0.5002275878898291,fms
2026-01-01 12:02:41.100,0.8036469638417654,0.6094021015910142,-0.04657474546917483,-0.7203685020904629,fms
2026-01-01 12:02:41.150,0.8379150433441935,0.5841052165675343,-0.12187695869955095,-0.9885229680303589,fms
2026-01-01 12:02:41.200,1.0141418394038597,0.6074373028325741,-0.43112702048574975,-1.2837032350572763,fms
2026-01-01 12:02:41.250,1.1563475091554265,0.41206961001457215,-0.7126137212473459,-1.4702419796814932,fms
2026-01-01 12:02:41.300,1.094382593049739,0.15140363529600423,-1.0899174097613422,-1.5418754861121877,fms
2026-01-01 12:02:41.350,1.0258522257886749,-0.2207909405497761,-1.2579044256148568,-1.5431832978035351,fms
2026-01-01 12:02:41.400,0.8766061415381134,-0.5404902749187561,-1.5194366589470623,-1.3373816577498576,fms
2026-01-01 12:02:41.450,0.6283743482186492,-0.9530359492256606,-1.583745629324234,-0.9420620674402345,fms
2026-01-01 12:02:41.500,0.19433643132441802,-1.1487290080390549,-1.4520244586405096,-0.5693019297646535,fms
2026-01-01 12:02:41.550,-0.033577200023212614,-1.1894020205665943,-1.2176905994038711,-0.32920713231644405,fms
2026-01-01 12:02:41.600,-0.24933707619212445,-1.2631648244573368,-0.9076612338326518,0.08248156605990134,fms
2026-01-01 12:02:41.650,-0.4553229527571923,-1.1042779781770893,-0.756216625583669,0.36320605880579065,fms
2026-01-01 12:02:41.700,-0.3686075029852178,-1.0842127550858502,-0.6236682053636319,0.45388696113918475,fms
2026-01-01 12:02:41.750,-0.28406364911174914,-0.8228261394935258,-0.5234478363205524,0.5024094229341034,fms
2026-01-01 12:02:41.800,-0.12041070681647806,-0.7500882993846314,-0.4493777109425884,0.479867846747963,fms
2026-01-01 12:02:41.850,-0.13086950710430903,-0.73728229676941,-0.4260634017178444,0.5053623408531771,fms
2026-01-01 12:02:41.900,-0.15057410210900699,-0.8824674296803484,-0.40493546070733255,0.5939482017377717,fms
2026-01-01 12:02:41.950,-0.26729386502456504,-1.1906005699664433,-0.4495830923266961,0.6404511911916491,fms
2026-01-01 12:02:42.000,-0.47519651792567846,-1.2696047249656695,-0.33269589874993044,0.8193397081580768,fms
2026-01-01 12:02:42.050,-0.7621979502202932,-1.3553569238863514,-0.18663683978959786,1.0295296384427652,fms
2026-01-01 12:02:42.100,-1.0784630830612543,-1.4151849511682568,0.14375872271384402,1.3499825028826453,fms
2026-01-01 12:02:42.150,-1.230713984295475,-1.2880766698970154,0.4097013486019691,1.443889161380327,fms
2026-01-01 12:02:42.200,-1.4263864920769163,-0.9685464190285142,0.8915809143702741,1.4626764300149875,fms
2026-01-01 12:02:42.250,-1.5001776084120055,-0.6959080472419132,1.2383260121810566,1.2762224039744303,fms
2026-01-01 12:02:42.300,-1.293937360238122,-0.45544087175582015,1.4075814255793462,1.106572394790359,fms
2026-01-01 12:02:42.350,-1.0883341997327465,-0.12077475487629245,1.5057886145725161,0.7406477510496516,fms
2026-01-01 12:02:42.400,-0.9454589208770104,0.14403634921695593,1.3468901964605111,0.25470281131039174,fms
2026-01-01 12:02:42.450,-0.9020942555393748,0.18203477034523471,1.3052044176998894,-0.11803194265905463,fms
2026-01-01 12:02:42.500,-0.8414855693379744,0.29042819795004776,0.9707578940860534,-0.34093016013575306,fms
2026-01-01 12:02:42.550,-0.8498803636255412,0.10828156428024913,0.928693949248265,-0.49260426482092434,fms
2026-01-01 12:02:42.600,-0.9724226474508588,0.19346225735386813,0.743557701336679,-0.7233391651688741,fms
2026-01-01 12:02:42.650,-1.1674410833763396,0.1387943266273688,0.7264659387169385,-0.6582759452375184,fms
2026-01-01 12:02:42.700,-1.3450480820366264,0.2241936320058518,0.7672213461293338,-0.7388445206882216,fms
2026-01-01 12:02:42.750,-1.505291787667902,0.36306144800467355,0.8325637172118434,-0.6134588737591076,fms
2026-01-01 12:02:42.800,-1.409270520857163,0.5515241553639554,0.76170956954529,-0.6671793877356216,fms
2026-01-01 12:02:42.850,-1.2435683881243178,0.9694407119872931,0.9480484527128071,-0.8355684368691648,fms
2026-01-01 12:02:42.900,-1.0947938952613336,1.1949871884106706,0.7767027988645445,-1.0682222013676375,fms
2026-01-01 12:02:42.950,-0.7054394308337296,1.5050763436375592,0.520915671000042,-1.174760149017749,fms
2026-01-01 12:02:43.000,-0.4649389806080173,1.4720961593457866,0.209244803394589,-1.3191121169984594,fms
2026-01-01 12:02:43.050,-0.261315253640149,1.492436426028906,-0.168233440014172,-1.384313430690177,fms
2026-01-01 12:02:43.100,-0.12328641160046455,1.301982620241319,-0.42445020910595044,-1.2580088988178508,fms
2026-01-01 12:02:43.150,-0.13678055072041395,1.14636816573091,-0.8646590351840047,-1.0919871211990695,fms
2026-01-01 12:02:43.200,-0.07158528089388971,0.9404271076873452,-1.1380749715334557,-0.8565996781044399,fms
2026-01-01 12:02:43.250,-0.24159928386230034,0.8365358249404461,-1.2248471238839085,-0.39317487538940854,fms
2026-01-01 12:02:43.300,-0.40512929802082515,0.6989576358150273,-1.1713011989512803,-0.0011952960983550795,fms
2026-01-01 12:02:43.350,-0.2817400200474196,0.7558455598530334,-1.046828189505569,0.42830973310192877,fms
2026-01-01 12:02:43.400,-0.31106986682468823,0.6889592810957532,-0.973198453477104,0.7239826107209766,fms
2026-01-01 12:02:43.450,0.0519145374329778,0.9554387118271308,-0.8445775960589166,0.7837240700881067,fms
2026-01-01 12:02:43.500,0.26775289602061814,0.9610664901849767,-0.836710085387206,0.9275438965647326,fms
2026-01-01 12:02:43.550,0.5581605354026725,0.9242208784469136,-0.8453927386213493,0.8009840536557503,fms
2026-01-01 12:02:43.600,0.9467548488338535,0.8201693855437466,-1.0189270681707567,0.697868170494126,fms
2026-01-01 12:02:43.650,1.145872643716153,0.6132931133124236,-1.17097590995809,0.7057813179506003,fms
2026-01-01 12:02:43.700,1.192436440083742,0.3249489132927473,-1.3132001972622116,0.6850270067169052,fms
2026-01-01 12:02:43.750,1.1334572967783103,-0.07383067773115816,-1.301501219701456,0.8874583656459606,fms
2026-01-01 12:02:43.800,1.0270850484829424,-0.4591588927950418,-1.1212883527852882,1.1111359084298182,fms
2026-01-01 12:02:43.850,0.8780870811879179,-0.6948653904386582,-0.8424798570330246,1.0482701158464725,fms
2026-01-01 12:02:43.900,0.7412868804361855,-0.7957596676710901,-0.5037220613900103,1.2902030602798524,fms
2026-01-01 12:02:43.950,0.6375127985896712,-0.765254926311215,-0.09405604652228639,1.108818334113132,fms
2026-01-01 12:02:44.000,0.7349514892642389,-0.779771276611134,0.28947543071773496,1.1246924616810898,fms
2026-01-01 12:02:44.050,0.871757430460026,-0.7413778623195284,0.6636577491149731,0.8665167224538564,fms
2026-01-01 12:02:44.100,1.1417322326575956,-0.6154812494410702,0.8002552048347031,0.3885270353613746,fms
2026-01-01 12:02:44.150,1.3078514712598628,-0.6307580564638108,0.7883963380967732,-0.03464730381408225,fms
2026-01-01 12:02:44.200,1.492168718722699,-0.7196484427208605,0.7697513061612673,-0.4645570191574723,fms
2026-01-01 12:02:44.250,1.625468101010232,-0.848474039813128,0.8153752839300605,-0.7844415822011541,fms
2026-01-01 12:02:44.300,1.5070340529319874,-1.0837695094150577,0.7074135775323005,-0.9712249148602541,fms
2026-01-01 12:02:44.350,1.3637190203248668,-1.3452521189656559,0.712441533261088,-1.0553793900439603,fms
2026-01-01 12:02:44.400,1.1338710616490402,-1.5329241592802776,0.7704469513962385,-1.0613026787215263,fms
2026-01-01 12:02:44.450,0.8339466008908683,-1.5728104111695125,0.9187303957233062,-0.9097195891224518,fms
2026-01-01 12:02:44.500,0.5788960346818481,-1.5596015511462353,1.0758396755292354,-0.8358942041493622,fms
2026-01-01 12:02:44.550,0.5839873096471269,-1.3563628407778079,1.2813683735811516,-0.7804615445272735,fms
2026-01-01 12:02:44.600,0.48525453923127343,-1.0408039695795899,1.492162267229817,-0.8133232493174616,fms
2026-01-01 12:02:44.650,0.47382647907764935,-0.7427443167656856,1.4282388485148183,-0.8160436878987187,fms
2026-01-01 12:02:44.700,0.6264983649126015,-0.4946676512161959,1.4632611409466678,-1.0214882673501204,fms
2026-01-01 12:02:44.750,0.7294271940027581,-0.2727630393337724,1.1171409579902538,-1.2019564819490185,fms
2026-01-01 12:02:44.800,0.7739214143711778,-0.21336452592458188,0.8067722313594357,-1.0711207941206289,fms
2026-01-01 12:02:44.850,0.7017995165714396,-0.24516146790537383,0.33019900188739715,-0.9923973802997637,fms
2026-01-01 12:02:44.900,0.5480989032223459,-0.29764589304273104,0.07817664152167858,-0.7958387086022323,fms
2026-01-01 12:02:44.950,0.2980910143709057,-0.31914225900372056,-0.3054824701419986,-0.4402672459473843,fms
2026-01-01 12:02:45.000,-0.10976714389211942,-0.2962284596623057,-0.36493769296005174,-0.03603705336706435,fms
2026-01-01 12:02:45.050,-0.3217779953132441,-0.23932111548624915,-0.40413258238089195,0.39716296939086326,fms
2026-01-01 12:02:45.100,-0.6439240710864012,-0.11433704576984922,-0.3764086830642581,0.6900428021085923,fms
2026-01-01 12:02:45.150,-0.7310315832882021,0.24643218995554164,-0.3277077151314981,1.0650319147495302,fms
2026-01-01 12:02:45.200,-0.7860382587156408,0.520104204078296,-0.3775846503979518,1.2983819647000099,fms
2026-01-01 12:02:45.250,-0.7386364258776976,0.9332556000164942,-0.49192326155197486,1.1855206942856718,fms
2026-01-01 12:02:45.300,-0.602238838211014,1.1585184594465252,-0.5951990462506527,1.0890600077592079,fms
2026-01-01 12:02:45.350,-0.5103135955291086,1.4334927943432847,-0.8720128901785889,0.9542987833255044,fms
2026-01-01 12:02:45.400,-0.42961013618655935,1.3455377634880814,-1.1101247837504422,0.9578034924641231,fms
2026-01-01 12:02:45.450,-0.38220197441434495,1.3174671616872997,-1.4225417133162972,0.7906178113273645,fms
2026-01-01 12:02:45.500,-0.7003136307760089,1.194508690323421,-1.6190670668046026,0.8912674816944578,fms
2026-01-01 12:02:45.550,-0.9305027223348336,0.9751517100660527,-1.5691799840150722,0.7790851808532172,fms
2026-01-01 12:02:45.600,-1.2069582624077284,0.8112650510996685,-1.5320567085605974,0.9940634511855246,fms
2026-01-01 12:02:45.650,-1.3225351401847196,0.9078112537816465,-1.202387303065589,1.0176877692792219,fms
2026-01-01 12:02:45.700,-1.5008080925225578,0.8906975753091396,-1.033843915550196,0.9945128054389689,fms
2026-01-01 12:02:45.750,-1.6338944939005242,0.9549493141765459,-0.6598659367253512,0.6695651011409568,fms
2026-01-01 12:02:45.800,-1.4873939354438657,1.1407850583242825,-0.379518299443219,0.4919296874985882,fms
2026-01-01 12:02:45.850,-1.405589019470574,1.2390380609129434,-0.10218370940344423,0.190402637593387,fms
2026-01-01 12:02:45.900,-1.1507550464781933,1.4174769159414056,0.019429023546997076,-0.3733180712924832,fms
2026-01-01 12:02:45.950,-0.8504103337423147,1.2614660717490287,-0.024502373929834034,-0.7750642664882603,fms
2026-01-01 12:02:46.000,-0.8159839780705971,1.069272118087847,-0.08044414953370503,-1.0440353700211618,fms
2026-01-01 12:02:46.050,-0.6492171015934118,0.7042428576869514,-0.04638869668435282,-1.2652931525124804,fms
2026-01-01 12:02:46.100,-0.7796636739920736,0.3432363798998674,-0.06368804407485687,-1.4007775551188657,fms
2026-01-01 12:02:46.150,-0.8787372014411695,0.07151768709799616,0.14457977986248932,-1.3374688088914748,fms
2026-01-01 12:02:46.200,-0.9835318768095362,-0.21053916490063693,0.4353473724420835,-1.1673953486068873,fms
2026-01-01 12:02:46.250,-1.1142915401083755,-0.4247109245188713,0.6542243950477349,-1.0290719328619216,fms
2026-01-01 12:02:46.300,-1.109819808438956,-0.502014552704722,1.0515030514922086,-0.7292133955941771,fms
2026-01-01 12:02:46.350,-0.9574805390558457,-0.47724580642059405,1.2904364142497935,-0.5969443319083435,fms
2026-01-01 12:02:46.400,-0.9437670864423594,-0.3368833195120925,1.56922954520333,-0.7847399947369751,fms
2026-01-01 12:02:46.450,-0.5481710405165081,-0.3354615153680477,1.5969286401085367,-0.7178664527327885,fms
2026-01-01 12:02:46.500,-0.25917659516129427,-0.30068614066509863,1.4441397843332693,-0.8225759985452775,fms
2026-01-01 12:02:46.550,0.01854871253896769,-0.5163142046035964,1.3180411320952266,-0.8113499952102114,fms
2026-01-01 12:02:46.600,0.23368281494224058,-0.5584585069011687,0.9536188749237006,-0.7159882780128843,fms
2026-01-01 12:02:46.650,0.29079819048161354,-0.8539119142957277,0.8072014458226634,-0.49756141511147556,fms
2026-01-01 12:02:46.700,0.3454516645550225,-1.1452807501983002,0.56730309128195,-0.181474061623922,fms
2026-01-01 12:02:46.750,0.22413829183468956,-1.339818368579812,0.49761454983899667,0.30987912430838777,fms
2026-01-01 12:02:46.800,0.18946556583750118,-1.561296784580353,0.3638715648739984,0.7204827556021589,fms
2026-01-01 12:02:46.850,0.02632998699765922,-1.5965670771710503,0.4311692901412642,1.0161070460266415,fms
2026-01-01 12:02:46.900,0.023295709911860724,-1.356120445383932,0.4946389633356916,1.4138414755745463,fms
2026-01-01 12:02:46.950,0.23271131448714516,-1.2309734008378805,0.4514519221440266,1.4955328510624182,fms
2026-01-01 12:02:47.000,0.4170918643885794,-1.0080038382057417,0.4200138760329542,1.373886569547745,fms
2026-01-01 12:02:47.050,0.7711822152834309,-0.7615136145826239,0.22823799270732795,1.3144161253132474,fms
2026-01-01 12:02:47.100,0.9239342897951254,-0.4915292742277121,-0.12080302113506398,1.0225662606538866,fms
2026-01-01 12:02:47.150,1.3308941090666275,-0.6282630262263666,-0.4192803826507254,0.8628555493495089,fms
2026-01-01 12:02:47.200,1.465123816234539,-0.5255216846713768,-0.8408780602428693,0.6748860380753019,fms
2026-01-01 12:02:47.250,1.3730445915416178,-0.6305823173060531,-1.228074569825696,0.5971489918254561,fms
2026-01-01 12:02:47.300,1.3879460903016445,-0.7635170456432214,-1.3020623123838704,0.5096445064237779,fms
2026-01-01 12:02:47.350,1.1661244063678649,-0.7866366677349532,-1.4350578332084045,0.5966740082860775,fms
2026-01-01 12:02:47.400,1.0011001164225155,-0.6877835476768014,-1.3957444793557734,0.5770714643702074,fms
2026-01-01 12:02:47.450,0.8825785754374041,-0.5513731713130264,-1.1869561604849317,0.6381010720464974,fms
2026-01-01 12:02:47.500,0.796905674032201,-0.22834202065191336,-1.040060106083822,0.4162375818107894,fms
2026-01-01 12:02:47.550,0.8484740905977087,0.17434134353390224,-0.76619005872792,0.21511101165730762,fms
2026-01-01 12:02:47.600,1.0402599886213066,0.5479272517207588,-0.7903882983627493,-0.1479466868520219,fms
2026-01-01 12:02:47.650,1.1398900822419935,0.684777230187042,-0.6576665721615528,-0.684800394469534,fms
2026-01-01 12:02:47.700,1.3062334782202143,0.943123493629427,-0.8136810633445442,-0.9992661505201462,fms
2026-01-01 12:02:47.750,1.4156487195887333,0.9659111338441431,-0.805457349951209,-1.2606478580962104,fms
2026-01-01 12:02:47.800,1.3351250524902758,1.0502976964885808,-0.8751041490978326,-1.5319763595484845,fms
2026-01-01 12:02:47.850,1.2267408340510113,0.9340336038885919,-0.8692032010467863,-1.5044830407394905,fms
2026-01-01 12:02:47.900,1.0708999176973433,0.7740127450736288,-0.8378862465911624,-1.4102527250344912,fms
2026-01-01 12:02:47.950,0.6973872507215348,0.6917993132200716,-0.5978677454584359,-1.1979791896712162,fms
2026-01-01 12:02:48.000,0.47828274828912026,0.8509371090076198,-0.15372109792298527,-0.953305228962552,fms
2026-01-01 12:02:48.050,0.25510539029275464,0.7546937532977076,0.21770193788348832,-0.713558902146348,fms
2026-01-01 12:02:48.100,0.01788074760238771,1.0371994212115478,0.6102637779509478,-0.49818764363332013,fms
2026-01-01 12:02:48.150,0.13040120286360443,1.1906881315334599,0.8828784742694643,-0.4324098296540342,fms
2026-01-01 12:02:48.200,0.19343618610153185,1.3818755217361682,1.1948988400275862,-0.46891000156905777,fms
2026-01-01 12:02:48.250,0.2595716350608222,1.545136478768542,1.17102616119389,-0.3202811776050265,fms
2026-01-01 12:02:48.300,0.3869342962004917,1.417868655600149,1.047561446675456,-0.28961952178208095,fms
2026-01-01 12:02:48.350,0.3881535580761783,1.3206134073402302,0.9953610722737933,-0.2847782501975924,fms
2026-01-01 12:02:48.400,0.3644210064915756,1.1920939184415777,0.89666319069085,-0.08481549022912317,fms
2026-01-01 12:02:48.450,0.09077931149946086,0.8348169861165471,0.8683835063621477,0.24607544620025518,fms
2026-01-01 12:02:48.500,-0.3496991885347832,0.5113159576509249,0.7683654203704318,0.4872541198468741,fms
2026-01-01 12:02:48.550,-0.5152710667214125,0.32248859442083666,0.8168754775710294,0.9560699798503516,fms
2026-01-01 12:02:48.600,-0.8527759665183124,0.03687985642353124,0.9126136016581301,1.2369613953302145,fms
2026-01-01 12:02:48.650,-1.0766376065143628,0.009710163690654606,1.181643102100509,1.4248692016997637,fms
2026-01-01 12:02:48.700,-1.1619406341955463,0.10040402700578066,1.2207261744428775,1.5461767474580148,fms
2026-01-01 12:02:48.750,-1.1258154070268618,0.08598077263420861,1.1187860566485233,1.4958514888373944,fms
2026-01-01 12:02:48.800,-1.1206556899351692,0.227448569671888,1.0751778951604276,1.3073305738034056,fms
2026-01-01 12:02:48.850,-0.9180619228608982,0.056733431389735994,0.8036837607004461,1.0378832329746064,fms
2026-01-01 12:02:48.900,-0.8471102054168853,-0.040830819217617886,0.4207049437294666,0.8206442383280226,fms
2026-01-01 12:02:48.950,-0.7107693746814717,-0.38207101650135167,0.12643512200590834,0.5722720965406961,fms
2026-01-01 12:02:49.000,-0.7815129017569641,-0.6324644559040994,-0.35695893836191794,0.3876638113264775,fms
2026-01-01 12:02:49.050,-0.9233440373041908,-0.9194588030129797,-0.6511627164230483,0.20066577614549178,fms
2026-01-01 12:02:49.100,-1.0464522059735295,-1.2879432626264466,-0.7581017501400431,0.19268047572783942,fms
2026-01-01 12:02:49.150,-1.3077942439284682,-1.348753119537735,-0.7985708015474091,0.09981692015173654,fms
2026-01-01 12:02:49.200,-1.5019112125239993,-1.4972929053158472,-0.8690194065853748,0.2156409817241674,fms
2026-01-01 12:02:49.250,-1.5764324457628365,-1.3873683820122338,-0.6852402692462322,0.0640363495009665,fms
2026-01-01 12:02:49.300,-1.55508342990654,-1.2295394239536952,-0.6639571555659317,-0.28933301383212195,fms
2026-01-01 12:02:49.350,-1.428640508208956,-1.065291201748565,-0.7219180236430813,-0.5091972082113317,fms
2026-01-01 12:02:49.400,-1.109230062516668,-0.9724877403409096,-0.7888752649595091,-0.8078474063679376,fms
2026-01-01 12:02:49.450,-0.8395327178290034,-0.7270559231019365,-0.8738714018356433,-1.1228341655889933,fms
2026-01-01 12:02:49.500,-0.7231042717102006,-0.7555358478592354,-1.0262725519266274,-1.4543178916412738,fms
2026-01-01 12:02:49.550,-0.5749642376567952,-0.8862969666728484,-1.3437444684095747,-1.6718556348854878,fms
2026-01-01 12:02:49.600,-0.4111982535455263,-0.9491066616282813,-1.374051445248614,-1.5936531881249087,fms
2026-01-01 12:02:49.650,-0.5660550130864705,-1.0679320974748028,-1.4866848895435119,-1.5306806633113923,fms
2026-01-01 12:02:49.700,-0.5464224699607121,-1.2150836345355722,-1.3656751139042964,-1.0847215211467314,fms
2026-01-01 12:02:49.750,-0.7121600701060183,-1.0608112634316584,-0.9758264648357025,-0.849069233598171,fms
2026-01-01 12:02:49.800,-0.7890631587452075,-0.9932540727767318,-0.8233021465416006,-0.63867665709238,fms
2026-01-01 12:02:49.850,-0.7346685385195285,-0.7050595023927057,-0.5159516929069369,-0.25546398252494784,fms
2026-01-01 12:02:49.900,-0.5188724836399967,-0.3486848487677324,-0.07528445706987826,-0.08280660242223051,fms
2026-01-01 12:02:49.950,-0.40964010285080477,0.05451460346672177,0.24226165725730414,0.011403414950383925,fms
2026-01-01 12:02:50.000,-0.11319646771552644,0.3443620519947871,0.245515495391733,0.02858724449868989,fms
2026-01-01 12:02:50.050,0.2810934788417458,0.5749297266649371,0.42979073315950683,0.025998728365300178,fms
2026-01-01 12:02:50.100,0.5706428509247838,0.5913612375692885,0.3581085584794107,0.05579479715361112,fms
2026-01-01 12:02:50.150,0.6373339227611272,0.7220472854569915,0.31680471443031755,0.1879909056564061,fms
2026-01-01 12:02:50.200,0.7591562559923066,0.5195005313425459,0.44718377454911357,0.43409348648053664,fms
2026-01-01 12:02:50.250,0.7295634695196039,0.4682921741220886,0.44395962039975423,0.7474979326769894,fms
2026-01-01 12:02:50.300,0.5885197812684291,0.4382833755210971,0.6044297815790917,1.0250670899913723,fms
2026-01-01 12:02:50.350,0.436684586782531,0.45955881388985675,0.8824940863881593,1.373740572720003,fms
2026-01-01 12:02:50.400,0.44818038093887874,0.7034823653997103,1.2075010580298928,1.5134532129782203,fms
2026-01-01 12:02:50.450,0.5598876882775743,0.9019652504313127,1.3904357389276363,1.5793037631476106,fms
2026-01-01 12:02:50.500,0.6388912985043239,1.2064925237457422,1.5162438670448064,1.5084096921999475,fms
2026-01-01 12:02:50.550,0.9310929416420357,1.4741188262554747,1.5823816723934383,1.2327723434463003,fms
2026-01-01 12:02:50.600,1.0732828872163518,1.6461049529037326,1.5317167005027685,0.971898469531883,fms
2026-01-01 12:02:50.650,1.365567189034493,1.5136707940770813,1.2927540261881107,0.668695311078119,fms
2026-01-01 12:02:50.700,1.501451627209962,1.5182881020626382,0.9411075575391045,0.2423910189673634,fms
2026-01-01 12:02:50.750,1.5071668021570404,1.2732134954488015,0.676298958404203,-0.031941371580957924,fms
2026-01-01 12:02:50.800,1.5227342752488704,1.0031960209906243,0.3158256135179581,-0.12826844845880334,fms
2026-01-01 12:02:50.850,1.2565907215545926,0.7749663116924219,0.12525019161549858,-0.2483125432875796,fms
2026-01-01 12:02:50.900,1.178131407630259,0.5436742190558372,0.0411330425642918,-0.3300256759292193,fms
2026-01-01 12:02:50.950,0.9540696204226025,0.4452370886245464,0.08476951161288815,-0.3461935441663092,fms
2026-01-01 12:02:51.000,0.7686455257946195,0.3488566644478736,0.006464463771297696,-0.32465760320801107,fms
2026-01-01 12:02:51.050,0.7666308516422425,0.433851619235201,0.06266992429460794,-0.4349292723479974,fms
2026-01-01 12:02:51.100,0.7159107185850586,0.510844060891187,0.05399165816213789,-0.6803214969427798,fms
2026-01-01 12:02:51.150,0.7929007855214434,0.5895293799156381,-0.23206844496994478,-0.9320556735938398,fms
2026-01-01 12:02:51.200,1.0382020625803712,0.5486084126005275,-0.40787733474513166,-1.239723945304247,fms
2026-01-01 12:02:51.250,1.1117582757987112,0.43772887761236834,-0.7307026882062047,-1.4219943229588832,fms
2026-01-01 12:02:51.300,1.110781785089387,0.0672318536977075,-1.0594544542805535,-1.6311479058644138,fms
2026-01-01 12:02:51.350,1.1133687689179719,-0.19029199934271965,-1.2621086850687375,-1.5670073005636664,fms
2026-01-01 12:02:51.400,0.8049968534524702,-0.5453225381719654,-1.5383892412730502,-1.35730163763727,fms
2026-01-01 12:02:51.450,0.4852256555243618,-0.8159987960369369,-1.6133007203830758,-1.1264600903129756,fms
2026-01-01 12:02:51.500,0.22554160158687853,-1.1470319926387258,-1.5256251338756661,-0.6232393986125803,fms
2026-01-01 12:02:51.550,0.018156996459454414,-1.2673849577989627,-1.343496472173737,-0.2500322190533167,fms
2026-01-01 12:02:51.600,-0.2487393728874178,-1.2160614091046045,-1.0433959475635812,0.06845306315696364,fms
2026-01-01 12:02:51.650,-0.32691863721136705,-1.073111517110233,-0.7106087176887239,0.24536928118970208,fms
2026-01-01 12:02:51.700,-0.3051947292706434,-1.0515053904251506,-0.598708750746983,0.4711996375188904,fms
2026-01-01 12:02:51.750,-0.3115071268192031,-0.9053682378438132,-0.43475035011889257,0.3903318079067879,fms
2026-01-01 12:02:51.800,-0.17371909095366903,-0.723742546027662,-0.43859402402757497,0.4179751777911669,fms
2026-01-01 12:02:51.850,-0.20636798970541892,-0.8488884327430024,-0.4114831952097025,0.5363715858631263,fms
2026-01-01 12:02:51.900,-0.11728775080121408,-0.9368599248416218,-0.5340606176284157,0.5284595039833989,fms
2026-01-01 12:02:51.950,-0.2602924400204543,-1.085892112627353,-0.4195584147411295,0.635899458913739,fms
2026-01-01 12:02:52.000,-0.4476604504627512,-1.3224543778845976,-0.41099920307525195,0.8776679063426255,fms
2026-01-01 12:02:52.050,-0.7942340661563344,-1.4368513049917462,-0.15198917424453756,1.181975811104468,fms
2026-01-01 12:02:52.100,-0.9670226067431681,-1.3232999164621262,0.08954813403290915,1.3313613064415915,fms
2026-01-01 12:02:52.150,-1.2959581617616178,-1.3703914442615561,0.5126790898075597,1.446354726681244,fms
2026-01-01 12:02:52.200,-1.484091017352678,-1.099205225234203,0.7120240464148236,1.4701811570472325,fms
2026-01-01 12:02:52.250,-1.413273763703445,-0.7508970053660592,1.1260427512435696,1.362159959499154,fms
2026-01-01 12:02:52.300,-1.2755256985961436,-0.44909096417544714,1.32502213388109,1.1039592079829008,fms
2026-01-01 12:02:52.350,-1.1129573801770887,-0.09717270039435714,1.459909086024701,0.6716242892332558,fms
2026-01-01 12:02:52.400,-0.9378996919783658,0.05890137952600672,1.3555736049461355,0.2946655948756356,fms
2026-01-01 12:02:52.450,-0.8084971223406578,0.2440126608467748,1.1664331192361206,-0.11049512611702546,fms
2026-01-01 12:02:52.500,-0.8263385562438129,0.3209949226624992,1.1001367993531685,-0.3302871421490298,fms
2026-01-01 12:02:52.550,-0.828074097805711,0.12151040960139686,0.8991824051460688,-0.5603786760943057,fms
2026-01-01 12:02:52.600,-0.9454249258369588,0.1964510241619471,0.6763794664441121,-0.6318057999291996,fms
2026-01-01 12:02:52.650,-1.1966405649569767,0.13000543334455192,0.7946089894464605,-0.7383601998514678,fms
2026-01-01 12:02:52.700,-1.3151586956624939,0.09432006908926444,0.7421859171172174,-0.6507656501554941,fms
2026-01-01 12:02:52.750,-1.472553686664368,0.2930495943471604,0.7409697360112049,-0.701558391809196,fms
2026-01-01 12:02:52.800,-1.426439385808662,0.6729840813874128,0.9520312445232526,-0.675269232849939,fms
2026-01-01 12:02:52.850,-1.3827192096175767,0.9221378547518925,0.9148949062044079,-0.8185124921869246,fms
2026-01-01 12:02:52.900,-1.0217382707192442,1.1784733790876667,0.7630299395218808,-0.9379892109939261,fms
2026-01-01 12:02:52.950,-0.7369533978990033,1.4789642789420065,0.5854266644446234,-1.1566977779114254,fms
2026-01-01 12:02:53.000,-0.5106767572799396,1.5296967439588405,0.25612965229381407,-1.3769886318310574,fms
2026-01-01 12:02:53.050,-0.2748545154469713,1.5107700223232727,-0.1907121377871184,-1.428202431237274,fms
2026-01-01 12:02:53.100,-0.16917683254763904,1.4152103484471785,-0.5877221930263969,-1.3436893693165555,fms
2026-01-01 12:02:53.150,-0.16161194993914618,1.1560604116817736,-0.8602374726232256,-1.135574815073425,fms
2026-01-01 12:02:53.200,-0.25065170759791344,0.9437857979216171,-1.151452407497896,-0.8219843325013424,fms
2026-01-01 12:02:53.250,-0.26038308273178773,0.7805624738457388,-1.1687981470886573,-0.42494748367958224,fms
2026-01-01 12:02:53.300,-0.2612319158277553,0.7354084148937824,-1.1841080524788932,0.06341523707500288,fms
2026-01-01 12:02:53.350,-0.38896024626678083,0.647081703217996,-0.9857073234088497,0.4131921753912411,fms
2026-01-01 12:02:53.400,-0.23471215868238118,0.7657581189156646,-0.9886304185743445,0.6943049365301829,fms
2026-01-01 12:02:53.450,0.08285733932176276,0.9799368820222498,-0.8096828804004434,0.8786756574369359,fms
2026-01-01 12:02:53.500,0.18126543772753945,0.9305411059876756,-0.8314622513248366,0.8445875163991373,fms
2026-01-01 12:02:53.550,0.5830756926876216,0.9812832264749921,-0.8013220950220786,0.8733693189903882,fms
2026-01-01 12:02:53.600,0.8906181978751493,0.8558887512237806,-0.966602747506627,0.8211407449773784,fms
2026-01-01 12:02:53.650,1.069688185736785,0.6002458038286507,-1.0874983588570093,0.8161930410824956,fms
2026-01-01 12:02:53.700,1.0905595102645904,0.26822459349761457,-1.3228855666289991,0.7903059852005528,fms
2026-01-01 12:02:53.750,1.2013002610754535,-0.09693657208980164,-1.28267441454334,0.9576073767663387,fms
2026-01-01 12:02:53.800,1.040536609489073,-0.4651264019783763,-1.0883790000813363,1.092798165012265,fms
2026-01-01 12:02:53.850,0.9046000170928168,-0.6943958348630954,-0.8784794977140999,1.2150514873337648,fms
2026-01-01 12:02:53.900,0.7097001445794507,-0.7974939709970532,-0.5134570306666737,1.2718014877494008,fms
2026-01-01 12:02:53.950,0.6959416891945639,-0.8844991973621065,-0.14574995536065466,1.3137191808925817,fms
2026-01-01 12:02:54.000,0.669506014754291,-0.8536133105534757,0.252894731622755,1.111690383848034,fms
2026-01-01 12:02:54.050,0.8806984427292937,-0.7274569266842845,0.5352091068671979,0.7523024169480677,fms
2026-01-01 12:02:54.100,1.10303086729549,-0.5989928653210053,0.7404429087611392,0.3982810916183913,fms
2026-01-01 12:02:54.150,1.3244762086432458,-0.6541885753383831,0.7735707993917936,-0.0007303231805240304,fms
2026-01-01 12:02:54.200,1.5192612425947705,-0.6442479356892146,0.7991490239967153,-0.4580964592896274,fms
2026-01-01 12:02:54.250,1.5545205871543635,-0.9242073335417326,0.7281202018896195,-0.7813508356299674,fms
2026-01-01 12:02:54.300,1.5787636052225913,-1.0640174123038921,0.6408787706153346,-0.8833535293955201,fms
2026-01-01 12:02:54.350,1.4334734300239904,-1.4308034650100927,0.6236822576972101,-1.0679221627508404,fms
2026-01-01 12:02:54.400,1.1503992587065246,-1.4482948018497124,0.7223696901084333,-0.992238808964217,fms
2026-01-01 12:02:54.450,0.8152714532757473,-1.4855044998715632,0.9003470105091778,-1.0355531630660153,fms
2026-01-01 12:02:54.500,0.603730909134504,-1.5092236372802799,1.1444325860545572,-0.918938268078385,fms
2026-01-01 12:02:54.550,0.5402898787937054,-1.3180616870717912,1.3018913156840126,-0.7933405966208995,fms
2026-01-01 12:02:54.600,0.4074118407929451,-1.0789779842464902,1.4486535074610254,-0.7258749356231462,fms
2026-01-01 12:02:54.650,0.564292646062233,-0.8377683543762436,1.4832705460780027,-0.8945834581033065,fms
2026-01-01 12:02:54.700,0.6432733965171462,-0.5019120150945356,1.3479645957672775,-0.9342983859679936,fms
2026-01-01 12:02:54.750,0.7793396657284299,-0.3448156634662551,1.088286877411032,-1.0724757395646352,fms
2026-01-01 12:02:54.800,0.706434405697139,-0.10293941716488944,0.8233930387568645,-1.1499219817616781,fms
2026-01-01 12:02:54.850,0.7127031894676372,-0.21223597799078636,0.4220297967121998,-1.079787308032746,fms
2026-01-01 12:02:54.900,0.5302690764021236,-0.23018717107383108,0.09051489623753958,-0.8428348508788578,fms
2026-01-01 12:02:54.950,0.2950109183363865,-0.39140181628007087,-0.1678017662099702,-0.5238761023240226,fms
2026-01-01 12:02:55.000,0.009262002792743265,-0.3258031874279856,-0.3842869382850527,-0.028094768545059712,fms
2026-01-01 12:02:55.050,-0.23033801684928729,-0.20379657358677733,-0.40413208487793817,0.4540501672219236,fms
2026-01-01 12:02:55.100,-0.4969575655968199,-0.10255261069513222,-0.37224530980769854,0.7828915781809307,fms
2026-01-01 12:02:55.150,-0.7931461689115868,0.24187954628610853,-0.36943874412354794,0.9688050087207668,fms
2026-01-01 12:02:55.200,-0.8281391430966909,0.6295673231688452,-0.43364959699716465,1.1984129856431869,fms
2026-01-01 12:02:55.250,-0.7423396298573619,0.8524489032720235,-0.4360865830775224,1.2780295937856387,fms
2026-01-01 12:02:55.300,-0.5771953065284732,1.1839396353255882,-0.558266283821874,1.102916177528218,fms
2026-01-01 12:02:55.350,-0.4444275293624393,1.3157967850880163,-0.8330874465456936,0.9581308956751373,fms
2026-01-01 12:02:55.400,-0.31600585505665335,1.3566440254585619,-1.0802211231935415,0.8811857861713046,fms
2026-01-01 12:02:55.450,-0.575673691835078,1.2430107081745219,-1.405815261481573,0.8521841049110712,fms
2026-01-01 12:02:55.500,-0.6698789622506663,1.099925468943727,-1.537943283574397,0.8505899826297078,fms
2026-01-01 12:02:55.550,-0.8926796466875377,0.9599988625453354,-1.656527649549209,0.8232826825277579,fms
2026-01-01 12:02:55.600,-1.1461838659854822,0.8554242812427996,-1.5488927503948275,0.9549019968967764,fms
2026-01-01 12:02:55.650,-1.3431571667419329,0.7781097202981654,-1.2634643944608277,0.9876326760910378,fms
2026-01-01 12:02:55.700,-1.6092052996308592,0.9299749703105377,-0.929836837281719,0.8863837459823402,fms
2026-01-01 12:02:55.750,-1.6522476711428322,0.9510545778472389,-0.7101141651341658,0.7810402022596371,fms
2026-01-01 12:02:55.800,-1.5547142594450238,1.1706370388264733,-0.3264575938131402,0.4951852447662338,fms
2026-01-01 12:02:55.850,-1.3288662821795154,1.2612954574264423,-0.207775835345583,0.17456191330275742,fms
2026-01-01 12:02:55.900,-1.0727843574605431,1.2857437812270747,-0.05260388244214723,-0.3587341712391322,fms
2026-01-01 12:02:55.950,-0.887979751479032,1.2515646979438335,-0.08071780358324818,-0.7297539395246136,fms
2026-01-01 12:02:56.000,-0.8980049184654524,1.0150687065532944,-0.16139224728399867,-1.0601909700501277,fms
2026-01-01 12:02:56.050,-0.6619541825955366,0.7187846944494805,-0.03609227787423165,-1.2608864753867581,fms
2026-01-01 12:02:56.100,-0.7558129308520153,0.383826007359086,0.05727334053120672,-1.2988511190283545,fms
2026-01-01 12:02:56.150,-0.8597532422091909,0.05699134536434297,0.24746711500285273,-1.2406888210034213,fms
2026-01-01 12:02:56.200,-1.0778560800582393,-0.17703465921112949,0.4842528996297804,-1.1529362183225114,fms
2026-01-01 12:02:56.250,-1.065104967406475,-0.4387066793938661,0.7495169290392175,-0.9509782385961238,fms
2026-01-01 12:02:56.300,-1.207380688601842,-0.44724708892625376,1.0559090028937224,-0.8714784743348652,fms
2026-01-01 12:02:56.350,-1.0132774558640252,-0.3999909302410917,1.316736628669726,-0.7222000098536904,fms
2026-01-01 12:02:56.400,-0.8978986698722856,-0.34745753676772473,1.509577854178352,-0.7272583696299911,fms
2026-01-01 12:02:56.450,-0.587676895373883,-0.3714421314104235,1.6622047341795727,-0.7331669139514091,fms
2026-01-01 12:02:56.500,-0.2562542822111235,-0.3646942954007857,1.4765185325860108,-0.7963983988578802,fms
2026-01-01 12:02:56.550,0.0831556481973558,-0.3885467630720658,1.3300893992633185,-0.778036082993803,fms
2026-01-01 12:02:56.600,0.3367518513513196,-0.6013696750633296,1.0041679011498932,-0.7436842034776215,fms
2026-01-01 12:02:56.650,0.31935916618198656,-0.905676889934626,0.6785032780131515,-0.5250337407290283,fms
2026-01-01 12:02:56.700,0.3554196522487738,-1.28021234885263,0.5393088973446336,-0.16361324632080063,fms
2026-01-01 12:02:56.750,0.27856986397862904,-1.3438947209076548,0.478148939269713,0.2512778941441307,fms
2026-01-01 12:02:56.800,0.12136130774591486,-1.506233448377547,0.4354183063545787,0.7064517958847375,fms
2026-01-01 12:02:56.850,0.07518135449845084,-1.6161300345175327,0.4396344036403707,1.0965780449238034,fms
2026-01-01 12:02:56.900,0.06879433215581307,-1.4630984277321468,0.5242028105150699,1.2948940593523497,fms
2026-01-01 12:02:56.950,0.22546025389897836,-1.1533211010982076,0.4759298798206028,1.3881844769946705,fms
2026-01-01 12:02:57.000,0.4603216861076011,-1.0562397700209847,0.3919874394557977,1.4402783804358974,fms
2026-01-01 12:02:57.050,0.7628797671117736,-0.7544512641895459,0.2987996899930411,1.2875341636797424,fms
2026-01-01 12:02:57.100,1.1175248806607911,-0.6548090265982448,-0.11307471143316918,1.0844255776033744,fms
2026-01-01 12:02:57.150,1.2907109288864924,-0.6011505552744736,-0.4436964005048615,0.8765447733505377,fms
2026-01-01 12:02:57.200,1.3741291500444108,-0.5672697923730514,-0.8292413970477639,0.6721746975339333,fms
2026-01-01 12:02:57.250,1.5066305373018256,-0.7053389973277845,-1.25042645014622,0.6072236287576032,fms
2026-01-01 12:02:57.300,1.305969730365121,-0.6785898219363188,-1.361309524918092,0.5319061958234398,fms
2026-01-01 12:02:57.350,1.1541436950872694,-0.7756879964371152,-1.4169727514163808,0.6186555340188942,fms
2026-01-01 12:02:57.400,1.0315628311574727,-0.8074083327269529,-1.4330764129446147,0.5958139238590195,fms
2026-01-01 12:02:57.450,0.815845499297416,-0.5070225215416367,-1.2390267550916974,0.5912345932712273,fms
2026-01-01 12:02:57.500,0.7718116678511795,-0.22520312620561894,-0.9738723159047686,0.3056458582579175,fms
2026-01-01 12:02:57.550,0.8581746682121792,0.09628218337600514,-0.8322430545152939,0.14171737583184232,fms
2026-01-01 12:02:57.600,0.9242170460963977,0.5528887199446715,-0.6875446380601006,-0.11665964098929697,fms
2026-01-01 12:02:57.650,1.2245268311776634,0.7271441635570538,-0.6594356390605278,-0.6768206749173938,fms
2026-01-01 12:02:57.700,1.3254023136259745,0.9705358425930847,-0.8519338956670519,-0.9866837651279141,fms
2026-01-01 12:02:57.750,1.3876577175860108,1.0052191215536215,-0.8502740582628947,-1.300817141282978,fms
2026-01-01 12:02:57.800,1.3839432094898179,1.0339968100453842,-0.9606862129871956,-1.5774566514573924,fms
2026-01-01 12:02:57.850,1.2989733193401174,0.9305111149532236,-0.8670391644342276,-1.5285618861805297,fms
2026-01-01 12:02:57.900,1.0495729121279447,0.8012141372824844,-0.811666261652579,-1.4137140195447782,fms
2026-01-01 12:02:57.950,0.768314868284375,0.8005197768684232,-0.5761445613370908,-1.1401375840009866,fms
2026-01-01 12:02:58.000,0.5565929004518602,0.7788284506530715,-0.24138349875573104,-1.009342118767029,fms
2026-01-01 12:02:58.050,0.26197879976337635,0.8371243675433002,0.14849703486430227,-0.682121764818178,fms
2026-01-01 12:02:58.100,0.04987971567968187,0.9821793257611816,0.551964948852588,-0.5862080754732283,fms
2026-01-01 12:02:58.150,0.006170059355419935,1.2277275759698618,0.866243203179838,-0.5167934554536893,fms
2026-01-01 12:02:58.200,0.1502648206494059,1.4309918608858472,1.15511314702769,-0.36176118317245454,fms
2026-01-01 12:02:58.250,0.1799316918432315,1.4402932174885839,1.220932611676944,-0.43553566872390054,fms
2026-01-01 12:02:58.300,0.3644044504630298,1.503596167421648,1.1335802090799927,-0.367305859339893,fms
2026-01-01 12:02:58.350,0.36420710294594527,1.3354119291228184,1.079867259508715,-0.26784275546454434,fms
2026-01-01 12:02:58.400,0.29540193790098673,1.1354271177238147,0.9332380915682292,-0.12494730391597506,fms
2026-01-01 12:02:58.450,-0.02819040385705994,0.7673021561731946,0.8259972428938237,0.15582052839745753,fms
2026-01-01 12:02:58.500,-0.33240969141508164,0.472649781035216,0.8650267485197635,0.49494756831578735,fms
2026-01-01 12:02:58.550,-0.588393704085189,0.209075648887386,0.9035744310568052,0.9181804360982784,fms
2026-01-01 12:02:58.600,-0.9139915526790832,0.036782227913135776,1.0060976683389151,1.2619354987368276,fms
2026-01-01 12:02:58.650,-1.150194861908471,0.11676679039566076,1.1918580393069447,1.4782010963993288,fms
2026-01-01 12:02:58.700,-1.118448570862307,0.013818406124375947,1.197865889659396,1.5861625520880096,fms
2026-01-01 12:02:58.750,-1.122736364240565,0.06441187382526153,1.254547082286106,1.5274548428729737,fms
2026-01-01 12:02:58.800,-0.9976544773176927,0.1475402198972691,1.1200557959287147,1.3598884298365008,fms
2026-01-01 12:02:58.850,-0.8223029474482929,0.0599824683808246,0.8174336547208406,1.0908835698448855,fms
2026-01-01 12:02:58.900,-0.7142462681355255,-0.09317341814288689,0.5246564433232792,0.6693041237331988,fms
2026-01-01 12:02:58.950,-0.7075449744087634,-0.3575633739000499,0.12170419313108671,0.37722042769933717,fms
2026-01-01 12:02:59.000,-0.6469450160735742,-0.566334458869633,-0.30431669646234966,0.34638610818026966,fms
2026-01-01 12:02:59.050,-0.9589722744148143,-0.8946275884746538,-0.6175758444159629,0.12444993912407874,fms
2026-01-01 12:02:59.100,-1.0746247150078396,-1.174109278430341,-0.7559987109391837,0.1604347607566285,fms
2026-01-01 12:02:59.150,-1.2978795622445436,-1.4462162879173144,-0.8825125262463649,0.15636329666975432,fms
2026-01-01 12:02:59.200,-1.5184073578093813,-1.4536180378533294,-0.7970058892767408,0.06242341353972381,fms
2026-01-01 12:02:59.250,-1.6031901446798935,-1.3718899897659778,-0.8281893335830813,0.05969510451685931,fms
2026-01-01 12:02:59.300,-1.468266771688476,-1.2380481045439116,-0.6047588207502499,-0.18462678132212437,fms
2026-01-01 12:02:59.350,-1.3253640605072199,-0.9744415184973314,-0.6743465637632836,-0.4307139683084758,fms
2026-01-01 12:02:59.400,-1.1103655344993493,-0.8787887605488924,-0.8043700106901001,-0.8622435374993509,fms
2026-01-01 12:02:59.450,-0.8771642657910029,-0.7101968904195683,-0.9326725665212743,-1.0391765262873325,fms
2026-01-01 12:02:59.500,-0.6261348556248976,-0.7514186125828873,-1.0760158839360043,-1.5003598397003086,fms
2026-01-01 12:02:59.550,-0.38819594673061547,-0.8309502994177734,-1.2384274455210438,-1.6290684004760394,fms
2026-01-01 12:02:59.600,-0.37775139112948647,-0.948234019558075,-1.5766501078800768,-1.6097944857683162,fms
2026-01-01 12:02:59.650,-0.5307912493568807,-1.1342021864452834,-1.4070308611116573,-1.4246235237977827,fms
2026-01-01 12:02:59.700,-0.5320608696414122,-1.1825713036206715,-1.3250501615257146,-1.1460686114895136,fms
2026-01-01 12:02:59.750,-0.7447665677876112,-1.1295764974387388,-1.1065898664359397,-0.8837585185764278,fms
2026-01-01 12:02:59.800,-0.7915687340722066,-0.9191070686561754,-0.7710590251540329,-0.5779320213170415,fms
2026-01-01 12:02:59.850,-0.6491208503471838,-0.6029995981481394,-0.41781193319214927,-0.21855257503522596,fms
2026-01-01 12:02:59.900,-0.5921676273332104,-0.34092498402392407,0.01683937212558692,-0.008476253589790428,fms
2026-01-01 12:02:59.950,-0.29281522688714773,0.002890410631066053,0.28208452455178196,0.079212498692557,fms
