timestamp,feat_0,feat_1,feat_2,feat_3,subsystem
2026-01-01 12:00:00.000,0.029721197271653295,0.36505252524767,0.35894191273349685,0.07569073284212248,guidance
2026-01-01 12:00:00.100,0.5226628043970916,0.6839964462707337,0.3543196341278855,0.10206801777294552,guidance
2026-01-01 12:00:00.200,0.8328651050668882,0.4678683787492145,0.4821464903262048,0.5100270940708285,guidance
2026-01-01 12:00:00.300,0.611906923369721,0.4674088264710447,0.6184156569638357,1.0692535887289003,guidance
2026-01-01 12:00:00.400,0.41072566445582803,0.6241977841212675,1.2000635967566624,1.5659116401168702,guidance
2026-01-01 12:00:00.500,0.6308906194657652,1.0673661527534468,1.5732578011976748,1.5097773001380677,guidance
2026-01-01 12:00:00.600,1.1784536750901282,1.5389052736503754,1.5111679262416609,0.8559810611579337,guidance
2026-01-01 12:00:00.700,1.564759192303747,1.5445673775226048,0.9036332171290671,0.2557127344230361,guidance
2026-01-01 12:00:00.800,1.5215176860753599,1.0182442054763414,0.3286236059156435,-0.09644518613961682,guidance
2026-01-01 12:00:00.900,1.0854705462322558,0.4980502458793287,0.08582212204463431,-0.287453098687863,guidance
2026-01-01 12:00:01.000,0.8124012949322282,0.34553238460461566,0.032559418946562585,-0.3074033606505183,guidance
2026-01-01 12:00:01.100,0.7365234240995343,0.5534317354040963,-0.0806429692146739,-0.701413499902087,guidance
2026-01-01 12:00:01.200,1.0532277612754437,0.5681538657742332,-0.4314428921156109,-1.1712339222884114,guidance
2026-01-01 12:00:01.300,1.1315421585543355,0.16420764493524387,-1.0519417531211073,-1.4840418685808803,guidance
2026-01-01 12:00:01.400,0.8093459296619946,-0.552004425460086,-1.5365929813642525,-1.3365573252604348,guidance
2026-01-01 12:00:01.500,0.2933091577341639,-1.16375046477822,-1.4927612790831661,-0.6381566245146044,guidance
2026-01-01 12:00:01.600,-0.24222689031221514,-1.112460870238564,-1.1627000913176637,0.08545163825054711,guidance
2026-01-01 12:00:01.700,-0.2570055625585453,-1.0107724967552085,-0.602019491865714,0.4581893818873373,guidance
2026-01-01 12:00:01.800,-0.21053003892062716,-0.7247847456368702,-0.32507774326979066,0.4937138574451283,guidance
2026-01-01 12:00:01.900,-0.14562875577716677,-0.9035260478009312,-0.3529617751687376,0.4795183513637951,guidance
2026-01-01 12:00:02.000,-0.43419578050275326,-1.308194741160522,-0.41502883757433096,0.8176406434050025,guidance
2026-01-01 12:00:02.100,-1.0561941406397346,-1.4056365634828982,0.1530590923769187,1.3359602941774091,guidance
2026-01-01 12:00:02.200,-1.4439702631580125,-1.0258613947150392,0.85267284464932,1.4433484683609585,guidance
2026-01-01 12:00:02.300,-1.3888209698255023,-0.4284032337249226,1.4389824158622324,1.0850045014918515,guidance
2026-01-01 12:00:02.400,-1.0218079846437664,0.1439392385001581,1.3128667411048631,0.2886703442338383,guidance
2026-01-01 12:00:02.500,-0.7442877080490247,0.3075889156509944,1.0336448389004431,-0.4277252921448512,guidance
2026-01-01 12:00:02.600,-1.0017491220738812,0.06320656212202372,0.6280285633290593,-0.8238308215096785,guidance
2026-01-01 12:00:02.700,-1.4157673902195151,0.21019247072506758,0.8204685392659258,-0.7380205259777963,guidance
2026-01-01 12:00:02.800,-1.4201719966108,0.6818084117119458,0.8650267683713385,-0.7514763386318994,guidance
2026-01-01 12:00:02.900,-1.126588877426846,1.2136883470782602,0.8022575660512602,-1.014744669336176,guidance
2026-01-01 12:00:03.000,-0.5428679114988872,1.6461074007833787,0.18268544707878986,-1.3920751418075967,guidance
2026-01-01 12:00:03.100,-0.13426602926705983,1.4128686829107444,-0.6215372352745647,-1.2967301722909697,guidance
2026-01-01 12:00:03.200,-0.2020047053123451,0.9110898052593088,-1.0191712073741357,-0.8602318281686776,guidance
2026-01-01 12:00:03.300,-0.36608761543010654,0.6291928442429884,-1.209617293411354,0.04142079145529202,guidance
2026-01-01 12:00:03.400,-0.2786126248933828,0.771492205034426,-0.8040054470105943,0.7183821605592091,guidance
2026-01-01 12:00:03.500,0.29522287113972806,0.9518406280818018,-0.7894224233102102,0.9292789979590245,guidance
2026-01-01 12:00:03.600,0.8967816997330619,0.7950319210716161,-0.9859020254007159,0.8156566124335406,guidance
2026-01-01 12:00:03.700,1.2146770160881406,0.20803195585794218,-1.1988430289022534,0.5967851931337553,guidance
2026-01-01 12:00:03.800,1.0232627556715608,-0.4310622812685493,-1.0810669164018916,0.9875894271248653,guidance
2026-01-01 12:00:03.900,0.7563151223695855,-0.8601541235596666,-0.5289842808651533,1.263462432259173,guidance
2026-01-01 12:00:04.000,0.6594876203774352,-0.8514919341558256,0.2759573068963785,1.1008012739002873,guidance
2026-01-01 12:00:04.100,1.040637152954329,-0.5842090206301168,0.7615254609517276,0.3743838429223621,guidance
2026-01-01 12:00:04.200,1.5002369128739688,-0.70674274375406,0.7958874730643595,-0.4000515904293825,guidance
2026-01-01 12:00:04.300,1.5778144439777562,-1.125406839692963,0.7308550986949465,-0.9297483926890029,guidance
2026-01-01 12:00:04.400,1.18063070528606,-1.5182742135326142,0.728100476109012,-1.0705745093572303,guidance
2026-01-01 12:00:04.500,0.7226369690310985,-1.5056714094237285,1.0526918742479519,-0.8592882213797867,guidance
2026-01-01 12:00:04.600,0.43677947337201617,-1.0160332901707927,1.501880618005109,-0.8105133367280567,guidance
2026-01-01 12:00:04.700,0.6446201148983051,-0.5050947609254127,1.2699596753759466,-1.0218912366100268,guidance
2026-01-01 12:00:04.800,0.746498664751604,-0.22838778950949043,0.7722672232250708,-1.0799751238705184,guidance
2026-01-01 12:00:04.900,0.5915807532065273,-0.23875907786675282,0.10073418806558604,-0.8516666669411715,guidance
2026-01-01 12:00:05.000,-0.004683319593858831,-0.38078693342955594,-0.34405175061256515,0.029306673945822113,guidance
2026-01-01 12:00:05.100,-0.5941035504897617,0.015142176353455439,-0.3895738156201141,0.713031007072054,guidance
2026-01-01 12:00:05.200,-0.8355838091003132,0.6256756274154378,-0.4039636829907809,1.1880291226053492,guidance
2026-01-01 12:00:05.300,-0.717252257377294,1.0913755428452465,-0.6063543817990136,1.1526978651346467,guidance
2026-01-01 12:00:05.400,-0.4350231453160271,1.3157777493354967,-1.1779496474662992,0.794869286158432,guidance
2026-01-01 12:00:05.500,-0.6568760538846712,1.1206006938291915,-1.5642607659806242,0.8041207901990772,guidance
2026-01-01 12:00:05.600,-1.1597460741203187,0.7916041954521276,-1.4806838652674468,0.8252289657513873,guidance
2026-01-01 12:00:05.700,-1.5756146246785339,0.7987589244141855,-0.9176135658341691,0.8768492254060674,guidance
2026-01-01 12:00:05.800,-1.5454294341072181,1.090508612218437,-0.3514791649902851,0.48584595997429897,guidance
2026-01-01 12:00:05.900,-1.139177600181691,1.2952270930058463,-0.08241196886630536,-0.34012651335597693,guidance
2026-01-01 12:00:06.000,-0.7148040725283745,1.0157984703328815,-0.11725282301165754,-1.0389165219052146,guidance
2026-01-01 12:00:06.100,-0.6849362735526873,0.4252816494903084,-0.03353477641562556,-1.4143457459661053,guidance
2026-01-01 12:00:06.200,-0.9725264375587112,-0.23853046562022942,0.37125043070511693,-1.232355818743742,guidance
2026-01-01 12:00:06.300,-1.141215561410684,-0.42445628440564054,1.0908667699867653,-0.7870131594319706,guidance
2026-01-01 12:00:06.400,-0.8794313877766361,-0.3089473905577069,1.482977042939861,-0.6618403185218312,guidance
2026-01-01 12:00:06.500,-0.18338995805364583,-0.24487892368536973,1.473668902353498,-0.8212446078979642,guidance
2026-01-01 12:00:06.600,0.2838731736570615,-0.6032847666731993,1.035352057929836,-0.6801070035416116,guidance
2026-01-01 12:00:06.700,0.39249106144823553,-1.273624426290168,0.5878867553372387,-0.1773235783467168,guidance
2026-01-01 12:00:06.800,0.20626424531609083,-1.5912289914398352,0.4719227694883459,0.7597566112602323,guidance
2026-01-01 12:00:06.900,0.13455480215090512,-1.4579167916548896,0.5234999100289538,1.365658016038019,guidance
2026-01-01 12:00:07.000,0.492313075974388,-0.9336248127178248,0.40566412931968915,1.4118453988438757,guidance
2026-01-01 12:00:07.100,1.0395917041277742,-0.5305136887092373,-0.16157223591245087,1.0361081864776727,guidance
2026-01-01 12:00:07.200,1.4017033151237992,-0.6139848496580329,-0.8094640975093965,0.6546289518597472,guidance
2026-01-01 12:00:07.300,1.3382010671397804,-0.7380615547356846,-1.3466034122283876,0.570444459074039,guidance
2026-01-01 12:00:07.400,0.9600087495176137,-0.6791706391125053,-1.350171976643736,0.5782587784682596,guidance
2026-01-01 12:00:07.500,0.8015050430661355,-0.09339421612053028,-1.081976627511905,0.35743340430685655,guidance
2026-01-01 12:00:07.600,1.0094728834095852,0.521430136753223,-0.6903447672132521,-0.23605465184237065,guidance
2026-01-01 12:00:07.700,1.3766879170711566,1.0205767177894298,-0.7685533415216375,-0.9623219891273032,guidance
2026-01-01 12:00:07.800,1.4265262569880885,1.0672670847709644,-1.020583010903117,-1.4616170406711504,guidance
2026-01-01 12:00:07.900,1.1425029193293268,0.7945743756234078,-0.7899908685505134,-1.4768881104622367,guidance
2026-01-01 12:00:08.000,0.40950156715804575,0.7897938571000509,-0.17084189118700566,-0.9414266212429288,guidance
2026-01-01 12:00:08.100,0.07580836125278899,1.0251582444110436,0.5694176310514854,-0.5927590919374534,guidance
2026-01-01 12:00:08.200,0.14380531619147108,1.4644299696881298,1.067369841769133,-0.3559591663870475,guidance
2026-01-01 12:00:08.300,0.2452107881013613,1.47934692900328,1.187542828432595,-0.31664643811985277,guidance
2026-01-01 12:00:08.400,0.2978706210471681,1.013095459133393,0.8958166382009408,-0.07723824078981092,guidance
2026-01-01 12:00:08.500,-0.20921884454800846,0.49289390007757317,0.7920777613794266,0.5442821262431495,guidance
2026-01-01 12:00:08.600,-0.8926015877366076,0.05928301951843006,1.0227711774842094,1.1648481696370512,guidance
2026-01-01 12:00:08.700,-1.164968414708641,0.035199287297213146,1.276265550220898,1.6219185679911454,guidance
2026-01-01 12:00:08.800,-0.9424979186133123,0.16642695016239015,1.0316312164977643,1.258236206672469,guidance
2026-01-01 12:00:08.900,-0.7315689340120621,-0.051732446797917005,0.4666380123170794,0.7474498562653731,guidance
2026-01-01 12:00:09.000,-0.6816659274385908,-0.6072146818219886,-0.22124465834616172,0.2662338354663217,guidance
2026-01-01 12:00:09.100,-1.1091317219974166,-1.2712006334807713,-0.830721017468447,0.21561323277053432,guidance
2026-01-01 12:00:09.200,-1.3963061958771046,-1.4675645076004207,-0.7588549186755671,0.1517586452329088,guidance
2026-01-01 12:00:09.300,-1.5179200401361668,-1.2293893683985637,-0.7047181597235607,-0.22614971605746692,guidance
2026-01-01 12:00:09.400,-1.162113492518686,-0.8679469265894812,-0.6701774048926891,-0.7793203412782972,guidance
2026-01-01 12:00:09.500,-0.6973755495222027,-0.7268510230142944,-1.1325266293972513,-1.4197775842898013,guidance
2026-01-01 12:00:09.600,-0.5308233138226655,-0.9861254581374964,-1.3929437251560424,-1.4925439528941704,guidance
2026-01-01 12:00:09.700,-0.5708103315050002,-1.136331384054924,-1.265211139789703,-1.0794756976799214,guidance
2026-01-01 12:00:09.800,-0.8083293195300598,-0.9598204520173099,-0.6111464872048754,-0.5742631037579529,guidance
2026-01-01 12:00:09.900,-0.5459260992929738,-0.27182717122837424,-0.10954538331715691,-0.051944316778482644,guidance
2026-01-01 12:00:10.000,-0.07406995588906488,0.39597838143885367,0.34885760413566147,0.02255750149918829,guidance
2026-01-01 12:00:10.100,0.6085969419882747,0.67772671612173,0.4770580010124365,0.07167995058876644,guidance
2026-01-01 12:00:10.200,0.8415437801110239,0.6452374752209374,0.42199213037708805,0.37934980908721805,guidance
2026-01-01 12:00:10.300,0.6363050080353078,0.44959200466202487,0.6600097322987268,1.153537833651121,guidance
2026-01-01 12:00:10.400,0.5517750193987041,0.7311614437473108,1.1528502665340565,1.5103406465441835,guidance
2026-01-01 12:00:10.500,0.6338339343856662,1.1085126508504646,1.6519295166387422,1.4331654395418563,guidance
2026-01-01 12:00:10.600,1.1454474932010135,1.5645263701038776,1.5525364366148655,0.9418676351353226,guidance
2026-01-01 12:00:10.700,1.439926234413882,1.446300466586899,1.0124984890910262,0.2591733962733628,guidance
2026-01-01 12:00:10.800,1.4357165588388006,0.933206287829252,0.4315153698786163,-0.21979398032045025,guidance
2026-01-01 12:00:10.900,1.0865421315932167,0.6248880065499924,0.07691005972270218,-0.25688951500349627,guidance
2026-01-01 12:00:11.000,0.8463406321243159,0.3443522532355339,-0.0036454309528405615,-0.4061314782908232,guidance
2026-01-01 12:00:11.100,0.6819190094354832,0.4920856214897721,-0.01803424194079721,-0.6743235835713216,guidance
2026-01-01 12:00:11.200,0.9806601012917915,0.5450300415732064,-0.384011900309239,-1.2452223439838972,guidance
2026-01-01 12:00:11.300,1.1558504624858732,0.08682434357053659,-1.0294857561211346,-1.526000603429542,guidance
2026-01-01 12:00:11.400,0.924316174781261,-0.5479667791656764,-1.5003307712678986,-1.3006373409296224,guidance
2026-01-01 12:00:11.500,0.2337416613814133,-1.149255940923887,-1.4231706638895065,-0.6132843087737179,guidance
2026-01-01 12:00:11.600,-0.2630401393816616,-1.2230901619648427,-1.0969572596956085,-0.015831351605680777,guidance
2026-01-01 12:00:11.700,-0.35385124122519573,-1.0384196419931544,-0.5759941522882832,0.46441901194786983,guidance
2026-01-01 12:00:11.800,-0.0891572077290394,-0.6647848175428624,-0.46843641482081827,0.4567908038561413,guidance
2026-01-01 12:00:11.900,-0.13437571415200958,-0.9076728162211418,-0.479231030580943,0.5234150124652451,guidance
2026-01-01 12:00:12.000,-0.41210234558339603,-1.254648760147028,-0.26075327305162577,0.9282185920250849,guidance
2026-01-01 12:00:12.100,-0.9424162692970084,-1.3785017605123964,0.08914178782735485,1.3976374305725787,guidance
2026-01-01 12:00:12.200,-1.3880794667955343,-1.0354184655880831,0.8465147873698943,1.4391205422077098,guidance
2026-01-01 12:00:12.300,-1.394056004369666,-0.41014657677677596,1.3930180932017768,1.096515590082849,guidance
2026-01-01 12:00:12.400,-0.924514060011548,0.1057562968344956,1.4113824071626992,0.24339489306537251,guidance
2026-01-01 12:00:12.500,-0.8386284962166768,0.218906323086597,1.0011516372308609,-0.36352891997492776,guidance
2026-01-01 12:00:12.600,-1.0239815047333412,0.081019170721541,0.7374772524222832,-0.6832113008035808,guidance
2026-01-01 12:00:12.700,-1.2996473863236093,0.27155965694340556,0.732526786094514,-0.7428445254627923,guidance
2026-01-01 12:00:12.800,-1.4649609675315676,0.629371963757974,0.9769176829525619,-0.6167064126813964,guidance
2026-01-01 12:00:12.900,-1.1185526119842437,1.1746212309575976,0.8134145482596201,-0.9429509125809544,guidance
2026-01-01 12:00:13.000,-0.41323999039809806,1.411034788385768,0.26052812840789047,-1.3360625291537556,guidance
2026-01-01 12:00:13.100,-0.1255574226232291,1.3187528356545668,-0.639200385414961,-1.2397876671633323,guidance
2026-01-01 12:00:13.200,-0.1800741983821046,1.001897201475486,-1.1129192548451314,-0.7591607859614115,guidance
2026-01-01 12:00:13.300,-0.3098733127881336,0.7231121515600847,-1.1851190356666377,0.0019510259139104147,guidance
2026-01-01 12:00:13.400,-0.27141169704703155,0.8382663350584041,-0.9029610403133737,0.7008648161214238,guidance
2026-01-01 12:00:13.500,0.1922676103927219,0.946082587749924,-0.8216829298805006,0.7882787234902456,guidance
2026-01-01 12:00:13.600,0.8656873363455282,0.8151614895872328,-0.9741491713863242,0.855871609587703,guidance
2026-01-01 12:00:13.700,1.182194142302905,0.2676455440449324,-1.2513103553304614,0.808578494484025,guidance
2026-01-01 12:00:13.800,1.019092800242688,-0.47944129953976616,-1.1297948150359782,1.047563139537798,guidance
2026-01-01 12:00:13.900,0.9072823799960482,-0.7116705961466708,-0.4401373775272183,1.183476262794623,guidance
2026-01-01 12:00:14.000,0.7373822272137254,-0.7234239633194396,0.1788778120840559,1.1053421730080355,guidance
2026-01-01 12:00:14.100,1.1461525122958964,-0.6685793047515401,0.7468983662386854,0.4282890165705011,guidance
2026-01-01 12:00:14.200,1.4802734316066928,-0.6521411503344349,0.6981009081842274,-0.4158732758811387,guidance
2026-01-01 12:00:14.300,1.539347617084914,-1.0950221121798538,0.6924525642622914,-0.968481896549892,guidance
2026-01-01 12:00:14.400,1.1449444853688557,-1.4762086335951645,0.804694297143268,-1.166482614303065,guidance
2026-01-01 12:00:14.500,0.6622014143250508,-1.5855312701372026,1.064336260254926,-0.8401603289867902,guidance
2026-01-01 12:00:14.600,0.4524257963602068,-1.2272440597036511,1.4782535955982796,-0.8663919658868421,guidance
2026-01-01 12:00:14.700,0.6319680651315842,-0.5262049244009802,1.271848047428667,-0.9944712885097604,guidance
2026-01-01 12:00:14.800,0.6900080442353069,-0.2868773796868143,0.75246409059476,-1.1037477476105568,guidance
2026-01-01 12:00:14.900,0.5592512740509384,-0.2837252448204029,0.018466715690141335,-0.8280171219459682,guidance
2026-01-01 12:00:15.000,-0.012106677610380576,-0.3014360125009502,-0.41466806976335513,-0.0034684008993204826,guidance
2026-01-01 12:00:15.100,-0.5595702597737293,-0.0838649588946597,-0.3814308461787948,0.7991427117026464,guidance
2026-01-01 12:00:15.200,-0.7870636169081537,0.6124708405881485,-0.28189986372476955,1.1635751117808868,guidance
2026-01-01 12:00:15.300,-0.572440572695914,1.1864196494200199,-0.6352412689894468,1.0847906204117084,guidance
2026-01-01 12:00:15.400,-0.41443398015320543,1.3379492161567499,-1.1751384556422328,0.8238086997001484,guidance
2026-01-01 12:00:15.500,-0.6527495035157329,1.0978810947347601,-1.551447580725378,0.7487161088274159,guidance
2026-01-01 12:00:15.600,-1.1117459895217034,0.8062549978184942,-1.4035598544001877,0.9805086480043833,guidance
2026-01-01 12:00:15.700,-1.5031988211029235,0.7987558640551368,-0.8859112791350999,0.9270306824301637,guidance
2026-01-01 12:00:15.800,-1.4887367000376583,1.0472579180043378,-0.3344515508591611,0.4956836022619903,guidance
2026-01-01 12:00:15.900,-1.0606963652756465,1.2817130797861838,-0.12574995501810832,-0.3852497421030517,guidance
2026-01-01 12:00:16.000,-0.7626866000912159,0.9751182903298026,-0.06817021765023379,-0.981550499820119,guidance
2026-01-01 12:00:16.100,-0.7668654795061327,0.41060992814224795,0.049772533530523154,-1.3270684130110144,guidance
2026-01-01 12:00:16.200,-1.0627397229468805,-0.27427160405987017,0.37682126340739514,-1.2133466249750569,guidance
2026-01-01 12:00:16.300,-1.0660958062294836,-0.42899218137887424,1.1136201186534316,-0.7574907491488779,guidance
2026-01-01 12:00:16.400,-0.7751131089934272,-0.3214102846220665,1.5539218206841872,-0.7418929142156084,guidance
2026-01-01 12:00:16.500,-0.2519866792726904,-0.29637751364351955,1.4981190155866337,-0.7393789417505863,guidance
2026-01-01 12:00:16.600,0.24291667788799545,-0.6673353399749608,1.0672973370654302,-0.7040747157078933,guidance
2026-01-01 12:00:16.700,0.40322807532831106,-1.2519959509170722,0.5115538675522953,-0.12845875544388405,guidance
2026-01-01 12:00:16.800,0.19495757070490946,-1.5976033345611187,0.41594395212909474,0.6689130748737692,guidance
2026-01-01 12:00:16.900,0.11645297198866414,-1.4564431983927815,0.5199473483829546,1.338650676800744,guidance
2026-01-01 12:00:17.000,0.44997680127473494,-0.9919234416605586,0.40607094594857573,1.4088534065825289,guidance
2026-01-01 12:00:17.100,1.0665797918647164,-0.6344090560574351,-0.08602636514327083,1.0693973712442062,guidance
2026-01-01 12:00:17.200,1.3785151967982563,-0.5622507081145935,-0.8407918220143783,0.6701580077399174,guidance
2026-01-01 12:00:17.300,1.382655502608083,-0.8132027747509674,-1.4162567310146719,0.5978317167366235,guidance
2026-01-01 12:00:17.400,1.0129114841033018,-0.6030668273564852,-1.3685925104605035,0.6082522996355962,guidance
2026-01-01 12:00:17.500,0.8520593881458076,-0.25347821106351937,-1.0067712486412401,0.48565222957293747,guidance
2026-01-01 12:00:17.600,1.007479163629992,0.47465183979915426,-0.6693446517048212,-0.1681542029896368,guidance
2026-01-01 12:00:17.700,1.4058216290069931,0.9380605324527393,-0.7641028290633554,-0.9800901669418182,guidance
2026-01-01 12:00:17.800,1.4928325836093583,0.9869346721441558,-0.8959357291401487,-1.4717114489153935,guidance
2026-01-01 12:00:17.900,1.0549343020972661,0.8004652386789248,-0.7520488225407262,-1.4459602270323482,guidance
2026-01-01 12:00:18.000,0.5317986342646605,0.6288074646766993,-0.20526314301426457,-1.0098911779437025,guidance
2026-01-01 12:00:18.100,0.10714112891393798,0.9915071697055676,0.6052366701921807,-0.49305470747411695,guidance
2026-01-01 12:00:18.200,0.13754134648755842,1.4925837638444712,1.0983270875924995,-0.43995407326665326,guidance
2026-01-01 12:00:18.300,0.24838747196205568,1.466089923451598,1.170415666923119,-0.37913911989986765,guidance
2026-01-01 12:00:18.400,0.2365495385682047,1.055764298185158,0.9149360157219263,-0.004473161074052573,guidance
2026-01-01 12:00:18.500,-0.3526897226401006,0.4561025758129558,0.8854651393505173,0.5635462178985378,guidance
2026-01-01 12:00:18.600,-0.9061420632488271,0.10979227930527788,1.0195550968255767,1.235945846640778,guidance
2026-01-01 12:00:18.700,-1.1863858057834276,0.01296011083621481,1.1709182623508012,1.5734019205044982,guidance
2026-01-01 12:00:18.800,-0.99719658435811,0.10668449870128437,1.0507566648127302,1.247481693810109,guidance
2026-01-01 12:00:18.900,-0.7409404195937114,-0.08157279976893972,0.5411907035352609,0.8127660855960578,guidance
2026-01-01 12:00:19.000,-0.7958141522499533,-0.5882150236101413,-0.29362854707939057,0.35408166857068435,guidance
2026-01-01 12:00:19.100,-1.019336958034258,-1.229756064234815,-0.7774119090669555,0.20778863882165385,guidance
2026-01-01 12:00:19.200,-1.456950038288919,-1.3987646230286044,-0.8551042555565416,0.17239186411860413,guidance
2026-01-01 12:00:19.300,-1.5923060084748637,-1.1945532508992405,-0.6603955900178249,-0.21950710050340463,guidance
2026-01-01 12:00:19.400,-1.1199719696649124,-0.9583382496224332,-0.7180234742839345,-0.8180372120331316,guidance
2026-01-01 12:00:19.500,-0.649411173027228,-0.7308158113098779,-1.0559624180308838,-1.4661295928867055,guidance
2026-01-01 12:00:19.600,-0.46747679216971755,-0.9232672576195102,-1.5144470899879272,-1.5412080356001658,guidance
2026-01-01 12:00:19.700,-0.6045489140260591,-1.11223200453312,-1.2215772813189942,-1.1112400815298948,guidance
2026-01-01 12:00:19.800,-0.8470441054578414,-1.0012760234979314,-0.8541665704942704,-0.481916808540757,guidance
2026-01-01 12:00:19.900,-0.591220945113048,-0.3257259934528429,-0.10960421176433544,-0.050431517884694785,guidance
2026-01-01 12:00:20.000,0.057669513075202385,0.39410801166615683,0.3658382065386572,0.026218900566559865,guidance
2026-01-01 12:00:20.100,0.48050440711643416,0.6009526940432407,0.4377125877255192,0.135602689555824,guidance
2026-01-01 12:00:20.200,0.7406225518631929,0.5620397817296937,0.44665798778829313,0.32556948632911376,guidance
2026-01-01 12:00:20.300,0.5781419401328964,0.5005885109472964,0.5871925226379169,1.0146807549616423,guidance
2026-01-01 12:00:20.400,0.46090192477699915,0.6652422938349597,1.1478892825385856,1.581651972361516,guidance
2026-01-01 12:00:20.500,0.594086162300121,1.2227513012125883,1.6255286627762906,1.4076124163567314,guidance
2026-01-01 12:00:20.600,1.1055352940411882,1.5244413858395212,1.5463276941293522,0.9601357700604037,guidance
2026-01-01 12:00:20.700,1.5926248906571643,1.5305258859650948,0.9107126780043334,0.27454283635438576,guidance
2026-01-01 12:00:20.800,1.559277959343183,1.0637604351809702,0.3434216674552496,-0.16866483686767605,guidance
2026-01-01 12:00:20.900,1.0880469181082235,0.491167851989589,0.05393959449818076,-0.24750932502726142,guidance
2026-01-01 12:00:21.000,0.8109749336838599,0.48297843093396364,0.09918785754229525,-0.32954067240519735,guidance
2026-01-01 12:00:21.100,0.683481156982814,0.5226716714225527,-0.03422731527545229,-0.7202362358507477,guidance
2026-01-01 12:00:21.200,1.0912920000029513,0.5540070442603211,-0.3526329182278561,-1.1835873853009684,guidance
2026-01-01 12:00:21.300,1.1946815474055237,0.06284868731604515,-1.0521300988406965,-1.5603032592891661,guidance
2026-01-01 12:00:21.400,0.8130512772794606,-0.5469693821069196,-1.559458728782741,-1.2676111318020757,guidance
2026-01-01 12:00:21.500,0.2661392488330819,-1.0645808905721061,-1.4851555286465634,-0.6332193009683588,guidance
2026-01-01 12:00:21.600,-0.28096812143934524,-1.2102434721331161,-0.9965760228599218,0.08345758255909454,guidance
2026-01-01 12:00:21.700,-0.2814744333354187,-0.9998172419339152,-0.5518102802922591,0.42170988857080566,guidance
2026-01-01 12:00:21.800,-0.07212599381906779,-0.7546402650530241,-0.4091713662410991,0.4913397442010653,guidance
2026-01-01 12:00:21.900,-0.08998096203922523,-0.9922259773872659,-0.512753394006229,0.5292882398700381,guidance
2026-01-01 12:00:22.000,-0.44428202297808694,-1.3257488571473492,-0.40403584509912055,0.8860959904463217,guidance
2026-01-01 12:00:22.100,-1.0761685622439123,-1.2631851015273714,0.11569140695965897,1.3384172330448683,guidance
2026-01-01 12:00:22.200,-1.363717174344694,-1.071673086048132,0.9679832784284427,1.4810773771297117,guidance
2026-01-01 12:00:22.300,-1.3196814343725232,-0.42169823728740563,1.4083367536599911,1.145584945412748,guidance
2026-01-01 12:00:22.400,-0.9284000716028284,-0.0032006343836871454,1.3678671359624817,0.355715654526046,guidance
2026-01-01 12:00:22.500,-0.7324494555643479,0.2101651665633772,0.9881986831952831,-0.3836314593808495,guidance
2026-01-01 12:00:22.600,-0.9771837311093132,0.043497974769542064,0.8464950422815866,-0.6606036030402894,guidance
2026-01-01 12:00:22.700,-1.348075204739789,0.24024100964276862,0.6990563458545855,-0.6575799222056324,guidance
2026-01-01 12:00:22.800,-1.4464650181084715,0.612046275384596,0.8838138214466579,-0.6800580586777998,guidance
2026-01-01 12:00:22.900,-1.01022082940528,1.2253204613818733,0.7720747000622306,-1.0058382828668335,guidance
2026-01-01 12:00:23.000,-0.44138589256252947,1.5281068284182862,0.21899426140270442,-1.314645050641385,guidance
2026-01-01 12:00:23.100,-0.13182323637936333,1.4971822341012144,-0.5712056180658508,-1.2985883803971365,guidance
2026-01-01 12:00:23.200,-0.18748909376311496,0.8749667598485185,-1.0961006157937814,-0.8572111491762534,guidance
2026-01-01 12:00:23.300,-0.3940505167185722,0.7434795897418889,-1.1102630305612635,0.09205879373095725,guidance
2026-01-01 12:00:23.400,-0.30302532338005106,0.8512986485133305,-0.9731259202024914,0.7204289586658795,guidance
2026-01-01 12:00:23.500,0.19708979024503367,0.9413061309630038,-0.8099196119449162,0.9774802970986015,guidance
2026-01-01 12:00:23.600,0.8848759753700216,0.8607408989431138,-0.9160449285541729,0.7976406657120655,guidance
2026-01-01 12:00:23.700,1.2201138934398243,0.27572893060172715,-1.3393392094442644,0.771349084723154,guidance
2026-01-01 12:00:23.800,0.9453610837612324,-0.4403552304626745,-1.1105592890661242,0.8623934360358713,guidance
2026-01-01 12:00:23.900,0.7060471568119568,-0.7782129421508297,-0.5257200886138371,1.2355285220011611,guidance
2026-01-01 12:00:24.000,0.7825541969142886,-0.8470907739747932,0.28897187579855105,1.146431796770437,guidance
2026-01-01 12:00:24.100,1.1109954181421642,-0.6654929160209849,0.6781714672275726,0.3451932827738471,guidance
2026-01-01 12:00:24.200,1.559262636156442,-0.6641263801068901,0.7900286812376482,-0.33515096545939704,guidance
2026-01-01 12:00:24.300,1.4706952719812327,-1.0599179340170788,0.6609665954377542,-1.0531597266900268,guidance
2026-01-01 12:00:24.400,1.0542633492839826,-1.560356268547238,0.8490609444395397,-0.9874937319173025,guidance
2026-01-01 12:00:24.500,0.6107230570137476,-1.4684324138463252,1.180491537540959,-0.8445420730359079,guidance
2026-01-01 12:00:24.600,0.40924468676633224,-1.065762991583294,1.4263468097721868,-0.8525237097795234,guidance
2026-01-01 12:00:24.700,0.5611494110165556,-0.504203432539047,1.3358435450251156,-1.0045111230133381,guidance
2026-01-01 12:00:24.800,0.7341515385625449,-0.2193256079621277,0.8490154076808831,-1.1089142388097166,guidance
2026-01-01 12:00:24.900,0.5765196923850362,-0.2642040945329303,0.05090480479185156,-0.7684798730983836,guidance
2026-01-01 12:00:25.000,0.016920240930883238,-0.270320461275861,-0.3967988357902483,-0.047332592537268986,guidance
2026-01-01 12:00:25.100,-0.5744354543172914,-0.023287909245445375,-0.3579429586659623,0.7006977437380187,guidance
2026-01-01 12:00:25.200,-0.6916501704685352,0.5546144547043079,-0.3428510299598796,1.2222677551522692,guidance
2026-01-01 12:00:25.300,-0.6046366435073933,1.230141822860437,-0.5921997941840172,1.153140791788891,guidance
2026-01-01 12:00:25.400,-0.4372074977174334,1.394444392090682,-1.1699774783659096,0.8758492203535551,guidance
2026-01-01 12:00:25.500,-0.6726012025591952,1.089913333776252,-1.5282471137238614,0.7397352233612124,guidance
2026-01-01 12:00:25.600,-1.156932963336178,0.7834740701112007,-1.437381508279572,0.881869530184532,guidance
2026-01-01 12:00:25.700,-1.5505902338229018,0.8659270854974077,-1.0147195798643258,0.9561403871414532,guidance
2026-01-01 12:00:25.800,-1.4817342485567226,1.2154113464335075,-0.3621794501640455,0.49938565738103113,guidance
2026-01-01 12:00:25.900,-1.1567430910373295,1.25715373729909,-0.08084942678991114,-0.33338050613536324,guidance
2026-01-01 12:00:26.000,-0.7687732910923324,1.077211063830336,-0.060325999215957736,-1.0241743889168704,guidance
2026-01-01 12:00:26.100,-0.7225134571661405,0.3345327246357121,0.03606068748220761,-1.3228448122663663,guidance
2026-01-01 12:00:26.200,-0.934777915584341,-0.200886503465167,0.4436857464177736,-1.1777816154237892,guidance
2026-01-01 12:00:26.300,-1.1332253347979437,-0.5136802076330464,1.0433940151426786,-0.8126528917560458,guidance
2026-01-01 12:00:26.400,-0.883242238550635,-0.3039929173023297,1.4778233793219138,-0.7387337767651281,guidance
2026-01-01 12:00:26.500,-0.2915655520359482,-0.3990660462946124,1.4717054890169496,-0.6814536476587204,guidance
2026-01-01 12:00:26.600,0.2314112459678712,-0.7013471438229981,0.9928462058629057,-0.731184432683281,guidance
2026-01-01 12:00:26.700,0.35329726924743354,-1.2309925273408293,0.5277468418285542,-0.17602058210778979,guidance
2026-01-01 12:00:26.800,0.14022038215944632,-1.6139734380478181,0.4432044291765162,0.6870099509625852,guidance
2026-01-01 12:00:26.900,0.11801572715124063,-1.4257465821066344,0.4646710815904944,1.321567484936915,guidance
2026-01-01 12:00:27.000,0.4632849972911671,-1.020076065825908,0.4377596253766026,1.4302244202323202,guidance
2026-01-01 12:00:27.100,1.0332250138452148,-0.5175814860654151,-0.13874252899660489,1.0628550902877676,guidance
2026-01-01 12:00:27.200,1.3813957393425131,-0.6290427871855817,-0.8726853020497424,0.7744262122357501,guidance
2026-01-01 12:00:27.300,1.3407151365989585,-0.729468364706205,-1.360128848005304,0.5281284890998859,guidance
2026-01-01 12:00:27.400,0.9425079258727577,-0.6800518043224312,-1.3937616205824308,0.5758333008613252,guidance
2026-01-01 12:00:27.500,0.7585633187758638,-0.15781058443899665,-1.067774525342058,0.4827260404519149,guidance
2026-01-01 12:00:27.600,0.9878374435988821,0.5455844709866723,-0.6382041725268688,-0.18450657522253805,guidance
2026-01-01 12:00:27.700,1.3741792257063836,0.9545009390187541,-0.7146152248749882,-0.8772777191742315,guidance
2026-01-01 12:00:27.800,1.3890907541953679,0.996423442234979,-0.971169157973226,-1.5804397843877278,guidance
2026-01-01 12:00:27.900,1.0709835479695053,0.8311485996451872,-0.762379624797366,-1.431472241940301,guidance
2026-01-01 12:00:28.000,0.38922358816200087,0.7636744256226108,-0.22258374837706818,-0.9250276484022864,guidance
2026-01-01 12:00:28.100,0.19876123159315878,0.9529166067884076,0.5552130648851317,-0.49630145576391504,guidance
2026-01-01 12:00:28.200,0.17634485111305842,1.4036764993788569,1.2092450064487181,-0.39237225645119533,guidance
2026-01-01 12:00:28.300,0.4248463185053464,1.52327829622703,1.1104389397331307,-0.4342839856290619,guidance
2026-01-01 12:00:28.400,0.17136766111338408,1.1126544941483996,0.8318171804463664,-0.0899866941706983,guidance
2026-01-01 12:00:28.500,-0.234515007255921,0.49469697072118485,0.7957041380120443,0.5025369762252099,guidance
2026-01-01 12:00:28.600,-0.8684180732471413,0.005966833382383345,0.9785209488195011,1.2866242077921586,guidance
2026-01-01 12:00:28.700,-1.230556565174491,0.06170552709992438,1.1321080444548877,1.5984115656068114,guidance
2026-01-01 12:00:28.800,-1.0210871264039625,0.12542001076910728,1.2020949478815868,1.32077965248162,guidance
2026-01-01 12:00:28.900,-0.7400062606247784,-0.050288227800702905,0.45268635761081194,0.7477424833949591,guidance
2026-01-01 12:00:29.000,-0.693366038666431,-0.683980477855733,-0.4276747551516874,0.27156817757681634,guidance
2026-01-01 12:00:29.100,-1.071819426625741,-1.231891036712069,-0.7233284891439461,0.15113079796215173,guidance
2026-01-01 12:00:29.200,-1.5058606933577836,-1.5198934724687703,-0.7985251282150952,0.14133436869399016,guidance
2026-01-01 12:00:29.300,-1.469753527561711,-1.2752913927976235,-0.7220173069340936,-0.22652406540399894,guidance
2026-01-01 12:00:29.400,-1.0619663198247835,-0.8634267250450791,-0.7566961476828916,-0.861621101407864,guidance
2026-01-01 12:00:29.500,-0.6044066843254006,-0.8292664343793344,-1.1302228854819973,-1.460610699216593,guidance
2026-01-01 12:00:29.600,-0.4138407720709618,-0.9617018455312387,-1.3453050456777214,-1.653656182262421,guidance
2026-01-01 12:00:29.700,-0.5719149126591572,-1.2366109079040204,-1.3885231149404396,-1.1994606901358145,guidance
2026-01-01 12:00:29.800,-0.7890628023053381,-0.935310645951678,-0.7582874416950757,-0.4952750155808206,guidance
2026-01-01 12:00:29.900,-0.62811691780265,-0.33747483898886915,0.03581126485994268,-0.09964155789261031,guidance
2026-01-01 12:00:30.000,0.047932883987933314,0.25135600227703053,0.42867107918820047,0.08479360054187186,guidance
2026-01-01 12:00:30.100,0.5399553736653085,0.6631885431849426,0.42024688545531924,0.07367961063304257,guidance
2026-01-01 12:00:30.200,0.6742138182045074,0.6430614580221933,0.4061269886498132,0.3513204959268736,guidance
2026-01-01 12:00:30.300,0.6500633922380051,0.5234731618935375,0.696756329172706,1.031496464347305,guidance
2026-01-01 12:00:30.400,0.5471765340688552,0.6378855077881801,1.2069890395717604,1.5757418077062904,guidance
2026-01-01 12:00:30.500,0.6230342662281574,1.079132374730582,1.5899790794653423,1.4264070844524757,guidance
2026-01-01 12:00:30.600,1.0757422637610177,1.4727809965287244,1.5114147643711555,0.9035610593403136,guidance
2026-01-01 12:00:30.700,1.6384192231151007,1.4915998788735596,0.9780926470889559,0.16466648305242726,guidance
2026-01-01 12:00:30.800,1.4945683934944611,1.0453541937974293,0.3404358987818522,-0.17849936533825045,guidance
2026-01-01 12:00:30.900,1.148790232212808,0.5582877332078765,-0.011289084250969687,-0.3274125585700809,guidance
2026-01-01 12:00:31.000,0.7772793675546317,0.44064613063135033,0.03432998410555491,-0.3535038734025645,guidance
2026-01-01 12:00:31.100,0.8218511487861814,0.5535498141137247,-0.0018049950039896443,-0.6736502266957367,guidance
2026-01-01 12:00:31.200,1.0311347701862115,0.5365511064404281,-0.45030277182160505,-1.1688055638699975,guidance
2026-01-01 12:00:31.300,1.1839261908633913,0.07349569457398784,-1.1009771450825454,-1.545819375072866,guidance
2026-01-01 12:00:31.400,0.8568411826157337,-0.45554693876253205,-1.5457479705973658,-1.3998311868403646,guidance
2026-01-01 12:00:31.500,0.2768558104120445,-1.0695801652642383,-1.4475617761177004,-0.6179737802071857,guidance
2026-01-01 12:00:31.600,-0.269006325389102,-1.1769702146994778,-1.0623043821355254,0.1421419884653114,guidance
2026-01-01 12:00:31.700,-0.39430140513861806,-0.9222085741727251,-0.6421519814538278,0.4103549026817303,guidance
2026-01-01 12:00:31.800,-0.034023124971718194,-0.7861145523306692,-0.3857482724749157,0.5263702078331559,guidance
2026-01-01 12:00:31.900,-0.1954670098705888,-0.899147442979532,-0.5447935711562677,0.544288906138053,guidance
2026-01-01 12:00:32.000,-0.5078441239327679,-1.2290031432908306,-0.3701081130816877,0.8546446085104289,guidance
2026-01-01 12:00:32.100,-1.0378376170114914,-1.4095023905749982,0.10871977197979475,1.3415039287800432,guidance
2026-01-01 12:00:32.200,-1.3589850522828828,-1.1586040196849106,0.8378172293814222,1.4079050921505247,guidance
2026-01-01 12:00:32.300,-1.2730367453822338,-0.38189673940188,1.4240176281820618,1.1031627720105863,guidance
2026-01-01 12:00:32.400,-0.9895967257833334,0.058119243025043205,1.2835509915133034,0.3295297621104461,guidance
2026-01-01 12:00:32.500,-0.9184237861039853,0.20240296621553647,1.0544399996133025,-0.4834618720731772,guidance
2026-01-01 12:00:32.600,-1.0182142033392156,0.14720218114638975,0.724822528137697,-0.6987704414783564,guidance
2026-01-01 12:00:32.700,-1.339988526180798,0.1427974072669573,0.7971674551406897,-0.5659792145541761,guidance
2026-01-01 12:00:32.800,-1.485537071310861,0.6211811035716948,0.901493960563148,-0.6642819782002252,guidance
2026-01-01 12:00:32.900,-1.030397979175975,1.1993199076460175,0.7612252190645129,-1.0041665980537413,guidance
2026-01-01 12:00:33.000,-0.5578640636565023,1.521506375486603,0.146409035422159,-1.3752709115755188,guidance
2026-01-01 12:00:33.100,-0.21284462664877712,1.335429697423304,-0.6581326076308976,-1.3460074130792636,guidance
2026-01-01 12:00:33.200,-0.06913205880580382,0.9863058455822283,-1.0222057400168179,-0.7693021905855326,guidance
2026-01-01 12:00:33.300,-0.4238567234163755,0.6217909892291367,-1.1342892647577847,0.08650545162783968,guidance
2026-01-01 12:00:33.400,-0.32050964483472943,0.7780647421088921,-0.9398150151652402,0.5872133670721161,guidance
2026-01-01 12:00:33.500,0.1636024882947037,0.9802837368979707,-0.8262243356417178,0.8872791185774939,guidance
2026-01-01 12:00:33.600,0.8725032175528008,0.8288648983947865,-0.9863381214435266,0.749106352296429,guidance
2026-01-01 12:00:33.700,1.1851586147220596,0.23108373933858062,-1.1618351081721559,0.8049250361064221,guidance
2026-01-01 12:00:33.800,0.9973855912382712,-0.37586732619344815,-1.0299746775504592,1.0908066581978821,guidance
2026-01-01 12:00:33.900,0.798251878958532,-0.8395529459521855,-0.4803381868900948,1.2765660587554166,guidance
2026-01-01 12:00:34.000,0.8014649455864216,-0.8140492159439355,0.33279657187639095,1.107087537260064,guidance
2026-01-01 12:00:34.100,1.0179422042376023,-0.6003752158708026,0.845237201547138,0.5026838922607288,guidance
2026-01-01 12:00:34.200,1.4708717858280036,-0.8211876737034565,0.8157507819611602,-0.47865496475399066,guidance
2026-01-01 12:00:34.300,1.519535965988562,-1.087643222036806,0.7081370757876436,-0.8980505030736993,guidance
2026-01-01 12:00:34.400,1.2044001183537913,-1.525805435835091,0.8329096435215453,-1.0523242263407941,guidance
2026-01-01 12:00:34.500,0.7639051488714464,-1.5781771721561526,1.0882892913710964,-0.7792075757431237,guidance
2026-01-01 12:00:34.600,0.5153775712009208,-1.0695685869456115,1.4414605973879089,-0.6830134640184918,guidance
2026-01-01 12:00:34.700,0.6806767608239004,-0.42463484648385597,1.3610506195910284,-0.9334351864782203,guidance
2026-01-01 12:00:34.800,0.7121336475212549,-0.1891942695514524,0.9136528034233635,-1.1999698869735695,guidance
2026-01-01 12:00:34.900,0.5726090866896612,-0.23199213193082513,0.011990760280114227,-0.8559964396088456,guidance
2026-01-01 12:00:35.000,0.11967275563847489,-0.28342809026279325,-0.28849572797976125,-0.11286369072602813,guidance
2026-01-01 12:00:35.100,-0.5974483482183506,-0.07128540516882362,-0.506895626436868,0.731082962280103,guidance
2026-01-01 12:00:35.200,-0.8191880404569564,0.5486631560507474,-0.3118266037471746,1.1959996508406403,guidance
2026-01-01 12:00:35.300,-0.6482654565669521,1.2108761608793772,-0.6023682350430333,1.0880349587386706,guidance
2026-01-01 12:00:35.400,-0.3948886310909086,1.3795579143651773,-1.1653521628048,0.8827760636636844,guidance
2026-01-01 12:00:35.500,-0.6132652398209906,1.0127553074338929,-1.526825027083493,0.8135565739584646,guidance
2026-01-01 12:00:35.600,-1.1380296537820587,0.8128894566939182,-1.4989962768883196,0.916836743860949,guidance
2026-01-01 12:00:35.700,-1.4637523942374098,0.864719237104768,-1.004687095957838,0.8625582504279544,guidance
2026-01-01 12:00:35.800,-1.4850077868796225,1.116734499609182,-0.3793723010169923,0.5450098206626708,guidance
2026-01-01 12:00:35.900,-1.028969627539805,1.3194608941051604,-0.07279961881964792,-0.33727073939891006,guidance
2026-01-01 12:00:36.000,-0.8267303817223293,1.0628448752446806,-0.018118641482362415,-0.9855499088665952,guidance
2026-01-01 12:00:36.100,-0.8273981852258254,0.4016009236188028,-0.04730490388616667,-1.3546314174604144,guidance
2026-01-01 12:00:36.200,-1.0137444640803188,-0.2231733534611648,0.4015812773606202,-1.1588228353439767,guidance
2026-01-01 12:00:36.300,-1.1170255073741355,-0.4345976010502575,1.0219418908731595,-0.7237887951563186,guidance
2026-01-01 12:00:36.400,-0.8296448217164021,-0.39334917015705523,1.5685096184149516,-0.771677055121046,guidance
2026-01-01 12:00:36.500,-0.25163556815595717,-0.34885172910689305,1.5206356119474889,-0.7858478546029624,guidance
2026-01-01 12:00:36.600,0.22545183113169584,-0.6352365199272065,0.9615815136405128,-0.6455420567692192,guidance
2026-01-01 12:00:36.700,0.398265188050857,-1.1879494887986315,0.6561256897596667,-0.1344291912342481,guidance
2026-01-01 12:00:36.800,0.1654071742397012,-1.5166058745745299,0.42853638769451635,0.628481255109941,guidance
2026-01-01 12:00:36.900,0.06124464642760693,-1.4747402634670965,0.48333238872020023,1.3246535648335027,guidance
2026-01-01 12:00:37.000,0.41520363493561213,-1.0324140189601765,0.3182443403807059,1.3942269870519564,guidance
2026-01-01 12:00:37.100,1.0668987909279732,-0.7111798102302239,-0.09428871254779089,1.0297454508482615,guidance
2026-01-01 12:00:37.200,1.3848285046639508,-0.6197898253048064,-0.8259765456042125,0.662479100409719,guidance
2026-01-01 12:00:37.300,1.3538270347334305,-0.8591716008245986,-1.4048452282865884,0.5881030714217028,guidance
2026-01-01 12:00:37.400,0.9283461817705025,-0.7447209583962177,-1.3183474359186265,0.5982806362502684,guidance
2026-01-01 12:00:37.500,0.8232061969065008,-0.12981929332171693,-0.9436375914685274,0.4406903402855205,guidance
2026-01-01 12:00:37.600,0.983437344606645,0.5002862655045842,-0.7354850785280989,-0.19108464943892986,guidance
2026-01-01 12:00:37.700,1.3518961062647792,0.9656727693852885,-0.7990531844444467,-0.9228946864546934,guidance
2026-01-01 12:00:37.800,1.439939291911824,1.0548428104378118,-0.8554746422566192,-1.5004291753584562,guidance
2026-01-01 12:00:37.900,1.0329255482931317,0.8612523391151912,-0.8372803565265884,-1.4309794277088645,guidance
2026-01-01 12:00:38.000,0.4511472196488366,0.6498906899226977,-0.1822146849458675,-1.0266561793706912,guidance
2026-01-01 12:00:38.100,0.0927634824514977,0.9697010872450958,0.6009283367614812,-0.539412976870427,guidance
2026-01-01 12:00:38.200,0.09900090521668237,1.3892053918399117,1.095298728525952,-0.37671498124047287,guidance
2026-01-01 12:00:38.300,0.2950177402045787,1.5636942350778111,1.195128825677752,-0.3976181881431874,guidance
2026-01-01 12:00:38.400,0.23576754969230437,1.1433389780753183,0.9364608283088893,-0.03768800763765899,guidance
2026-01-01 12:00:38.500,-0.26178221493925063,0.48120783398861156,0.7822973861080872,0.5257199579773193,guidance
2026-01-01 12:00:38.600,-0.764322080795958,-0.03534772626532552,1.040505556007454,1.1740774623344585,guidance
2026-01-01 12:00:38.700,-1.1418706951542157,-0.0032459530541489104,1.2098285203656782,1.6222970508773003,guidance
2026-01-01 12:00:38.800,-1.0579650817233284,0.08380301520294606,1.0788821442090883,1.368763472088829,guidance
2026-01-01 12:00:38.900,-0.7226346595062483,-0.11008926407622291,0.5103128422701665,0.7849085824687185,guidance
2026-01-01 12:00:39.000,-0.7424751091321412,-0.6637174245353799,-0.20930718328385917,0.3747536441797832,guidance
2026-01-01 12:00:39.100,-1.118376681843488,-1.1826969029302787,-0.7180717575420522,0.11810952138146097,guidance
2026-01-01 12:00:39.200,-1.5768657497518606,-1.520320753740017,-0.7721629809716375,0.1802471475513392,guidance
2026-01-01 12:00:39.300,-1.6072205141288056,-1.2425771528412126,-0.6501279486130679,-0.2892412708455922,guidance
2026-01-01 12:00:39.400,-1.1852656790330995,-0.9512875577390683,-0.7023138757895234,-0.8500709017387329,guidance
2026-01-01 12:00:39.500,-0.6353911474691089,-0.7112635858469581,-1.1874608037461118,-1.432455313359244,guidance
2026-01-01 12:00:39.600,-0.41026462542587633,-0.9985685427962722,-1.3853546180878549,-1.57594830156954,guidance
2026-01-01 12:00:39.700,-0.5816067404765992,-1.1049225173909516,-1.2589292512643235,-1.193043372616792,guidance
2026-01-01 12:00:39.800,-0.7496139894881536,-0.9224192569540991,-0.783668366900844,-0.5526482993630064,guidance
2026-01-01 12:00:39.900,-0.57937984214792,-0.3005860822229967,-0.06940741442435888,-0.10421647160184616,guidance
2026-01-01 12:00:40.000,0.04692301897303862,0.331148644381437,0.3299472626804364,0.06316780601328131,guidance
2026-01-01 12:00:40.100,0.4672333861366763,0.6838900223351584,0.41555910392007067,0.15771154533319723,guidance
2026-01-01 12:00:40.200,0.7673156365339171,0.6512136441544936,0.3572060459408422,0.43627662223614455,guidance
2026-01-01 12:00:40.300,0.6286840376611307,0.4856034953897093,0.5058461434151322,1.0828249257581888,guidance
2026-01-01 12:00:40.400,0.4648224668880725,0.6403494503693118,1.0733226945967425,1.5016751070408958,guidance
2026-01-01 12:00:40.500,0.6838481115739989,1.1981777856523494,1.6030245730869024,1.4014372587776387,guidance
2026-01-01 12:00:40.600,1.118368815671695,1.5308232739132912,1.4495754562797505,0.909553024772728,guidance
2026-01-01 12:00:40.700,1.5547195132492249,1.4815239221335565,0.9561421590400698,0.2263153927207458,guidance
2026-01-01 12:00:40.800,1.5236982856113865,1.0426872939504197,0.4033962700438281,-0.1918444026246617,guidance
2026-01-01 12:00:40.900,1.1391259582044424,0.5874398707192452,0.09567917932431655,-0.2850940976512234,guidance
2026-01-01 12:00:41.000,0.7260380741965434,0.4570700942386645,0.0902466302069392,-0.3642984031047043,guidance
2026-01-01 12:00:41.100,0.8031031684476393,0.5453895950093759,-0.05110490287731611,-0.7739096010348196,guidance
2026-01-01 12:00:41.200,1.000226516036007,0.5007651175251912,-0.39533807692964185,-1.2417367864115572,guidance
2026-01-01 12:00:41.300,1.1588114864653443,0.16090836022173435,-1.0041973234305266,-1.5195714157287663,guidance
2026-01-01 12:00:41.400,0.9322014405008531,-0.49393371030255706,-1.4208964293828743,-1.3467315527406722,guidance
2026-01-01 12:00:41.500,0.22323948352775091,-1.1882601770153207,-1.6022714510107545,-0.5807516095797826,guidance
2026-01-01 12:00:41.600,-0.17269308606268163,-1.1781543486537207,-1.0640055934228807,0.1161393275518118,guidance
2026-01-01 12:00:41.700,-0.33455738768357085,-0.9256556001518692,-0.5220167114567037,0.461556781241315,guidance
2026-01-01 12:00:41.800,-0.14507281957480664,-0.770827425523322,-0.29702771308485915,0.40900401944179315,guidance
2026-01-01 12:00:41.900,-0.16789625199481664,-0.9069228007395652,-0.4841594808527771,0.6609956004233926,guidance
2026-01-01 12:00:42.000,-0.48949913472945467,-1.2098140948724445,-0.37526081261463484,0.9625609794506524,guidance
2026-01-01 12:00:42.100,-1.0999786016504376,-1.4364690223264114,0.15684640960846635,1.3495256819127113,guidance
2026-01-01 12:00:42.200,-1.3485425808795095,-1.162168272690933,0.8466243700665976,1.484594308880734,guidance
2026-01-01 12:00:42.300,-1.3724534229148615,-0.2846145594329109,1.31450363118554,1.1222487962389422,guidance
2026-01-01 12:00:42.400,-0.9886844021100374,0.18875385272149608,1.3485421719850923,0.37613106353218473,guidance
2026-01-01 12:00:42.500,-0.8328200219145755,0.1695375200708324,0.9506974005487314,-0.5079956144788851,guidance
2026-01-01 12:00:42.600,-0.9680043446978033,0.11758600390202988,0.7124066012709016,-0.7091752243916366,guidance
2026-01-01 12:00:42.700,-1.3847727003233528,0.3096821454228117,0.8258289495235971,-0.7152652057381799,guidance
2026-01-01 12:00:42.800,-1.4332585386582377,0.6760293287549585,0.8503969697391691,-0.7331669712007245,guidance
2026-01-01 12:00:42.900,-1.0292603601855643,1.141540359979245,0.7197360582047561,-0.9464040064248003,guidance
2026-01-01 12:00:43.000,-0.47596174296442717,1.5037948922328896,0.13933333127746034,-1.307165460567024,guidance
2026-01-01 12:00:43.100,-0.04613965107589306,1.327969925674096,-0.6249105641292884,-1.3014262987432745,guidance
2026-01-01 12:00:43.200,-0.20433879942587585,0.9091863624032371,-1.110084970129333,-0.8101016047288213,guidance
2026-01-01 12:00:43.300,-0.22884832162242935,0.7401090954617986,-1.1247658926472786,-0.017779573856682537,guidance
2026-01-01 12:00:43.400,-0.25174282477620347,0.7929944672429362,-0.9756732528107083,0.6794153101707853,guidance
2026-01-01 12:00:43.500,0.30575989164157197,1.0332984399295564,-0.7036538317543535,0.9731742001472845,guidance
2026-01-01 12:00:43.600,0.8300370364515393,0.6920267842073177,-0.9728290692347898,0.7254402156480159,guidance
2026-01-01 12:00:43.700,1.0585442141658135,0.22856151725661497,-1.2718019245036416,0.7864357318661241,guidance
2026-01-01 12:00:43.800,1.0568727797992683,-0.3770092405702699,-1.1276654477973134,0.9530963234174081,guidance
2026-01-01 12:00:43.900,0.7776925986315492,-0.7629021087520453,-0.5262889315143108,1.3224302166491466,guidance
2026-01-01 12:00:44.000,0.772296284653781,-0.81836106281848,0.2511592719658099,1.119635660683261,guidance
2026-01-01 12:00:44.100,1.1215338568386053,-0.6158958079971235,0.8538808751360579,0.46493265014742347,guidance
2026-01-01 12:00:44.200,1.5421981990784803,-0.7810155792468821,0.7847022711842356,-0.38720168164661395,guidance
2026-01-01 12:00:44.300,1.4503682575882004,-1.0873892349416971,0.6894440552814388,-1.00542230193193,guidance
2026-01-01 12:00:44.400,1.0872302508311067,-1.4893670374813484,0.7656172789799361,-0.9585389892204829,guidance
2026-01-01 12:00:44.500,0.6406490276411025,-1.4860594887820822,1.1064502960882212,-0.8387181470415497,guidance
2026-01-01 12:00:44.600,0.4447935862420731,-1.0676070242279352,1.392488795542301,-0.8086731791456022,guidance
2026-01-01 12:00:44.700,0.5688832836771623,-0.5115080791204756,1.2640538588907198,-1.0697198442967752,guidance
2026-01-01 12:00:44.800,0.8062320696684533,-0.20931794281222496,0.7431508117458154,-1.0151715263259997,guidance
2026-01-01 12:00:44.900,0.5571139084141522,-0.26065275327002824,0.05480184829196685,-0.8392369415635039,guidance
2026-01-01 12:00:45.000,0.02697337166396411,-0.33706787900895047,-0.31774228292561085,-0.060226940740716856,guidance
2026-01-01 12:00:45.100,-0.477077128566473,-0.08820659901401948,-0.3294866487794279,0.7719184753898378,guidance
2026-01-01 12:00:45.200,-0.682054917367406,0.5753596430970143,-0.3805241899442107,1.168783135208271,guidance
2026-01-01 12:00:45.300,-0.5586642913824129,1.2375982422316238,-0.5932979939480888,1.1546622038614378,guidance
2026-01-01 12:00:45.400,-0.4106824286843559,1.3947221926511943,-1.1325108226358258,0.9371308277205694,guidance
2026-01-01 12:00:45.500,-0.5941022554436036,1.122445578521312,-1.4767112191144103,0.7172067819448729,guidance
2026-01-01 12:00:45.600,-1.1878848381725318,0.8863423203999778,-1.486233271956271,0.8942410757294394,guidance
2026-01-01 12:00:45.700,-1.5295157607334269,0.836013485557966,-0.9178904935339941,0.8830750271300453,guidance
2026-01-01 12:00:45.800,-1.4750036820916408,1.1374883685571762,-0.3227228444423987,0.4983196293114412,guidance
2026-01-01 12:00:45.900,-1.110955851337599,1.250666005550535,-0.03319928149431301,-0.3085607128544605,guidance
2026-01-01 12:00:46.000,-0.8049397046791941,0.9628473130315339,-0.08255876361909142,-1.0001786676145972,guidance
2026-01-01 12:00:46.100,-0.8355273942192118,0.36456011966646473,-0.01028583348676011,-1.2580379880221324,guidance
2026-01-01 12:00:46.200,-0.9904906596786993,-0.16678093322548138,0.3727946823028926,-1.0747130503131328,guidance
2026-01-01 12:00:46.300,-1.2064582095575545,-0.5300838375914557,1.0877806383098634,-0.8183385420299937,guidance
2026-01-01 12:00:46.400,-0.8865722435802761,-0.3807785868887511,1.5345563908770417,-0.6689821555680865,guidance
2026-01-01 12:00:46.500,-0.24291055585793664,-0.3126887113856995,1.4768887511695237,-0.7102196012690245,guidance
2026-01-01 12:00:46.600,0.2918228767121055,-0.7609258281047355,1.0785250384862686,-0.6463369435003133,guidance
2026-01-01 12:00:46.700,0.32511774557327255,-1.2346270781272466,0.613050848091346,-0.09228861281553148,guidance
2026-01-01 12:00:46.800,0.12516801710994796,-1.67966315047002,0.3627901339232165,0.7411063419168133,guidance
2026-01-01 12:00:46.900,0.10324885942330919,-1.4872241019661792,0.5755145806163242,1.3033128932996059,guidance
2026-01-01 12:00:47.000,0.37814956965594737,-0.9787448354180032,0.402646030685171,1.3291045545424929,guidance
2026-01-01 12:00:47.100,1.0585968869719884,-0.6006558973658991,-0.11678533540926192,1.1715587375018806,guidance
2026-01-01 12:00:47.200,1.3469337765051688,-0.4906852527372212,-0.8652072583689612,0.714708751162044,guidance
2026-01-01 12:00:47.300,1.2914697719709873,-0.7324806649197038,-1.3865945361599208,0.6059241524432373,guidance
2026-01-01 12:00:47.400,0.9301703792857977,-0.6539415554387413,-1.3577300688709815,0.5175542351058525,guidance
2026-01-01 12:00:47.500,0.8148066064373377,-0.16382459390569737,-1.0997937356478316,0.3479704573506411,guidance
2026-01-01 12:00:47.600,0.94895360432543,0.5929592203690434,-0.843468092126882,-0.2666809555696073,guidance
2026-01-01 12:00:47.700,1.294634840226585,0.902155439325577,-0.7250593780450669,-1.012839766807907,guidance
2026-01-01 12:00:47.800,1.4588340168750311,1.0266084972680398,-0.9420961265938289,-1.4641348770326044,guidance
2026-01-01 12:00:47.900,1.0821391303188916,0.8538077845885412,-0.7798557434356836,-1.4136256634399258,guidance
2026-01-01 12:00:48.000,0.46972180074325937,0.6944869147645446,-0.2157148510255688,-1.0255381166314146,guidance
2026-01-01 12:00:48.100,0.13136717603804599,1.017911460447347,0.640414374309598,-0.4389821681182715,guidance
2026-01-01 12:00:48.200,0.17116104543684002,1.4529430673700692,1.1049545831838956,-0.3667765046642626,guidance
2026-01-01 12:00:48.300,0.3041640073456569,1.5291096967630957,1.2055451215047888,-0.4869032534715989,guidance
2026-01-01 12:00:48.400,0.2928807124822803,1.1010045130328143,0.9381008375980281,-0.10552016285603999,guidance
2026-01-01 12:00:48.500,-0.3158710689425178,0.4732699781288616,0.8844588095402738,0.5735311463047239,guidance
2026-01-01 12:00:48.600,-0.8874222933723966,-0.01555783275584642,0.9807252466817965,1.2295569462482123,guidance
2026-01-01 12:00:48.700,-1.0651808889028802,0.10020021250663605,1.1682632245613456,1.5555315862235517,guidance
2026-01-01 12:00:48.800,-1.0907856328938608,0.07584144127117072,1.099700027269599,1.3164593084113967,guidance
2026-01-01 12:00:48.900,-0.7713750761826803,-0.03887557171383927,0.4849459469773783,0.7355441812136438,guidance
2026-01-01 12:00:49.000,-0.766230147960459,-0.6183654494523423,-0.24697016159813262,0.2622633344240309,guidance
2026-01-01 12:00:49.100,-1.080605510623342,-1.1736649033481064,-0.7759599607225981,0.11486286381480948,guidance
2026-01-01 12:00:49.200,-1.43556768846701,-1.4635638438002903,-0.7762681554917507,0.059193391005615006,guidance
2026-01-01 12:00:49.300,-1.578150449332589,-1.2533627471746727,-0.6639821583405278,-0.24762678256509935,guidance
2026-01-01 12:00:49.400,-1.129526439185403,-0.8722416213132317,-0.7121493224537644,-0.7587897830236793,guidance
2026-01-01 12:00:49.500,-0.7386252386887996,-0.7853698440561165,-0.9945270531433777,-1.3620365676310835,guidance
2026-01-01 12:00:49.600,-0.4410679067121154,-0.9966343496975058,-1.4481508919640467,-1.6310750388007629,guidance
2026-01-01 12:00:49.700,-0.6162246900116496,-1.220089850701679,-1.3677507085194702,-1.2081335396222983,guidance
2026-01-01 12:00:49.800,-0.8027786737237183,-0.9804971796963884,-0.7396382186655333,-0.493182655682498,guidance
2026-01-01 12:00:49.900,-0.5842650306077883,-0.374403288615201,-0.04717643056316214,-0.05629459482940242,guidance
2026-01-01 12:00:50.000,0.0675653450609554,0.33676073895016184,0.4401785246834154,0.13899838148562088,guidance
2026-01-01 12:00:50.100,0.5309371149562939,0.6645268236631152,0.3216968054531754,-0.003552782227365464,guidance
2026-01-01 12:00:50.200,0.8485699940074937,0.4889562542652418,0.36735728639205295,0.4014713729662384,guidance
2026-01-01 12:00:50.300,0.5476195925559528,0.5259032230030609,0.632463682561541,1.0017907580092251,guidance
2026-01-01 12:00:50.400,0.5330288836076762,0.7234720139711316,1.0982761513789439,1.4900697257727975,guidance
2026-01-01 12:00:50.500,0.6859377159763069,1.144380789361191,1.5063576436329524,1.552870425171899,guidance
2026-01-01 12:00:50.600,1.1949407998480555,1.617946633862269,1.4557372810941747,0.9881568672289186,guidance
2026-01-01 12:00:50.700,1.4210975131804555,1.6062310112812455,0.9939311187628063,0.13741346867793963,guidance
2026-01-01 12:00:50.800,1.4847236038730496,0.9779740217026904,0.3571958545054823,-0.20469845054021346,guidance
2026-01-01 12:00:50.900,1.038246508072477,0.48965593062404905,0.044832684618159174,-0.21713888428906022,guidance
2026-01-01 12:00:51.000,0.7076597935322166,0.44003179237732837,0.13995020843460138,-0.3495930367434192,guidance
2026-01-01 12:00:51.100,0.7621811660858716,0.49958109114760774,0.013967530959302022,-0.612798479087008,guidance
2026-01-01 12:00:51.200,1.136669729283082,0.5901792693872164,-0.3683548687006829,-1.249525291628132,guidance
2026-01-01 12:00:51.300,1.1495081675937369,0.17489317874130475,-1.1411282207530282,-1.5636637824385287,guidance
2026-01-01 12:00:51.400,0.9096461800494761,-0.5030390945465534,-1.5037266574895376,-1.3705944425032506,guidance
2026-01-01 12:00:51.500,0.21435275047546398,-1.1246767799370858,-1.4171909633997435,-0.6287801649682535,guidance
2026-01-01 12:00:51.600,-0.20078450187107644,-1.2602110536988094,-1.1535717269592358,0.13068823074303118,guidance
2026-01-01 12:00:51.700,-0.34588255537652746,-0.8853125045796001,-0.5506776646678123,0.38335501056917787,guidance
2026-01-01 12:00:51.800,-0.19505474428746614,-0.7130361476591995,-0.47317351797534674,0.5111096918456178,guidance
2026-01-01 12:00:51.900,-0.1588157390414981,-0.9494762091758506,-0.5133657675078969,0.5557943314697821,guidance
2026-01-01 12:00:52.000,-0.5210218915155712,-1.2917831497704144,-0.4193531123340218,0.8560058492170232,guidance
2026-01-01 12:00:52.100,-0.9765597213261468,-1.4354555273375902,0.08897136803180133,1.3500660883554239,guidance
2026-01-01 12:00:52.200,-1.4626632365715972,-0.99450768207289,0.9231188071247954,1.4934944741557408,guidance
2026-01-01 12:00:52.300,-1.2851425432838586,-0.4071811143353915,1.3389889249751934,1.052310958564366,guidance
2026-01-01 12:00:52.400,-0.9460554264135491,0.18149629074687437,1.4721105091508044,0.34571934583121,guidance
2026-01-01 12:00:52.500,-0.7389910206266839,0.16620706455353043,1.1512762203707663,-0.4295539437124156,guidance
2026-01-01 12:00:52.600,-1.0547276736922477,0.11260151640759465,0.7506374031195043,-0.6807985610256946,guidance
2026-01-01 12:00:52.700,-1.4255446736537287,0.13184149350449964,0.6437868908850096,-0.6084423266462156,guidance
2026-01-01 12:00:52.800,-1.4760370411405939,0.6385713148762866,0.9183054327184308,-0.6828158737068514,guidance
2026-01-01 12:00:52.900,-1.0374479906654708,1.183070915366595,0.758812790604701,-0.9521079674513193,guidance
2026-01-01 12:00:53.000,-0.5312541756935828,1.4866172639370014,0.17173623203480157,-1.277696544922395,guidance
2026-01-01 12:00:53.100,-0.1535874992465513,1.374639064095943,-0.618665241390307,-1.261936075563773,guidance
2026-01-01 12:00:53.200,-0.18100239068832474,0.9147725312864213,-1.0940692146270028,-0.6664783403625029,guidance
2026-01-01 12:00:53.300,-0.27712527623470573,0.6260273460792855,-1.1068357850624173,0.13342103164881353,guidance
2026-01-01 12:00:53.400,-0.27957942211226383,0.8113293856338952,-0.9190373176608395,0.748132671826594,guidance
2026-01-01 12:00:53.500,0.2407073306519106,1.004343558961596,-0.7826499610498644,0.8811554211336937,guidance
2026-01-01 12:00:53.600,0.8893806434513841,0.8783665937875832,-1.022287474718012,0.8236838651160967,guidance
2026-01-01 12:00:53.700,1.1499431359722827,0.26273551428869923,-1.2087137020727354,0.7626482347773186,guidance
2026-01-01 12:00:53.800,0.9141874167546948,-0.3803777222459912,-1.0399635506714489,0.8483071233097756,guidance
2026-01-01 12:00:53.900,0.7247240405992089,-0.7806293225890079,-0.5797982720430184,1.240023565423467,guidance
2026-01-01 12:00:54.000,0.7540126122752873,-0.8279662745331153,0.33908134430785786,1.0973044913630874,guidance
2026-01-01 12:00:54.100,1.1247303240526514,-0.5360626525503062,0.7949403076945115,0.3238262531907728,guidance
2026-01-01 12:00:54.200,1.5811433138628315,-0.6747455016092672,0.7983697354246148,-0.4299955205272106,guidance
2026-01-01 12:00:54.300,1.6043543982875366,-1.0608183312934805,0.6425716013798454,-0.9320922203133858,guidance
2026-01-01 12:00:54.400,1.123673510406622,-1.4863259192870741,0.7016793789111814,-1.1016699189849013,guidance
2026-01-01 12:00:54.500,0.6864674062137712,-1.4916023845253723,1.1456267002349954,-0.8559724442913557,guidance
2026-01-01 12:00:54.600,0.4620615715479845,-1.0029606876354515,1.3614226154943503,-0.8227368625700655,guidance
2026-01-01 12:00:54.700,0.6014827821126582,-0.4786409292882793,1.3329119446522069,-1.0197541535744576,guidance
2026-01-01 12:00:54.800,0.7743041876622733,-0.1696405753367356,0.6817186359497565,-1.1750293334363644,guidance
2026-01-01 12:00:54.900,0.5234431661858766,-0.30076535120720077,0.04574145926146869,-0.8168408250180704,guidance
2026-01-01 12:00:55.000,-0.028059096731691328,-0.3628048493549869,-0.38025920583223216,-0.11572585379336975,guidance
2026-01-01 12:00:55.100,-0.6223916387626939,-0.11583835906255906,-0.40582880818707445,0.6459426069776544,guidance
2026-01-01 12:00:55.200,-0.7694599379131564,0.5129133600115893,-0.4094618538834263,1.2026039444462837,guidance
2026-01-01 12:00:55.300,-0.5988971364546141,1.1229613540431231,-0.5128144307076861,1.0494624999968558,guidance
2026-01-01 12:00:55.400,-0.449047827844272,1.3814089978193906,-1.2081872242733809,0.9161111202594606,guidance
2026-01-01 12:00:55.500,-0.6215815036130754,1.0520132825370019,-1.4903415723977507,0.7918715877818108,guidance
2026-01-01 12:00:55.600,-1.1170221145948767,0.7720607218999856,-1.4932718851228228,0.7968992008465576,guidance
2026-01-01 12:00:55.700,-1.513296395254447,0.8909566077725652,-0.8950446219922605,0.9454299542064233,guidance
2026-01-01 12:00:55.800,-1.5148481407899885,1.0951270097750267,-0.4217788934528049,0.47853434946088064,guidance
2026-01-01 12:00:55.900,-1.0809701542193737,1.2472321934525044,-0.03775410529854725,-0.3164064558106009,guidance
2026-01-01 12:00:56.000,-0.8173982779003345,1.0408351526479724,-0.10021616803333488,-1.138290622357394,guidance
2026-01-01 12:00:56.100,-0.7553021563818049,0.3520343851150693,0.012280766154780425,-1.327711873324723,guidance
2026-01-01 12:00:56.200,-1.0257008562524126,-0.22407664974604172,0.3283626149523419,-1.0777122663388685,guidance
2026-01-01 12:00:56.300,-1.189882860793567,-0.4737257042301611,1.0350421579673534,-0.8112657373659596,guidance
2026-01-01 12:00:56.400,-0.8973783838968278,-0.36397771629527376,1.5264265076353678,-0.6247910368360154,guidance
2026-01-01 12:00:56.500,-0.23300282709454603,-0.2791385998756074,1.4986171678779063,-0.8347527737686868,guidance
2026-01-01 12:00:56.600,0.20091364922748628,-0.6965649340216462,1.0276464294387564,-0.6226621377757051,guidance
2026-01-01 12:00:56.700,0.2695437535161097,-1.0726583540333599,0.6362809435803479,-0.1595474801585393,guidance
2026-01-01 12:00:56.800,0.08686803739420183,-1.544229218206168,0.42320152160117996,0.6375931912795935,guidance
2026-01-01 12:00:56.900,0.1386407241192469,-1.4429615501538564,0.5168270961512775,1.4278170851205383,guidance
2026-01-01 12:00:57.000,0.4151022131142973,-0.9563762040279353,0.32915768874911583,1.4742738159092421,guidance
2026-01-01 12:00:57.100,1.0516339905436802,-0.7075168056488556,-0.005411785899767443,1.0952937334764252,guidance
2026-01-01 12:00:57.200,1.4153250170426785,-0.6550494936918647,-0.9201609832706488,0.6666414130744286,guidance
2026-01-01 12:00:57.300,1.410801968558349,-0.8095563848788803,-1.3388800947628614,0.5657184705140438,guidance
2026-01-01 12:00:57.400,1.019817152491382,-0.6570614108257952,-1.340540765124378,0.5383289793849945,guidance
2026-01-01 12:00:57.500,0.8634471546566045,-0.14011904153225718,-1.1106897745161894,0.3209559392049604,guidance
2026-01-01 12:00:57.600,0.9862023660636419,0.4343785639467334,-0.7293418937677432,-0.14322427275171326,guidance
2026-01-01 12:00:57.700,1.2776112362873733,0.9627999048433024,-0.8361038053187542,-0.9186318348733414,guidance
2026-01-01 12:00:57.800,1.4612388079915541,0.9571289573511532,-0.8534012097955148,-1.476059349158134,guidance
2026-01-01 12:00:57.900,0.9230460173822091,0.7630867830019458,-0.7314005221492729,-1.4412430472423807,guidance
2026-01-01 12:00:58.000,0.3846731747570379,0.8178760761181998,-0.21072816588919263,-0.9511406139833445,guidance
2026-01-01 12:00:58.100,0.11841875345715133,0.9915297811509061,0.5085069550716919,-0.5161365265745406,guidance
2026-01-01 12:00:58.200,0.15997737711915577,1.4077889001137356,1.0769184687621929,-0.4368685380324656,guidance
2026-01-01 12:00:58.300,0.3290670191927804,1.4527610846112249,1.111594640565042,-0.36969016907119917,guidance
2026-01-01 12:00:58.400,0.24992786764783165,1.0472124259441211,0.7500621565841751,-0.14792576305796235,guidance
2026-01-01 12:00:58.500,-0.21843264297846493,0.397710151945126,0.797600737942592,0.5078477522289301,guidance
2026-01-01 12:00:58.600,-0.8984872901245577,0.07271022043222465,0.9313269512329837,1.2650611604697375,guidance
2026-01-01 12:00:58.700,-1.1623221550321723,0.025829792873664374,1.2639207576656677,1.5790295828130314,guidance
2026-01-01 12:00:58.800,-1.021304961748699,0.1562025561031269,0.9877412524737413,1.4109836968807985,guidance
2026-01-01 12:00:58.900,-0.807585326165813,-0.052527882505454024,0.5911878220238074,0.7212832836594788,guidance
2026-01-01 12:00:59.000,-0.8075090769099658,-0.6099928681755407,-0.3110321028951006,0.2963227525866764,guidance
2026-01-01 12:00:59.100,-1.1175944134639155,-1.1736312517077256,-0.7072770625993705,0.10221355426283496,guidance
2026-01-01 12:00:59.200,-1.4832701701482207,-1.3975470447856015,-0.7812565179084705,0.15211248813135061,guidance
2026-01-01 12:00:59.300,-1.578744619127807,-1.2426300990923655,-0.6611790229325365,-0.22641893877374855,guidance
2026-01-01 12:00:59.400,-1.1721341197648885,-0.8667794337518501,-0.7073288177181092,-0.7801262066113902,guidance
2026-01-01 12:00:59.500,-0.5633149640401452,-0.836225658173319,-1.0909781972431591,-1.528105099673529,guidance
2026-01-01 12:00:59.600,-0.4280699104950864,-0.9027902033761737,-1.382767675199862,-1.6336265694103564,guidance
2026-01-01 12:00:59.700,-0.6564570003844109,-1.131447673456551,-1.29448799470991,-1.1151063971942892,guidance
2026-01-01 12:00:59.800,-0.7910271123918952,-1.0059254746735413,-0.7966398289571206,-0.4677343585861303,guidance
2026-01-01 12:00:59.900,-0.6188487028667984,-0.3916039161516369,-0.06372930915719792,-0.09572817502935745,guidance
2026-01-01 12:01:00.000,0.09994175475029957,0.3478539865827832,0.3355009544024459,0.07292101932274082,guidance
2026-01-01 12:01:00.100,0.5157785780140701,0.6998475706649062,0.4285881065235055,0.24556907267954714,guidance
2026-01-01 12:01:00.200,0.7451793240081488,0.5792047666252584,0.3515740392122476,0.5644788320346462,guidance
2026-01-01 12:01:00.300,0.6308346699997458,0.4930299477517701,0.5174975271636972,1.1738118323870625,guidance
2026-01-01 12:01:00.400,0.49633977272603796,0.694336247831592,1.1350276718634786,1.5336322959776465,guidance
2026-01-01 12:01:00.500,0.624127034887219,1.1120808372236484,1.5766630384945777,1.4769408095473138,guidance
2026-01-01 12:01:00.600,1.1514860864903202,1.6362515978064085,1.441252978273862,0.9197004607107185,guidance
2026-01-01 12:01:00.700,1.6136652243955245,1.4282575434738556,0.9924648093987564,0.18156057018204888,guidance
2026-01-01 12:01:00.800,1.5052294602863006,1.0775223315343427,0.40145188320064484,-0.12505246594298897,guidance
2026-01-01 12:01:00.900,1.1201413386829548,0.478582551069689,0.1668789515276198,-0.2910785413779306,guidance
2026-01-01 12:01:01.000,0.7383821587070468,0.3555068791502854,0.019253026580254125,-0.3827530776345074,guidance
2026-01-01 12:01:01.100,0.7882925768635047,0.4459832387390012,0.006672588146441734,-0.7533750067750768,guidance
2026-01-01 12:01:01.200,1.0259423460466779,0.5565307474360542,-0.40483916602614073,-1.2445336253251063,guidance
2026-01-01 12:01:01.300,1.158122538127086,0.06909345661047364,-1.0584556759430348,-1.6142675701120401,guidance
2026-01-01 12:01:01.400,0.7819824604787234,-0.6080768629404126,-1.5296754080127668,-1.3048261473874825,guidance
2026-01-01 12:01:01.500,0.2893603975141476,-1.0676221543391495,-1.585420355049541,-0.6834395956124433,guidance
2026-01-01 12:01:01.600,-0.2883194335718159,-1.2315642418912212,-1.074360252556593,0.00504334461299473,guidance
2026-01-01 12:01:01.700,-0.29729469169597345,-0.9867805184205509,-0.5882807502032714,0.376637870509809,guidance
2026-01-01 12:01:01.800,-0.1495858890887555,-0.6992340556218372,-0.4241258863606666,0.5475238495129703,guidance
2026-01-01 12:01:01.900,-0.10157853109538147,-0.9265001150516134,-0.4420493747300904,0.476060242268619,guidance
2026-01-01 12:01:02.000,-0.5301153787801547,-1.2161673436792528,-0.33234976172955116,0.870194442349354,guidance
2026-01-01 12:01:02.100,-1.0163738287834991,-1.3418889389421413,0.09189630618278032,1.256970549271371,guidance
2026-01-01 12:01:02.200,-1.4675683793423606,-1.0256785601026726,0.8334386941687436,1.4836346010675407,guidance
2026-01-01 12:01:02.300,-1.319607692114782,-0.464504996055943,1.4965125323709239,1.0542359376275365,guidance
2026-01-01 12:01:02.400,-1.0423398572460698,0.06978138968171609,1.3430543820025675,0.3301070010708037,guidance
2026-01-01 12:01:02.500,-0.8230095912071863,0.21030212499276685,1.0408375760352542,-0.38093806985494166,guidance
2026-01-01 12:01:02.600,-1.0478632946126396,0.255349691237973,0.6324589301568918,-0.6791665120470133,guidance
2026-01-01 12:01:02.700,-1.3384937406972353,0.18651912220096858,0.7288894872142924,-0.6153947470532096,guidance
2026-01-01 12:01:02.800,-1.421435306621534,0.7275616169288006,0.8436213935422778,-0.6340935500065614,guidance
2026-01-01 12:01:02.900,-1.029597643864527,1.3064698670912478,0.6797504552645379,-0.9880624938850211,guidance
2026-01-01 12:01:03.000,-0.5158040825058703,1.5782341688017432,0.11468432846414454,-1.2919975025978245,guidance
2026-01-01 12:01:03.100,-0.12038284947206135,1.3746172721916874,-0.5841792899217623,-1.3905406113779661,guidance
2026-01-01 12:01:03.200,-0.120228933901941,0.9259561126969156,-1.1418959206724844,-0.782177963006932,guidance
2026-01-01 12:01:03.300,-0.4001242967039532,0.6729380287009276,-1.1692779410533967,0.03647072934628408,guidance
2026-01-01 12:01:03.400,-0.23394261958055623,0.8332405428134136,-0.891644149502943,0.7120075435716545,guidance
2026-01-01 12:01:03.500,0.3629731557486903,0.9067938252201978,-0.7601831347105081,0.8254371751243177,guidance
2026-01-01 12:01:03.600,0.8019352858788744,0.6567320148746831,-0.937155899066198,0.8266430334057041,guidance
2026-01-01 12:01:03.700,1.1645109086865881,0.23148747720628773,-1.2135171554256257,0.8299002916111051,guidance
2026-01-01 12:01:03.800,1.0757064487463195,-0.40211398535245885,-1.0304411852490583,1.1111136246317619,guidance
2026-01-01 12:01:03.900,0.748009367775018,-0.7985835929049265,-0.44767314144964077,1.3151846837950716,guidance
2026-01-01 12:01:04.000,0.7862452513325493,-0.837840305276536,0.2308679804038021,1.061917565845163,guidance
2026-01-01 12:01:04.100,1.1825711905676985,-0.6607090954034365,0.8449290331258478,0.4429463371625409,guidance
2026-01-01 12:01:04.200,1.4368950761567074,-0.7966799842050403,0.8369220325182924,-0.36749964988187356,guidance
2026-01-01 12:01:04.300,1.5750205501837795,-1.1184222859823914,0.6258308235385966,-0.9221857343956132,guidance
2026-01-01 12:01:04.400,1.1891267955202713,-1.5641115532877505,0.7967059764145877,-1.0100808636074032,guidance
2026-01-01 12:01:04.500,0.6600572695256238,-1.489806080280527,1.1072521264161972,-0.8516712760037961,guidance
2026-01-01 12:01:04.600,0.4877517101891777,-1.0584606756379797,1.4658579041975222,-0.7958780181456205,guidance
2026-01-01 12:01:04.700,0.6393311915173763,-0.48396231868982725,1.3806790124984334,-1.0059337722354895,guidance
2026-01-01 12:01:04.800,0.7078741037420337,-0.2139946115834445,0.8224588377115132,-1.1776632909402103,guidance
2026-01-01 12:01:04.900,0.4990103736569331,-0.2493967633792127,0.023384898416993743,-0.8508782324991039,guidance
2026-01-01 12:01:05.000,-0.07177685249107799,-0.3671813441216307,-0.44205127225369223,-0.08441045544327497,guidance
2026-01-01 12:01:05.100,-0.5330888699218426,-0.07147940837041844,-0.3601555121505063,0.718303099764241,guidance
2026-01-01 12:01:05.200,-0.7677602377331953,0.6260106285434965,-0.331711139762553,1.2125941350626868,guidance
2026-01-01 12:01:05.300,-0.6847675546063168,1.1088533077997995,-0.6180126054621734,1.1389589732800924,guidance
2026-01-01 12:01:05.400,-0.5519301079176376,1.3616418695418926,-1.1080676304702788,0.9205007050354017,guidance
2026-01-01 12:01:05.500,-0.6128470046941206,1.158285715927329,-1.5648363603247044,0.7935357109387949,guidance
2026-01-01 12:01:05.600,-1.0583537342043194,0.9264606999968374,-1.5640353311654167,0.9020874540665764,guidance
2026-01-01 12:01:05.700,-1.5422033199850782,0.9140473183315708,-0.9279508573321521,0.9254612231816541,guidance
2026-01-01 12:01:05.800,-1.5288983205096442,1.017312074936048,-0.35337815076603624,0.4163933391065406,guidance
2026-01-01 12:01:05.900,-1.0583828047039063,1.3213456108214754,0.03473350290488969,-0.3595950395216856,guidance
2026-01-01 12:01:06.000,-0.7334236185002767,0.9553862826405652,-0.0704978868678276,-0.9893261581663014,guidance
2026-01-01 12:01:06.100,-0.7872463423352488,0.33090109186126593,0.04219901988809322,-1.2892008616627841,guidance
2026-01-01 12:01:06.200,-0.9632996083776584,-0.1933827875430572,0.41138650220707157,-1.189291480523585,guidance
2026-01-01 12:01:06.300,-1.157810622467815,-0.4021745118758409,1.0790606705793453,-0.7757896333427765,guidance
2026-01-01 12:01:06.400,-0.8231587574965178,-0.3107913785454724,1.544372075922654,-0.7418571185374524,guidance
2026-01-01 12:01:06.500,-0.14654917472453638,-0.3400515798111878,1.4529323516309156,-0.7574495490642656,guidance
2026-01-01 12:01:06.600,0.2675025689360491,-0.6447711804328107,0.982328423100302,-0.6801798442343298,guidance
2026-01-01 12:01:06.700,0.28976470238070656,-1.2568650908285848,0.6329045372975114,-0.13371729399457916,guidance
2026-01-01 12:01:06.800,0.21106957033268814,-1.5267096785064003,0.4754763441939325,0.7032580083971672,guidance
2026-01-01 12:01:06.900,0.09361211501713745,-1.506289683366306,0.48323413832590073,1.3160233646044321,guidance
2026-01-01 12:01:07.000,0.4419517279782092,-1.0460281607321442,0.39020421207092265,1.41837727516661,guidance
2026-01-01 12:01:07.100,1.0210947526253515,-0.7246882439521082,-0.07768218122512904,1.0081794643263515,guidance
2026-01-01 12:01:07.200,1.4007354519893873,-0.6483626873122726,-0.8738759393545803,0.6660663627665413,guidance
2026-01-01 12:01:07.300,1.2648632436117444,-0.7782099000987496,-1.3529170539870838,0.6062335046848085,guidance
2026-01-01 12:01:07.400,1.0263278361585129,-0.6869580240743549,-1.3889852820468973,0.6063513412731756,guidance
2026-01-01 12:01:07.500,0.7432857241869403,-0.22763263139308013,-1.0785230172639297,0.40022986902134444,guidance
2026-01-01 12:01:07.600,1.04458228454653,0.515175036953213,-0.7406499725842127,-0.24932210866375987,guidance
2026-01-01 12:01:07.700,1.3370966132404887,1.0311151989211955,-0.8331467053940307,-0.9815576627753085,guidance
2026-01-01 12:01:07.800,1.3489845513739938,1.0122997576354418,-0.7753870720825123,-1.459936237244602,guidance
2026-01-01 12:01:07.900,1.0330203341483164,0.8261319567288764,-0.7457258418987942,-1.3978544331886493,guidance
2026-01-01 12:01:08.000,0.47707739350882594,0.7517814570027567,-0.23470352876497572,-0.8965156723920589,guidance
2026-01-01 12:01:08.100,0.09876462317621701,0.8858397085110722,0.5436874389524006,-0.5179056247663453,guidance
2026-01-01 12:01:08.200,0.16274076485946945,1.44845151446652,1.2465172406531693,-0.32629295688219484,guidance
2026-01-01 12:01:08.300,0.2947896367719809,1.571030886145094,1.165374741553979,-0.4196486833582371,guidance
2026-01-01 12:01:08.400,0.2551709489191734,1.1978121338591754,0.8837650686499456,-0.06257275420000677,guidance
2026-01-01 12:01:08.500,-0.24817497048889675,0.4192969895102765,0.7074306100898669,0.5040573284279306,guidance
2026-01-01 12:01:08.600,-0.8759217389069293,0.08189058045709324,0.9727711782807499,1.2403429523409997,guidance
2026-01-01 12:01:08.700,-1.0311566058547454,0.0668634520655154,1.1091619494238352,1.5689606411019865,guidance
2026-01-01 12:01:08.800,-1.021423494214963,0.043983393920237354,1.132432374606413,1.326255783564889,guidance
2026-01-01 12:01:08.900,-0.7201395648975696,0.06003447023528115,0.4396657671942039,0.8407832229132476,guidance
2026-01-01 12:01:09.000,-0.7689000521717976,-0.5616098091247899,-0.2638286399573594,0.31632351367497374,guidance
2026-01-01 12:01:09.100,-1.1831645829239938,-1.1712522480660756,-0.6695380655625045,0.19790737310590237,guidance
2026-01-01 12:01:09.200,-1.5649139459752104,-1.393132463931388,-0.7880398098684288,0.17071658961816327,guidance
2026-01-01 12:01:09.300,-1.6223982142803077,-1.340404630263637,-0.6846864070655563,-0.2086207485741159,guidance
2026-01-01 12:01:09.400,-1.1151448994813578,-0.8718641939318791,-0.7139869655012164,-0.7403477214263312,guidance
2026-01-01 12:01:09.500,-0.7437711813771248,-0.7154227304079448,-1.1293761378369902,-1.4725669125305338,guidance
2026-01-01 12:01:09.600,-0.4268031488500958,-0.9449245113507205,-1.461074486796862,-1.4811659110030495,guidance
2026-01-01 12:01:09.700,-0.6802293465747958,-1.099659724546429,-1.3694896561001773,-1.1312727525254522,guidance
2026-01-01 12:01:09.800,-0.7936524578193567,-0.8837407231929274,-0.7265184248120333,-0.5720474471188489,guidance
2026-01-01 12:01:09.900,-0.5930912908305536,-0.3369038625761112,-0.08104351986937097,-0.03364615905618967,guidance
2026-01-01 12:01:10.000,0.05496241202502755,0.4077189755353513,0.3594545229052699,0.02714916946728883,guidance
2026-01-01 12:01:10.100,0.4841467574870907,0.6273903195501512,0.41260351891004243,0.21094450379786966,guidance
2026-01-01 12:01:10.200,0.8257676894276821,0.6387347659259062,0.3816304832552965,0.3696479645864271,guidance
2026-01-01 12:01:10.300,0.5405898835295209,0.499855118497785,0.646667001160961,1.0518133141782224,guidance
2026-01-01 12:01:10.400,0.48613753476307303,0.6405929955321913,1.1007904354624645,1.5279408265644603,guidance
2026-01-01 12:01:10.500,0.7037809443524922,1.1353865611863205,1.5279365063802834,1.4607996516985917,guidance
2026-01-01 12:01:10.600,1.1422749117957285,1.5419794695691789,1.5156208239367486,0.900628735526639,guidance
2026-01-01 12:01:10.700,1.4674588641748962,1.5269712010219405,0.9732655482318147,0.1924131294550686,guidance
2026-01-01 12:01:10.800,1.5760158332487388,1.0248389892097574,0.308624644333893,-0.24531321024485261,guidance
2026-01-01 12:01:10.900,1.1315016427010034,0.534266312767875,0.1674875904328667,-0.2848946419528448,guidance
2026-01-01 12:01:11.000,0.7720512060922912,0.4491366217232035,0.043921296391336025,-0.3886948650459518,guidance
2026-01-01 12:01:11.100,0.7440579866680699,0.5004629455867354,-0.09985250096046577,-0.7332416909189541,guidance
2026-01-01 12:01:11.200,1.0944279685285667,0.5295405962325893,-0.42054786607742106,-1.2668764118167557,guidance
2026-01-01 12:01:11.300,1.1417544450738084,0.11280923026521214,-1.02193606495673,-1.6266989492704849,guidance
2026-01-01 12:01:11.400,0.9130847807642943,-0.5632098525814528,-1.6100594474396035,-1.219337377051583,guidance
2026-01-01 12:01:11.500,0.2870394346277533,-1.1216712847314836,-1.519527424451282,-0.6087910952599358,guidance
2026-01-01 12:01:11.600,-0.22992277630952151,-1.2145593318908978,-1.0180647939219052,0.20392119571486708,guidance
2026-01-01 12:01:11.700,-0.3157673267576542,-0.9799671538453644,-0.5605816370087301,0.44349434634024393,guidance
2026-01-01 12:01:11.800,-0.025063104033993616,-0.6965492052415657,-0.3323436959347462,0.5066673372949481,guidance
2026-01-01 12:01:11.900,-0.09199818049889943,-0.9361921159395413,-0.43274506798346574,0.6157951766899978,guidance
2026-01-01 12:01:12.000,-0.45119065563494287,-1.2494613754847281,-0.4062158450700806,0.8958096648797381,guidance
2026-01-01 12:01:12.100,-1.0217423715612577,-1.3753317564246808,0.1993898670537327,1.3946114589902527,guidance
2026-01-01 12:01:12.200,-1.5045171911037154,-1.044926713071716,0.8258801355162712,1.4588804278730338,guidance
2026-01-01 12:01:12.300,-1.4053219360876807,-0.29349245908786625,1.3995097707786972,1.021497206706156,guidance
2026-01-01 12:01:12.400,-1.106780251748368,0.17326496495353771,1.3399573433204504,0.3726904213803185,guidance
2026-01-01 12:01:12.500,-0.6878524875847616,0.2513603100408177,1.0153326625625105,-0.4664387253178248,guidance
2026-01-01 12:01:12.600,-1.0520449096681423,0.09269314446260155,0.6874125210430159,-0.7628173222473338,guidance
2026-01-01 12:01:12.700,-1.2513102898010242,0.2138605012326077,0.7218719407452452,-0.7391723071873438,guidance
2026-01-01 12:01:12.800,-1.3590417539144248,0.6454104498962894,0.8526943701132608,-0.6501236577644459,guidance
2026-01-01 12:01:12.900,-1.1197666378432356,1.1808584106422115,0.7694141868608468,-1.0444057361514798,guidance
2026-01-01 12:01:13.000,-0.5630122094715876,1.5880040475947028,0.2009499249914764,-1.3746269418017556,guidance
2026-01-01 12:01:13.100,-0.08591588636615109,1.3115723042634932,-0.5785944270263337,-1.4348750879420638,guidance
2026-01-01 12:01:13.200,-0.20812947557446873,0.9321687767612525,-1.0842216100185136,-0.8979331470476593,guidance
2026-01-01 12:01:13.300,-0.320772687828493,0.6729595696124333,-1.0692504723193204,0.01661292669972895,guidance
2026-01-01 12:01:13.400,-0.20946688095428492,0.7818414926875379,-0.8690000721410819,0.6699974995339147,guidance
2026-01-01 12:01:13.500,0.24008224700281044,0.9673003817450998,-0.8231156470155919,0.9555774579850227,guidance
2026-01-01 12:01:13.600,0.866822532790728,0.8539337684576848,-1.0998542008929804,0.7744614988572243,guidance
2026-01-01 12:01:13.700,1.1973352440348195,0.28233599710769475,-1.2290097182094246,0.802368124834258,guidance
2026-01-01 12:01:13.800,0.9979017543074654,-0.4311876325586021,-1.1196054083644709,1.008768665281049,guidance
2026-01-01 12:01:13.900,0.7762314160662562,-0.7774620486175969,-0.4176897032297378,1.264414718964791,guidance
2026-01-01 12:01:14.000,0.7516428994637476,-0.8579264309001278,0.2318165341359402,1.1269751431883939,guidance
2026-01-01 12:01:14.100,1.1579125758640674,-0.7233147625882753,0.7963511241783591,0.45448602279744577,guidance
2026-01-01 12:01:14.200,1.5611751556354796,-0.6380369918545812,0.8777723650586321,-0.4132363177507071,guidance
2026-01-01 12:01:14.300,1.4973538246849012,-1.0321495881540694,0.6938742494553772,-0.9354578666930999,guidance
2026-01-01 12:01:14.400,1.1793896455325135,-1.4301714084614126,0.7610219013738522,-0.9989488438500661,guidance
2026-01-01 12:01:14.500,0.6821949453128114,-1.4752516192657024,1.0914011146136438,-0.8717568227209938,guidance
2026-01-01 12:01:14.600,0.4403707624258783,-0.9370671001360276,1.5073043299668527,-0.8499839294202148,guidance
2026-01-01 12:01:14.700,0.6132036238717158,-0.5286371098051555,1.4144890278060354,-1.0439195655895874,guidance
2026-01-01 12:01:14.800,0.8078115731210349,-0.20110782714769918,0.7952243732763039,-1.0588792407659136,guidance
2026-01-01 12:01:14.900,0.6149610086315624,-0.26646185128604466,0.006192290020986285,-0.8666165358974632,guidance
2026-01-01 12:01:15.000,-0.05619628068123819,-0.3345906413330176,-0.29779607057454427,-0.11545184984007094,guidance
2026-01-01 12:01:15.100,-0.5294869827997543,-0.058164477588301865,-0.44021279609566905,0.7874318816579754,guidance
2026-01-01 12:01:15.200,-0.8157635593419946,0.5742705953380725,-0.319503229803276,1.1832270001124006,guidance
2026-01-01 12:01:15.300,-0.6115477947741452,1.1031784517008587,-0.6455639707882244,1.175141839398313,guidance
2026-01-01 12:01:15.400,-0.4676301365421758,1.3219216698394551,-1.1051089003901557,0.8492905819205359,guidance
2026-01-01 12:01:15.500,-0.6317968654398125,1.029367690437068,-1.562532491961991,0.7516087183955537,guidance
2026-01-01 12:01:15.600,-1.2189262840818447,0.8753481323629964,-1.5093272745176498,0.9261001336704902,guidance
2026-01-01 12:01:15.700,-1.5469738439060297,0.761347845738752,-0.8842302027968085,0.9366571012480613,guidance
2026-01-01 12:01:15.800,-1.5882282405246777,1.115991896195742,-0.3098772041801177,0.5599474899876187,guidance
2026-01-01 12:01:15.900,-1.2137720172453053,1.3685910605274978,0.017395832676388737,-0.2691515832675543,guidance
2026-01-01 12:01:16.000,-0.7678403416178241,0.9652164869636606,-0.011795161265394268,-1.0829452823253594,guidance
2026-01-01 12:01:16.100,-0.7673640351977699,0.3553253727294467,-0.06278722114002835,-1.27124851582494,guidance
2026-01-01 12:01:16.200,-1.0714551125422822,-0.209635534206269,0.5076075876617947,-1.073426013500214,guidance
2026-01-01 12:01:16.300,-1.1479116729687273,-0.3510595312256809,1.0262653455066821,-0.8268698695367463,guidance
2026-01-01 12:01:16.400,-0.8800130565094774,-0.33056880007198963,1.4699876185323817,-0.7739279103109252,guidance
2026-01-01 12:01:16.500,-0.2523982992791201,-0.30636674698574096,1.5680425200029708,-0.7086427799339359,guidance
2026-01-01 12:01:16.600,0.18019199597409774,-0.6515530346330616,1.0321587446318783,-0.7590900240870017,guidance
2026-01-01 12:01:16.700,0.28783851238514135,-1.2711398989004254,0.5625307286060339,-0.1586545688275884,guidance
2026-01-01 12:01:16.800,0.1475707906849876,-1.5183541547111923,0.33497021013740746,0.7424266223359396,guidance
2026-01-01 12:01:16.900,0.13047701795144007,-1.4435076402166644,0.413604472936973,1.2744214729723962,guidance
2026-01-01 12:01:17.000,0.5191986976684454,-0.987425593622915,0.5006748379700312,1.4485922340163269,guidance
2026-01-01 12:01:17.100,1.1049230230497424,-0.6139804886574224,-0.07595545326761083,1.106881755631706,guidance
2026-01-01 12:01:17.200,1.4544207957475577,-0.6464415322174752,-0.8496039895116343,0.6853034489482269,guidance
2026-01-01 12:01:17.300,1.3369421234450527,-0.703063004283347,-1.2606714306385778,0.5806471927397839,guidance
2026-01-01 12:01:17.400,0.9662722227701124,-0.6744667929178836,-1.3639996255679694,0.611365732604879,guidance
2026-01-01 12:01:17.500,0.745006701174683,-0.19035489288775792,-1.096380441788139,0.38031723878228973,guidance
2026-01-01 12:01:17.600,0.9495015770259142,0.47287130997262583,-0.6459235626129631,-0.28716521052954924,guidance
2026-01-01 12:01:17.700,1.2661951410047307,0.9658889897122654,-0.7649256801781261,-0.9660698124012208,guidance
2026-01-01 12:01:17.800,1.3904231660870756,1.0015162409528588,-0.9184471339951132,-1.5507544066069063,guidance
2026-01-01 12:01:17.900,0.9407207562539848,0.8424202515778357,-0.859474316978277,-1.4432666815207258,guidance
2026-01-01 12:01:18.000,0.45154190552560863,0.7714622395173507,-0.18398860499069203,-0.9572510683066626,guidance
2026-01-01 12:01:18.100,0.06873066442064943,1.1276309757051943,0.5854857325255803,-0.5357488826745666,guidance
2026-01-01 12:01:18.200,0.11438661750070547,1.445319251763245,1.1218390336683095,-0.4052302926524679,guidance
2026-01-01 12:01:18.300,0.3273901165679088,1.501028987543902,1.0550596280482465,-0.3791718577307271,guidance
2026-01-01 12:01:18.400,0.3131670309757093,1.1003695783461585,0.9144841878334768,-0.08439434339069808,guidance
2026-01-01 12:01:18.500,-0.2599569429426321,0.4540423542554365,0.7979781709687621,0.544531112915223,guidance
2026-01-01 12:01:18.600,-0.8645397235084981,0.07114346307654709,0.9647356936085708,1.2435433414444914,guidance
2026-01-01 12:01:18.700,-1.1480195092981171,0.00015946195984839484,1.1844173812135934,1.7193194573567498,guidance
2026-01-01 12:01:18.800,-1.0641058130176377,0.18275994372265808,1.0746996980151848,1.3247161965135725,guidance
2026-01-01 12:01:18.900,-0.777127814446649,0.00441255634151963,0.43651281935248926,0.7431485608477488,guidance
2026-01-01 12:01:19.000,-0.7724698248479407,-0.5982267187413403,-0.2224231280163703,0.25265598602722916,guidance
2026-01-01 12:01:19.100,-1.0940006413803889,-1.1858859672393476,-0.6933492286260774,0.12630645145896127,guidance
2026-01-01 12:01:19.200,-1.4722279316952704,-1.4536880194758286,-0.8267051430684678,0.08363749881446686,guidance
2026-01-01 12:01:19.300,-1.5324247886168565,-1.3120973192275776,-0.7431857231811357,-0.12075178618384921,guidance
2026-01-01 12:01:19.400,-1.098169636414555,-0.8346803756246146,-0.7815127689142375,-0.7737964658937693,guidance
2026-01-01 12:01:19.500,-0.7546813509531773,-0.7666043073952827,-1.0209651981357484,-1.4640405378347925,guidance
2026-01-01 12:01:19.600,-0.485793598908598,-0.8951877095984819,-1.5084438434863463,-1.58048884153137,guidance
2026-01-01 12:01:19.700,-0.5622970370425472,-1.084217344295417,-1.270274136326307,-1.1740972576080593,guidance
2026-01-01 12:01:19.800,-0.8250438558214801,-0.8952164624598752,-0.7841462723173066,-0.4922707870181714,guidance
2026-01-01 12:01:19.900,-0.5965052964558127,-0.28851708658937153,-0.029409056401862713,-0.05508032430831136,guidance
2026-01-01 12:01:20.000,0.05490689741625149,0.352755769214994,0.3646401266578933,-0.05392740542019015,guidance
2026-01-01 12:01:20.100,0.6055566759766573,0.6473911786609444,0.4784068596701348,0.11025662024751297,guidance
2026-01-01 12:01:20.200,0.8579514204694828,0.6263366340609019,0.4679494712820044,0.460978243849635,guidance
2026-01-01 12:01:20.300,0.649553270740138,0.5098067105346007,0.5681960000203498,1.1339538346747111,guidance
2026-01-01 12:01:20.400,0.4289058322814888,0.7547193200066771,1.1198134661851318,1.4859190227426848,guidance
2026-01-01 12:01:20.500,0.6518299472496817,1.184534384973989,1.578836010679024,1.5350264399559415,guidance
2026-01-01 12:01:20.600,1.1889262477215277,1.6090671834932708,1.5255933564364417,0.9909918476939739,guidance
2026-01-01 12:01:20.700,1.6420780859975923,1.5146232023894244,0.9912814550198746,0.21703955657971538,guidance
2026-01-01 12:01:20.800,1.5475023645925658,1.0189158804407243,0.29196554026445376,-0.15716901126964236,guidance
2026-01-01 12:01:20.900,1.087972502332211,0.5681471596217956,0.06353533808101457,-0.297960931156763,guidance
2026-01-01 12:01:21.000,0.7939593830937401,0.4443782395899979,0.06412223045134968,-0.3516152650628713,guidance
2026-01-01 12:01:21.100,0.8118752040497152,0.4404398484137673,-0.02059812511874585,-0.7020885775118951,guidance
2026-01-01 12:01:21.200,1.0870221648063692,0.48915137130505826,-0.46022991507106353,-1.2368702896319417,guidance
2026-01-01 12:01:21.300,1.0815666189394582,0.211120579061081,-1.0271420686998178,-1.5328407608186112,guidance
2026-01-01 12:01:21.400,0.8976043234333024,-0.5229098185557367,-1.5333182625479458,-1.3518844554760725,guidance
2026-01-01 12:01:21.500,0.2901913809511768,-1.1294889877077179,-1.4213816643714243,-0.6471697872796559,guidance
2026-01-01 12:01:21.600,-0.19375940399085836,-1.145975056829909,-1.0930564821622664,0.11481692765506554,guidance
2026-01-01 12:01:21.700,-0.3528442294965727,-0.950480661686816,-0.555355463177386,0.41646672787374694,guidance
2026-01-01 12:01:21.800,-0.14770582734365909,-0.7792211615580337,-0.3829506443029056,0.47610444513249556,guidance
2026-01-01 12:01:21.900,-0.13589982483692958,-0.9373293142502659,-0.4816524138481261,0.450329500790317,guidance
2026-01-01 12:01:22.000,-0.4062037838188409,-1.2043693308699275,-0.3763693442825534,0.7931239651649992,guidance
2026-01-01 12:01:22.100,-1.1305916122668802,-1.4451895990280312,0.10051128441810508,1.3418181299638645,guidance
2026-01-01 12:01:22.200,-1.4439864129314672,-1.0283556196202441,0.8278300469120617,1.4885669591356752,guidance
2026-01-01 12:01:22.300,-1.3015055514217535,-0.3971466189618883,1.3497109155306353,1.0759426314934268,guidance
2026-01-01 12:01:22.400,-1.0715782446446238,0.1221626752230341,1.3595284395768983,0.31740489446457415,guidance
2026-01-01 12:01:22.500,-0.818507515273882,0.21437830803577143,1.0663203644610004,-0.3708389577005603,guidance
2026-01-01 12:01:22.600,-1.0459292060542125,0.12293294133555127,0.7786744189419894,-0.6463038752922733,guidance
2026-01-01 12:01:22.700,-1.2723285005994667,0.21912345765499866,0.7796475990742259,-0.6390734728396111,guidance
2026-01-01 12:01:22.800,-1.3660552831014816,0.6084248864025492,0.8670012958697999,-0.6863318242346214,guidance
2026-01-01 12:01:22.900,-1.0863905424457092,1.177764989215146,0.6790655252645135,-0.9401782071325325,guidance
2026-01-01 12:01:23.000,-0.47307737870504124,1.5384822648652627,0.24918029626757793,-1.3474047133046063,guidance
2026-01-01 12:01:23.100,-0.1854627111873075,1.3209119939987752,-0.5640800101056808,-1.2584643072053054,guidance
2026-01-01 12:01:23.200,-0.1298232392854311,1.069179197792482,-1.1802527983955087,-0.6826575332069297,guidance
2026-01-01 12:01:23.300,-0.33411478910185094,0.6879221277764556,-1.1474397970370798,0.036605127477246494,guidance
2026-01-01 12:01:23.400,-0.21033841135274708,0.721078031755312,-0.9358112385332864,0.6542247516458692,guidance
2026-01-01 12:01:23.500,0.2615143953429448,0.9444482656603778,-0.800560648960791,0.8983771066831648,guidance
2026-01-01 12:01:23.600,0.9148889672884118,0.8702245527605895,-0.9889998878944829,0.7611892953993957,guidance
2026-01-01 12:01:23.700,1.138130583130739,0.19184804382576062,-1.2658180193358968,0.8070362948943041,guidance
2026-01-01 12:01:23.800,1.0213119616297643,-0.38219855065254443,-1.1015977283635339,0.9749114867169111,guidance
2026-01-01 12:01:23.900,0.7732652726431914,-0.8567733234429706,-0.5073203032165488,1.2570848521231177,guidance
2026-01-01 12:01:24.000,0.7695607934149161,-0.8582917289455643,0.1857449326903417,1.0902397448309078,guidance
2026-01-01 12:01:24.100,1.1525234242955975,-0.6202003832402643,0.7527317016753546,0.41213345089022596,guidance
2026-01-01 12:01:24.200,1.6157169945801046,-0.75993714289759,0.9055619869599562,-0.43430376270718896,guidance
2026-01-01 12:01:24.300,1.5598521326133552,-1.0454019652915605,0.6801008982054257,-1.0212185644513414,guidance
2026-01-01 12:01:24.400,1.1143627507143004,-1.5339493187185558,0.7477367839023423,-1.0522293235099311,guidance
2026-01-01 12:01:24.500,0.5762623772117673,-1.4745899819859105,1.1010847009313043,-0.8358989705997482,guidance
2026-01-01 12:01:24.600,0.4169136771781029,-1.0607386259810943,1.443675679900919,-0.7959083346756458,guidance
2026-01-01 12:01:24.700,0.6543210595147352,-0.4058209547714572,1.3876283070370021,-1.0312547472464664,guidance
2026-01-01 12:01:24.800,0.7872835433512736,-0.3074193058148195,0.7705490837409481,-1.0844814393845037,guidance
2026-01-01 12:01:24.900,0.5534772135900391,-0.3473992859492294,0.12129273269613385,-0.9172183048864755,guidance
2026-01-01 12:01:25.000,0.012219900721658593,-0.2957373344387124,-0.3507909524637078,-0.013362018822990832,guidance
2026-01-01 12:01:25.100,-0.7011803267750912,-0.07177993486929923,-0.29448603632766013,0.8070394164404728,guidance
2026-01-01 12:01:25.200,-0.7186146385740695,0.5829219724474954,-0.404110255065277,1.1635406750842567,guidance
2026-01-01 12:01:25.300,-0.7064411186539055,1.220119785251493,-0.6310556654209788,1.111756618061385,guidance
2026-01-01 12:01:25.400,-0.4051275754642607,1.3245387228129322,-1.1836952308423183,0.8451942330034901,guidance
2026-01-01 12:01:25.500,-0.6647362572824204,1.1599533474007135,-1.5368282471537245,0.7364845305922039,guidance
2026-01-01 12:01:25.600,-1.1229994917951789,0.8436759736547875,-1.5155904094070902,0.8207524735302961,guidance
2026-01-01 12:01:25.700,-1.538567523612636,0.8222383297627502,-0.9585721197242482,0.8952488961114011,guidance
2026-01-01 12:01:25.800,-1.382971141819301,1.159909953131051,-0.2777364918748262,0.44837370950833305,guidance
2026-01-01 12:01:25.900,-1.1631627948453214,1.284019015162516,-0.033011084950845405,-0.23017083061348537,guidance
2026-01-01 12:01:26.000,-0.7916626420155699,1.021662503872621,-0.0680372898712171,-1.1099849629107439,guidance
2026-01-01 12:01:26.100,-0.7190232805815834,0.3115866415456554,-0.004395939376526242,-1.3632576504723013,guidance
2026-01-01 12:01:26.200,-1.0970078185493792,-0.16820851225515146,0.36648819036088204,-1.09932260888954,guidance
2026-01-01 12:01:26.300,-1.1297421976051212,-0.4355741040471007,1.0028570441892397,-0.8413898860828195,guidance
2026-01-01 12:01:26.400,-0.7721794529790453,-0.32817032763525855,1.4992475028365626,-0.6776107628736773,guidance
2026-01-01 12:01:26.500,-0.3763235164856251,-0.2949823826358695,1.4420654353775748,-0.7604959033904749,guidance
2026-01-01 12:01:26.600,0.2413992317564976,-0.5945803870708842,0.9791907732724634,-0.668635287529979,guidance
2026-01-01 12:01:26.700,0.31547163227448294,-1.2459922282759326,0.6033255141987186,-0.14655354542018936,guidance
2026-01-01 12:01:26.800,0.1463017335567214,-1.5425534702800126,0.3973268577501946,0.6320752459402468,guidance
2026-01-01 12:01:26.900,0.14527812408288726,-1.5286781218598628,0.4727766389675769,1.330303811381478,guidance
2026-01-01 12:01:27.000,0.4163631801864086,-1.0417187444075842,0.3758620508093215,1.385473093472565,guidance
2026-01-01 12:01:27.100,1.020294665343976,-0.6573888890922108,-0.1718945176871082,1.0754576733959333,guidance
2026-01-01 12:01:27.200,1.42873565505289,-0.6086458116608987,-0.8217052407580941,0.7111271371171012,guidance
2026-01-01 12:01:27.300,1.3508391914150402,-0.7463151454283896,-1.4418541198745765,0.577206193162647,guidance
2026-01-01 12:01:27.400,1.0272554776365974,-0.6617646735334269,-1.298242586858498,0.5496608940200765,guidance
2026-01-01 12:01:27.500,0.7962691136304471,-0.2168566263901392,-0.9305695056363859,0.38937302466026236,guidance
2026-01-01 12:01:27.600,1.0262210264196778,0.5344603445887566,-0.6653559515307707,-0.23842457967832537,guidance
2026-01-01 12:01:27.700,1.3664475722521119,0.9673739187438826,-0.7675187755327342,-1.0767831634282903,guidance
2026-01-01 12:01:27.800,1.4905125371281072,1.0129850594877263,-0.7855041439278141,-1.410015473533061,guidance
2026-01-01 12:01:27.900,0.9720486863429213,0.7542322141377824,-0.7707667206350529,-1.353175698242106,guidance
2026-01-01 12:01:28.000,0.521980970577264,0.6733756112020862,-0.1553776198074343,-0.9069389553387237,guidance
2026-01-01 12:01:28.100,0.1172612692181347,1.0558274912408414,0.5910290117532034,-0.5871886718647595,guidance
2026-01-01 12:01:28.200,0.2292038535267067,1.3957669949587563,1.1132794577834428,-0.4250919554219324,guidance
2026-01-01 12:01:28.300,0.33376829503839345,1.405006551173716,1.1550575982446334,-0.3619870995813075,guidance
2026-01-01 12:01:28.400,0.25732342523887874,1.1115999242501853,0.8558773896022516,-0.22164167137743046,guidance
2026-01-01 12:01:28.500,-0.21282967363312705,0.3645214147749467,0.8097768986523773,0.5387584252421319,guidance
2026-01-01 12:01:28.600,-0.9083929986024631,0.07781668423204359,1.0484368995569122,1.2247512549583457,guidance
2026-01-01 12:01:28.700,-1.2415412855056929,0.11267789545411584,1.2109726796773452,1.536268443195694,guidance
2026-01-01 12:01:28.800,-1.0247837317612007,0.07622827733991848,1.0902906045593765,1.312360584232632,guidance
2026-01-01 12:01:28.900,-0.7844370371010064,0.026501217500303348,0.5027595426665887,0.7603814604796925,guidance
2026-01-01 12:01:29.000,-0.8123478811753424,-0.649571549805991,-0.2928363347563169,0.34283507564212173,guidance
2026-01-01 12:01:29.100,-1.049829301596632,-1.2170280602878476,-0.7790319153705535,0.18394705173176037,guidance
2026-01-01 12:01:29.200,-1.5529819068280515,-1.5134957812202163,-0.7510681470006231,0.16228597683141088,guidance
2026-01-01 12:01:29.300,-1.4959347097508902,-1.3120992451451805,-0.6274799113506825,-0.22593327275261188,guidance
2026-01-01 12:01:29.400,-1.2115220474561619,-0.8384287641425848,-0.7304369986711583,-0.8195779247000602,guidance
2026-01-01 12:01:29.500,-0.6972877798605761,-0.8072983801747677,-1.0648934087548219,-1.4324675066991357,guidance
2026-01-01 12:01:29.600,-0.43162279226770656,-0.9881118612092284,-1.3587969497815604,-1.6128897225695384,guidance
2026-01-01 12:01:29.700,-0.6062111293293857,-1.0466141843099954,-1.4027006820232377,-1.1174179248552094,guidance
2026-01-01 12:01:29.800,-0.7572177038497926,-0.923881287822992,-0.7468213818282213,-0.556415138250683,guidance
2026-01-01 12:01:29.900,-0.5293420352215568,-0.352450513099577,-0.04860811249314427,-0.01472121821001799,guidance
2026-01-01 12:01:30.000,0.05177110654277069,0.3523776401569632,0.2736811833345302,0.06783148603961028,guidance
2026-01-01 12:01:30.100,0.5454958884391725,0.6629607508944413,0.385973547025781,0.04382944891808488,guidance
2026-01-01 12:01:30.200,0.7317932996713139,0.5493778532427325,0.3797270071777435,0.5586311943498691,guidance
2026-01-01 12:01:30.300,0.6459961395696798,0.4491491538526666,0.5703281482641432,1.0233523989613025,guidance
2026-01-01 12:01:30.400,0.4517711450871293,0.6879734896437167,1.1942157023216586,1.448980261159573,guidance
2026-01-01 12:01:30.500,0.6272100034897311,1.1702995613273972,1.5857563041791476,1.4899376086256926,guidance
2026-01-01 12:01:30.600,1.1463690712134202,1.5662695884160618,1.5397967464981719,0.8187522582119012,guidance
2026-01-01 12:01:30.700,1.5781456227864679,1.4763558333355065,0.9395631550616821,0.23464108176485762,guidance
2026-01-01 12:01:30.800,1.5870775357269584,0.968828298648252,0.47749449926602694,-0.19297567643184121,guidance
2026-01-01 12:01:30.900,1.0767974639345674,0.6364319431195635,0.0845038600192107,-0.29858069408726035,guidance
2026-01-01 12:01:31.000,0.7379004762814851,0.3019559036300019,0.03259870066558017,-0.36362458695620326,guidance
2026-01-01 12:01:31.100,0.8375677017751778,0.51095569466769,0.08957449535956898,-0.7206686474920128,guidance
2026-01-01 12:01:31.200,1.0378935316979514,0.5702265827161173,-0.3452233735529925,-1.2098144087683875,guidance
2026-01-01 12:01:31.300,1.1878471144866296,0.0770203824295585,-0.9949966238352076,-1.6328061863969987,guidance
2026-01-01 12:01:31.400,0.8469599632231937,-0.5860170054382711,-1.5921923706215204,-1.3828019598999655,guidance
2026-01-01 12:01:31.500,0.11061029427093122,-1.121771729482353,-1.5979331941786357,-0.6585695229443704,guidance
2026-01-01 12:01:31.600,-0.3094428549543946,-1.2145189018361924,-1.1689798612153668,0.0557672848993092,guidance
2026-01-01 12:01:31.700,-0.34437274588498124,-1.0200895803386387,-0.6114278114127,0.4907766010779526,guidance
2026-01-01 12:01:31.800,-0.03760322663057922,-0.7703924005113247,-0.44805041924928657,0.4168118878571323,guidance
2026-01-01 12:01:31.900,-0.12831073247293326,-0.8997754526991656,-0.48425581488992075,0.5076934679571816,guidance
2026-01-01 12:01:32.000,-0.4466609136509011,-1.2896260002164768,-0.2971762131839246,0.826271138956007,guidance
2026-01-01 12:01:32.100,-1.0705511853740346,-1.490491974641443,0.13993376507653565,1.2506119238826803,guidance
2026-01-01 12:01:32.200,-1.3561979791332655,-1.078563083854003,0.8113114673533238,1.477942535388035,guidance
2026-01-01 12:01:32.300,-1.3963050572031548,-0.4609229018256842,1.3658847253851207,1.1062683247042553,guidance
2026-01-01 12:01:32.400,-1.0525826894442045,0.09405478134378024,1.3249289103794069,0.3268890851318631,guidance
2026-01-01 12:01:32.500,-0.7132473145956031,0.19014099086868289,1.0548360763904578,-0.42042093464504143,guidance
2026-01-01 12:01:32.600,-1.0337382338644048,0.10737787677257449,0.7402118353763996,-0.7188359581733642,guidance
2026-01-01 12:01:32.700,-1.2967470188296302,0.14058800560392767,0.7146682215988274,-0.6899083998639431,guidance
2026-01-01 12:01:32.800,-1.4226789364628782,0.6668561479710571,0.818112646677378,-0.7270505202337426,guidance
2026-01-01 12:01:32.900,-1.0234803148310632,1.2003996372451313,0.7684593767546406,-0.978523026545879,guidance
2026-01-01 12:01:33.000,-0.444658107812432,1.53446392362115,0.18931154100204214,-1.2878886324077254,guidance
2026-01-01 12:01:33.100,-0.1668003105078234,1.3453054159359559,-0.521575482506007,-1.3224691727763078,guidance
2026-01-01 12:01:33.200,-0.02414658102272335,0.954877606565141,-1.1333743751009673,-0.7273576842767508,guidance
2026-01-01 12:01:33.300,-0.26064328343216653,0.6829808462202214,-1.2084292952328524,0.04607987862713353,guidance
2026-01-01 12:01:33.400,-0.28562161116788864,0.7072798219069814,-0.8599474835379347,0.6639316922808914,guidance
2026-01-01 12:01:33.500,0.2111539622229459,0.9135215160278528,-0.8625175293810607,0.8751743294676182,guidance
2026-01-01 12:01:33.600,0.8957180532735255,0.7708717192553227,-1.0305711916116045,0.7468046039976679,guidance
2026-01-01 12:01:33.700,1.219998014716426,0.1897280226820082,-1.2515310268209021,0.7824346604998259,guidance
2026-01-01 12:01:33.800,0.975259974171363,-0.48644581158759076,-1.1412457079999603,0.9250617134383681,guidance
2026-01-01 12:01:33.900,0.6596776729475315,-0.7786146111934161,-0.40450344095979285,1.3421900878118265,guidance
2026-01-01 12:01:34.000,0.7460202624572286,-0.8288610653691376,0.328207078509435,1.093399017120745,guidance
2026-01-01 12:01:34.100,1.131171574545382,-0.6435224490774619,0.8046638909801413,0.5009650987794577,guidance
2026-01-01 12:01:34.200,1.5030122674197883,-0.7430758771522119,0.7961056301690866,-0.4368519015649306,guidance
2026-01-01 12:01:34.300,1.4873853681201923,-1.0541192290700776,0.6987910883907709,-0.9639507601985398,guidance
2026-01-01 12:01:34.400,1.1480328781549318,-1.4816358328614039,0.7166745043970871,-1.0175224295553966,guidance
2026-01-01 12:01:34.500,0.6382948391304009,-1.4627684728264492,1.1372943362523127,-0.8912308667321737,guidance
2026-01-01 12:01:34.600,0.5254195639200633,-1.0793566539405215,1.3824943226220248,-0.7399150363742902,guidance
2026-01-01 12:01:34.700,0.5849915230874032,-0.4162253708834086,1.3322099737987836,-0.9980030256907212,guidance
2026-01-01 12:01:34.800,0.7718430272184702,-0.16174745526217477,0.7640533193322402,-1.0970237907520453,guidance
2026-01-01 12:01:34.900,0.5805846640506508,-0.2084812570625665,-0.015328240540996144,-0.7930730011087432,guidance
2026-01-01 12:01:35.000,-0.016032330846291604,-0.306905675813707,-0.4385658003765993,-0.05403418400095396,guidance
2026-01-01 12:01:35.100,-0.5427214691817909,0.0004383790813318189,-0.4358807341300688,0.7232515206106451,guidance
2026-01-01 12:01:35.200,-0.7784310714255321,0.551684547182484,-0.39766585177816965,1.2178261369256533,guidance
2026-01-01 12:01:35.300,-0.5961815387262148,1.1536715600138072,-0.5496834279332183,1.1357714554037324,guidance
2026-01-01 12:01:35.400,-0.4447806848074726,1.409021984620785,-1.0980169358191658,0.8680724131210401,guidance
2026-01-01 12:01:35.500,-0.7016882229794875,1.209827575253759,-1.5643705423844467,0.735538508776785,guidance
2026-01-01 12:01:35.600,-1.1963348645430902,0.8195295914691691,-1.4392947351435146,0.9800500980494024,guidance
2026-01-01 12:01:35.700,-1.4792813425819218,0.8557107197232787,-0.8863169506697764,0.9078580327157579,guidance
2026-01-01 12:01:35.800,-1.469459960516267,1.0984914311994796,-0.17768437919218077,0.4837825544446671,guidance
2026-01-01 12:01:35.900,-1.0499732229824599,1.3132203685963817,-0.07923745822095929,-0.3852152808456127,guidance
2026-01-01 12:01:36.000,-0.7336246127160554,0.9921903105308346,-0.09382368131876215,-1.0947236733229986,guidance
2026-01-01 12:01:36.100,-0.8101505533373938,0.4268570449754594,-0.045995608474411,-1.3435544849376233,guidance
2026-01-01 12:01:36.200,-1.0192862922881725,-0.33357877658635815,0.42109266642057613,-1.2240446669644676,guidance
2026-01-01 12:01:36.300,-1.1453282987839308,-0.504661731883572,1.0578744086307552,-0.8017287724540997,guidance
2026-01-01 12:01:36.400,-0.8607103761226677,-0.31505939887178885,1.4837397146680567,-0.6159799947098827,guidance
2026-01-01 12:01:36.500,-0.200952808455456,-0.2965080802823013,1.419426255034537,-0.7681793214483865,guidance
2026-01-01 12:01:36.600,0.1684720118363368,-0.743028273924814,1.0379138487321573,-0.6974242359053865,guidance
2026-01-01 12:01:36.700,0.23071194251123167,-1.1471113107761863,0.5177361997597226,-0.09327068975747282,guidance
2026-01-01 12:01:36.800,0.18022262655850224,-1.539694196931288,0.4193383416026118,0.7188420697322555,guidance
2026-01-01 12:01:36.900,0.10818280872236839,-1.3641106371891454,0.5776862901380588,1.3365314416130996,guidance
2026-01-01 12:01:37.000,0.5142901993454709,-0.9961821335415212,0.44483855162627295,1.4811162531292692,guidance
2026-01-01 12:01:37.100,0.9380674405558453,-0.598290199246324,-0.07720264421983808,0.9990717250734266,guidance
2026-01-01 12:01:37.200,1.3940625645047455,-0.5990094684600547,-0.9211377237465053,0.7058604640049936,guidance
2026-01-01 12:01:37.300,1.4036719069355061,-0.6739113131146469,-1.334829986383721,0.5572211472352753,guidance
2026-01-01 12:01:37.400,1.0775628326780695,-0.7182206873979224,-1.4267898923902598,0.6008187696630815,guidance
2026-01-01 12:01:37.500,0.7584821576696118,-0.19666594939493331,-1.0382245212511332,0.43618930951636337,guidance
2026-01-01 12:01:37.600,0.9917742152300454,0.4647611120821861,-0.7755550145500911,-0.21494381366010845,guidance
2026-01-01 12:01:37.700,1.2918909504508453,1.0744805725294837,-0.8095842819127883,-1.0181877399876977,guidance
2026-01-01 12:01:37.800,1.4547829620786494,1.0118171367084612,-0.8173250470238015,-1.4803164934464317,guidance
2026-01-01 12:01:37.900,1.039273150086709,0.7206409416974664,-0.6857120647998665,-1.4119146320584255,guidance
2026-01-01 12:01:38.000,0.44374629467372556,0.7514276700811481,-0.19007873949099757,-1.0006741149284886,guidance
2026-01-01 12:01:38.100,0.140958803552365,1.0411883225499625,0.5376181484853751,-0.5599280872508356,guidance
2026-01-01 12:01:38.200,0.13922908364581704,1.3955482054591268,1.111845033377122,-0.43312309309078373,guidance
2026-01-01 12:01:38.300,0.27756488728421824,1.4405757686406417,1.2085894764442286,-0.29286822333595197,guidance
2026-01-01 12:01:38.400,0.27094474732355783,1.0851517027650277,0.9773291335780491,-0.04798234973000952,guidance
2026-01-01 12:01:38.500,-0.1895434712693102,0.45620054568078033,0.7846383634666289,0.47622411582085766,guidance
2026-01-01 12:01:38.600,-0.8149173469535252,0.0834328130584519,1.008411251698716,1.3449765817996684,guidance
2026-01-01 12:01:38.700,-1.1381772926543914,0.04749876079204829,1.1943940056372542,1.5213636849214112,guidance
2026-01-01 12:01:38.800,-0.9890417327004021,0.15326277240237338,1.163389113146459,1.3793660695007706,guidance
2026-01-01 12:01:38.900,-0.6970529874366515,0.005633571366237024,0.5097367725892897,0.6777400338815938,guidance
2026-01-01 12:01:39.000,-0.7060045499539438,-0.5774161354538909,-0.23459641825196154,0.29983551043544016,guidance
2026-01-01 12:01:39.100,-1.0890047569776946,-1.196335480179127,-0.7460251288176769,0.23876527863961713,guidance
2026-01-01 12:01:39.200,-1.5383650070520918,-1.47406545210674,-0.8156972946823198,0.10638193820475715,guidance
2026-01-01 12:01:39.300,-1.532886223856218,-1.2739322507327167,-0.6051103438068035,-0.2244887890694539,guidance
2026-01-01 12:01:39.400,-1.1220174403328083,-0.8778333065042393,-0.8113730581924825,-0.8116984882874583,guidance
2026-01-01 12:01:39.500,-0.630257422822319,-0.7619656978919904,-1.117103050540007,-1.438255245405701,guidance
2026-01-01 12:01:39.600,-0.43089188913028703,-1.0026193838573676,-1.467251536169027,-1.6575084334625774,guidance
2026-01-01 12:01:39.700,-0.613217873130219,-1.0685006272562025,-1.2873696448988845,-1.251782131181852,guidance
2026-01-01 12:01:39.800,-0.6475574801632009,-0.8918141157604955,-0.7634719811699793,-0.5359822480056717,guidance
2026-01-01 12:01:39.900,-0.5590435942930612,-0.337650610957019,-0.05344242200856657,-0.06442366476161647,guidance
2026-01-01 12:01:40.000,0.04616799174887716,0.35056126610750804,0.36463744947915266,0.10814497908835388,guidance
2026-01-01 12:01:40.100,0.5646764722392543,0.6920605932285793,0.4240254322207464,0.12137546498961124,guidance
2026-01-01 12:01:40.200,0.7106301993633767,0.5751294086971366,0.36132070565318536,0.45405543741080145,guidance
2026-01-01 12:01:40.300,0.6099638003792989,0.4567321842774075,0.6448310733757502,1.019349806796208,guidance
2026-01-01 12:01:40.400,0.40691373857615887,0.706984416180348,1.1263925017042176,1.5846885965896251,guidance
2026-01-01 12:01:40.500,0.6961465532159211,1.1797853407749281,1.5464813297325424,1.53138728958355,guidance
2026-01-01 12:01:40.600,1.0860863978607385,1.5449791701414606,1.5620721434329834,0.9318860961142609,guidance
2026-01-01 12:01:40.700,1.4870248852050652,1.4596389277642827,0.9643906431135189,0.16713027869295993,guidance
2026-01-01 12:01:40.800,1.4772312730087127,1.0080916381105767,0.3283366005437722,-0.294978367816824,guidance
2026-01-01 12:01:40.900,1.135666582603121,0.6376813730773554,0.011855536308553377,-0.33110055882993333,guidance
2026-01-01 12:01:41.000,0.7139939616379526,0.41211287490353,-0.02505511585622864,-0.3760284131869151,guidance
2026-01-01 12:01:41.100,0.7693222681272784,0.5427806458751632,0.029021351833036564,-0.6638348194254425,guidance
2026-01-01 12:01:41.200,1.0547969391323468,0.5393094255247035,-0.3860124415022535,-1.2805021921155637,guidance
2026-01-01 12:01:41.300,1.1791508538324884,0.11062576776636379,-1.0108875644529296,-1.5767909206118655,guidance
2026-01-01 12:01:41.400,0.8068349625403057,-0.530813952513253,-1.5301118894806442,-1.3115405440904564,guidance
2026-01-01 12:01:41.500,0.3440757964470205,-0.9976114686964915,-1.4578433721956356,-0.6249354566768484,guidance
2026-01-01 12:01:41.600,-0.27414047464671176,-1.138919002296315,-0.9491027422352296,0.11269893934417557,guidance
2026-01-01 12:01:41.700,-0.3197892265576485,-0.9899357276325536,-0.6248971185736876,0.44860828405665365,guidance
2026-01-01 12:01:41.800,-0.08955030174483512,-0.7957109644287405,-0.38815966189113965,0.4561776897256709,guidance
2026-01-01 12:01:41.900,-0.08934009694932477,-0.9892975404508101,-0.4994327411596806,0.5405738336820811,guidance
2026-01-01 12:01:42.000,-0.5321501124803172,-1.3033903866901098,-0.3150787001812914,0.8987621928946196,guidance
2026-01-01 12:01:42.100,-1.0630157547125763,-1.3863597127816938,0.09361795754623689,1.333169052926027,guidance
2026-01-01 12:01:42.200,-1.4289940843721063,-1.0604078607629306,0.909716471149215,1.4574981128647766,guidance
2026-01-01 12:01:42.300,-1.284531603955594,-0.45930965912675453,1.367711214381589,1.214825900460244,guidance
2026-01-01 12:01:42.400,-1.0622014155710713,0.15357362717516634,1.371602995494967,0.3687365742446512,guidance
2026-01-01 12:01:42.500,-0.832015935966244,0.24466734595258643,0.9610160778136029,-0.38433397831917554,guidance
2026-01-01 12:01:42.600,-1.034379353144079,0.053366486646907345,0.7237043687086053,-0.6364445123201791,guidance
2026-01-01 12:01:42.700,-1.2470692188062797,0.15566389619190224,0.6201863424032069,-0.6505991246761856,guidance
2026-01-01 12:01:42.800,-1.353855675485478,0.6075904193525544,0.9498604184889257,-0.7140210383654539,guidance
2026-01-01 12:01:42.900,-1.0087095061213271,1.1897242406586876,0.7127991749602948,-1.051404282597456,guidance
2026-01-01 12:01:43.000,-0.3844989145637829,1.5788785058796961,0.2937621581005915,-1.3622663937469879,guidance
2026-01-01 12:01:43.100,-0.11677283665398129,1.3910088903252724,-0.5147141660312509,-1.2632218480322581,guidance
2026-01-01 12:01:43.200,-0.20805968009356451,0.9606823134355426,-1.083089105044322,-0.8152899620617975,guidance
2026-01-01 12:01:43.300,-0.36294930782219176,0.6300902862138111,-1.188477428677246,0.04907474270221069,guidance
2026-01-01 12:01:43.400,-0.24520458276439747,0.8229016877453493,-0.9061968467980044,0.6857362107258848,guidance
2026-01-01 12:01:43.500,0.2868928434499095,1.00151855042689,-0.8646291360487076,0.9103962712283761,guidance
2026-01-01 12:01:43.600,0.8744586278009177,0.8027237885554726,-0.9772170759639658,0.8424502758294024,guidance
2026-01-01 12:01:43.700,1.058126551011319,0.1631442530367967,-1.1605377283051261,0.8325854803896457,guidance
2026-01-01 12:01:43.800,1.1156675837218746,-0.4180358231260807,-1.0315221095996128,1.070260009383205,guidance
2026-01-01 12:01:43.900,0.7525246110848914,-0.7831414581410586,-0.5179863104271634,1.2112449410749364,guidance
2026-01-01 12:01:44.000,0.7492591551018594,-0.8070599743380101,0.3151347737761247,1.1167147949854879,guidance
2026-01-01 12:01:44.100,1.094344794696487,-0.503564109384105,0.77354168758807,0.4396316570166918,guidance
2026-01-01 12:01:44.200,1.4593432975579141,-0.7186738171161359,0.8414458600426502,-0.4633395013446737,guidance
2026-01-01 12:01:44.300,1.4087635474960014,-1.1147670059620611,0.7096037254067372,-1.0257552680380366,guidance
2026-01-01 12:01:44.400,1.1077844821133669,-1.50980731647582,0.7288120390638737,-1.0134586368926484,guidance
2026-01-01 12:01:44.500,0.6823883207537982,-1.5097352390176493,1.1220821873714086,-0.7942097717686808,guidance
2026-01-01 12:01:44.600,0.42065581904176386,-1.100232292301031,1.4210737114856884,-0.7800526708609326,guidance
2026-01-01 12:01:44.700,0.6794022352989866,-0.5733789866964675,1.252229730682373,-1.0247232928219514,guidance
2026-01-01 12:01:44.800,0.7364412573353234,-0.2447093201644842,0.8044891902933312,-1.1493215360111237,guidance
2026-01-01 12:01:44.900,0.5738771620589365,-0.3645688319562141,0.05756442746875421,-0.8183398403173117,guidance
2026-01-01 12:01:45.000,0.08425510856070173,-0.3620775532654834,-0.455237810563147,-0.11917666462317215,guidance
2026-01-01 12:01:45.100,-0.49111124550752366,0.005173828179591236,-0.4482673741903156,0.7087108961567847,guidance
2026-01-01 12:01:45.200,-0.7603861472743686,0.6022507501320116,-0.431819412093458,1.1660464054538753,guidance
2026-01-01 12:01:45.300,-0.6553030441649226,1.1863191851678776,-0.595962752360808,1.0348156501689827,guidance
2026-01-01 12:01:45.400,-0.46864991717542254,1.386332739917589,-1.0494126403162878,0.9061924753402831,guidance
2026-01-01 12:01:45.500,-0.7038924042851962,1.0434500281302026,-1.5259902513901002,0.832025779553262,guidance
2026-01-01 12:01:45.600,-1.2036555955322015,0.8730726659055241,-1.3551142129957767,0.8534216793446057,guidance
2026-01-01 12:01:45.700,-1.526957834647252,0.9062115959977362,-0.9816979378779359,0.9507026650835941,guidance
2026-01-01 12:01:45.800,-1.4819827523450853,1.1559200713711497,-0.3346245726641473,0.5448909484211322,guidance
2026-01-01 12:01:45.900,-1.1302504885853804,1.2865574742710306,-0.05532263880479932,-0.28784551914281964,guidance
2026-01-01 12:01:46.000,-0.7512069852299499,1.0055063386829006,-0.07610271542457137,-1.1432764106588424,guidance
2026-01-01 12:01:46.100,-0.7741813013719329,0.3705163938655069,0.031124715928852333,-1.348642022499017,guidance
2026-01-01 12:01:46.200,-1.015719659411915,-0.274947675614347,0.38537701864057644,-1.0069739208007473,guidance
2026-01-01 12:01:46.300,-1.1095221683077696,-0.4647771967106696,1.0950794054756305,-0.6622878408667926,guidance
2026-01-01 12:01:46.400,-0.8725268913123254,-0.28953826714039066,1.5969742539914051,-0.7689811808592434,guidance
2026-01-01 12:01:46.500,-0.2909391651151222,-0.33541270542697865,1.476917771804502,-0.7851088279373295,guidance
2026-01-01 12:01:46.600,0.26105465754178664,-0.660841471271748,0.9982037861788986,-0.6204729713232398,guidance
2026-01-01 12:01:46.700,0.30913228056715847,-1.1406484214451975,0.5932775273843494,-0.26334288953814466,guidance
2026-01-01 12:01:46.800,0.16113207544717106,-1.526972567105137,0.42665500869214357,0.6594743480859949,guidance
2026-01-01 12:01:46.900,0.20104658575843187,-1.530304266339288,0.4705688717533464,1.2896731895033875,guidance
2026-01-01 12:01:47.000,0.4957165269698091,-0.9705117921589066,0.37104803008203213,1.5466087752313524,guidance
2026-01-01 12:01:47.100,1.0713520038743227,-0.6695819914711237,-0.10273645382490042,1.0575800533492414,guidance
2026-01-01 12:01:47.200,1.4218807122549317,-0.6025478778505998,-0.8613934621468866,0.7152877985600009,guidance
2026-01-01 12:01:47.300,1.3219666626326967,-0.7485892639236535,-1.3547158803154227,0.47186862932455814,guidance
2026-01-01 12:01:47.400,1.0078497058428,-0.6648329529351853,-1.2865939006672256,0.5651119694832585,guidance
2026-01-01 12:01:47.500,0.7691248664872534,-0.17701017890139625,-1.1078585661109033,0.40616249236138097,guidance
2026-01-01 12:01:47.600,0.9959496261799625,0.5001132268822892,-0.6623214558076969,-0.28126652892259035,guidance
2026-01-01 12:01:47.700,1.2369983524114245,1.0113965967363916,-0.7820875237583317,-0.9067946268388162,guidance
2026-01-01 12:01:47.800,1.4746928237789472,1.0735788798716075,-0.8342634886525331,-1.4720585887598654,guidance
2026-01-01 12:01:47.900,0.9381049987995556,0.8636845481097364,-0.8072202900389881,-1.4480029823859546,guidance
2026-01-01 12:01:48.000,0.5042917043518909,0.723879871360773,-0.16789801914710972,-0.9366555377403665,guidance
2026-01-01 12:01:48.100,0.1629167637529022,1.0252749409894808,0.5761776510196087,-0.5643730232980965,guidance
2026-01-01 12:01:48.200,0.18948158105283158,1.4214141016378643,1.1517252202497972,-0.30887890875567037,guidance
2026-01-01 12:01:48.300,0.37216182996733227,1.5249209608474497,1.1988464326581385,-0.40927212022406145,guidance
2026-01-01 12:01:48.400,0.22239412936602673,1.0597133235025877,0.9332796657434979,-0.11076581430438176,guidance
2026-01-01 12:01:48.500,-0.21464402453250492,0.35602304327618833,0.7152980118457114,0.511981454348443,guidance
2026-01-01 12:01:48.600,-0.9358549283373304,0.026036723343103956,0.9531090458324997,1.2467503292753321,guidance
2026-01-01 12:01:48.700,-1.1084367133368302,0.03687527628709005,1.275658649093578,1.572841300176658,guidance
2026-01-01 12:01:48.800,-1.0831739711535493,0.13273504155416943,1.0114177537121962,1.4371435100462984,guidance
2026-01-01 12:01:48.900,-0.7632967676806152,-0.0031722612587934684,0.43169172402588135,0.8050759608466022,guidance
2026-01-01 12:01:49.000,-0.7906687978461144,-0.6079697004889724,-0.37110752464566005,0.28127595552966744,guidance
2026-01-01 12:01:49.100,-1.1826909947514577,-1.1921873400295449,-0.739425423255527,0.17334973388712044,guidance
2026-01-01 12:01:49.200,-1.3540477812675762,-1.4900892498198224,-0.8137393453864853,0.08971403699589843,guidance
2026-01-01 12:01:49.300,-1.5411669174771179,-1.2302932310181558,-0.6704754339993052,-0.10878461631369163,guidance
2026-01-01 12:01:49.400,-1.0022822599622974,-0.9708764176237275,-0.6676052469005562,-0.842286627300526,guidance
2026-01-01 12:01:49.500,-0.6297133835306239,-0.7477979191979425,-1.1128272524791734,-1.4356877254671163,guidance
2026-01-01 12:01:49.600,-0.4355216589575716,-1.0197706785496998,-1.4336597637854074,-1.6605683597999223,guidance
2026-01-01 12:01:49.700,-0.6714845613939653,-1.1784910994933022,-1.3443929404400867,-1.1872050181644402,guidance
2026-01-01 12:01:49.800,-0.8417019336106579,-0.9285979491221269,-0.7321168842357596,-0.5543751897796609,guidance
2026-01-01 12:01:49.900,-0.5371876104897335,-0.4034640141696929,-0.021399648768922783,-0.10731862453989524,guidance
2026-01-01 12:01:50.000,0.044736042408876464,0.28953823965846215,0.41984738502679336,0.04201672649221349,guidance
2026-01-01 12:01:50.100,0.63694665868477,0.7078626359979966,0.3519726728141108,0.0633543934878664,guidance
2026-01-01 12:01:50.200,0.7463251037674552,0.49690655196800493,0.3127758543039998,0.4607330190980738,guidance
2026-01-01 12:01:50.300,0.6364161037314984,0.530381567953561,0.6893006533618851,1.0893349751908388,guidance
2026-01-01 12:01:50.400,0.4384892130642437,0.7236926303652135,1.199380341880178,1.5657035830905093,guidance
2026-01-01 12:01:50.500,0.6286951153092324,1.232460861036599,1.5565087620949696,1.4599464189502946,guidance
2026-01-01 12:01:50.600,1.132625786681108,1.5461936545073451,1.5549467862955344,0.9088610539244836,guidance
2026-01-01 12:01:50.700,1.4738546059076276,1.5027434125476218,1.0044879734971057,0.20291486855945084,guidance
2026-01-01 12:01:50.800,1.490519728768937,1.0661157942526793,0.3989251715696003,-0.12922906164882444,guidance
2026-01-01 12:01:50.900,1.1548696214174405,0.5804739293743695,0.01892141886429489,-0.356853536860267,guidance
2026-01-01 12:01:51.000,0.7293285155048402,0.3444379706269245,0.1697486188266909,-0.27606069280267564,guidance
2026-01-01 12:01:51.100,0.7414345488638432,0.4483399874451529,-0.013217194165937949,-0.6353802427777394,guidance
2026-01-01 12:01:51.200,0.9929488261164953,0.5536828507709707,-0.36786077272843354,-1.1838668691071996,guidance
2026-01-01 12:01:51.300,1.1683659771569417,0.11814203449936632,-0.9689935288139727,-1.4689319711262618,guidance
2026-01-01 12:01:51.400,0.8216741361134206,-0.48065750562681986,-1.48100779606749,-1.3370423080319684,guidance
2026-01-01 12:01:51.500,0.2492572631714454,-1.0947767537713387,-1.4137578388640892,-0.6781396974078421,guidance
2026-01-01 12:01:51.600,-0.19438868626384595,-1.2806515472722624,-1.0005657679034567,0.05711417766663472,guidance
2026-01-01 12:01:51.700,-0.38379173261094834,-0.8592625715059361,-0.6322990485399931,0.4885676128215232,guidance
2026-01-01 12:01:51.800,-0.16661469777059104,-0.9031463006526712,-0.47775630664314134,0.48894737801345817,guidance
2026-01-01 12:01:51.900,-0.13117052525381634,-0.9717734451654657,-0.4909975620780965,0.6535768964703139,guidance
2026-01-01 12:01:52.000,-0.48166819270797484,-1.383308770586126,-0.4115070422086172,0.8317567047855969,guidance
2026-01-01 12:01:52.100,-1.0535615220208057,-1.4268486987186122,0.054329745375737634,1.2545264347171656,guidance
2026-01-01 12:01:52.200,-1.527067272072381,-1.0382581441928398,0.8941950110905895,1.4816265829888677,guidance
2026-01-01 12:01:52.300,-1.3373314162975367,-0.3685181414065563,1.3556927129079854,1.0715862364851068,guidance
2026-01-01 12:01:52.400,-1.0028337845542008,0.13423285871146104,1.376972193201513,0.2864142367094609,guidance
2026-01-01 12:01:52.500,-0.7584556920730264,0.17441962579850673,0.9820293384563609,-0.31849800113705395,guidance
2026-01-01 12:01:52.600,-1.0435734821209228,0.06923888218432131,0.7104329390258223,-0.7207615542402892,guidance
2026-01-01 12:01:52.700,-1.321723147237599,0.13646396583865783,0.7999592491352773,-0.6941996083848198,guidance
2026-01-01 12:01:52.800,-1.3975114075385595,0.49275235775429804,0.9000209087360453,-0.6078443015764625,guidance
2026-01-01 12:01:52.900,-1.084621677203608,1.1580610673417455,0.7884312421628523,-0.9819116896682998,guidance
2026-01-01 12:01:53.000,-0.5138392264525705,1.5644805400407462,0.21179380616035795,-1.3229388629932723,guidance
2026-01-01 12:01:53.100,-0.10791770131962654,1.2415544239795138,-0.5712164840307353,-1.28274192578808,guidance
2026-01-01 12:01:53.200,-0.10193037589463678,0.9249455030360543,-1.0891929584874471,-0.7827335348308156,guidance
2026-01-01 12:01:53.300,-0.2496766614502937,0.6975950400551333,-1.1039391475413776,0.07997202000221851,guidance
2026-01-01 12:01:53.400,-0.2275279793797135,0.7827796725485067,-1.0246811788441401,0.6886625385997075,guidance
2026-01-01 12:01:53.500,0.2731583209496845,0.9448359792981011,-0.8394459615014744,0.8735852798618978,guidance
2026-01-01 12:01:53.600,0.7555981536139191,0.8304221023453235,-1.0417332620597042,0.733062849703122,guidance
2026-01-01 12:01:53.700,1.1603912788087862,0.32490197983637525,-1.248780757905538,0.7841692685517357,guidance
2026-01-01 12:01:53.800,0.9450385421760744,-0.4091187036680119,-1.0946986646710095,0.9474137138352691,guidance
2026-01-01 12:01:53.900,0.6906933092997848,-0.8440599691871584,-0.3920263688579999,1.1922419812729024,guidance
2026-01-01 12:01:54.000,0.7700980026323782,-0.8281488086350383,0.2845859799224545,1.1015349823622567,guidance
2026-01-01 12:01:54.100,1.106385243376098,-0.6685095679624082,0.7823007780136054,0.4341699909057263,guidance
2026-01-01 12:01:54.200,1.4553830252827489,-0.7032381067953042,0.7577105737229032,-0.43218324907464517,guidance
2026-01-01 12:01:54.300,1.5881675908318231,-1.0576039430125384,0.7392017103911385,-0.9858810402664098,guidance
2026-01-01 12:01:54.400,1.136608111272374,-1.5266659297196306,0.7479807727962637,-1.143758984489286,guidance
2026-01-01 12:01:54.500,0.6785180374298452,-1.5332716673236573,1.1295901394575183,-0.8666642790263485,guidance
2026-01-01 12:01:54.600,0.5232558219427798,-0.9798019834260783,1.3721450895520926,-0.8704642493112712,guidance
2026-01-01 12:01:54.700,0.6045568344895779,-0.5042982243890813,1.3315365230898306,-0.964070698314426,guidance
2026-01-01 12:01:54.800,0.6861835310143753,-0.10475783859537693,0.7115287219184603,-1.1685234000715117,guidance
2026-01-01 12:01:54.900,0.598799605178674,-0.1858897659332076,0.0021433032769279936,-0.8261391942495346,guidance
2026-01-01 12:01:55.000,-0.029107566387055007,-0.2760800375447966,-0.43356700098211587,-0.06824138099226863,guidance
2026-01-01 12:01:55.100,-0.5154673371504811,-0.041287801821641115,-0.3255199570731908,0.7443669110620366,guidance
2026-01-01 12:01:55.200,-0.7766494957341411,0.4916413893354955,-0.33490330057524265,1.0956987801790217,guidance
2026-01-01 12:01:55.300,-0.4637139981537258,1.2107970311654204,-0.6839487438185348,1.1612639888286391,guidance
2026-01-01 12:01:55.400,-0.4864636089343741,1.3654193385188778,-1.1835174458724658,0.8786498202753338,guidance
2026-01-01 12:01:55.500,-0.6807720189656296,1.185264629591512,-1.5648924830850313,0.86205595346568,guidance
2026-01-01 12:01:55.600,-1.1026860436911494,0.8744585483120406,-1.4495997971246037,0.853935940801377,guidance
2026-01-01 12:01:55.700,-1.5295874090402592,0.9313155881291755,-0.9275985157879614,0.9230253330332913,guidance
2026-01-01 12:01:55.800,-1.5100784956589863,1.1623142104252857,-0.2970696324009439,0.48275643580317984,guidance
2026-01-01 12:01:55.900,-1.1259808504109488,1.2776462295225652,-0.09940513174726379,-0.3095602174203641,guidance
2026-01-01 12:01:56.000,-0.684478448803908,0.9902704557212615,-0.009281501071242398,-1.0829714055479467,guidance
2026-01-01 12:01:56.100,-0.7556219834381391,0.3484933788804118,-0.034901524859436914,-1.4131257174299692,guidance
2026-01-01 12:01:56.200,-1.0706646598498217,-0.28663130558409855,0.4662752765437033,-1.123274567167191,guidance
2026-01-01 12:01:56.300,-1.1506785785937874,-0.43850553650562285,1.0611598528181778,-0.7926301847665481,guidance
2026-01-01 12:01:56.400,-0.8271535827299611,-0.32724752235699506,1.5082051698664414,-0.6857779401757871,guidance
2026-01-01 12:01:56.500,-0.3087868115735052,-0.3348386977325312,1.4273545927284101,-0.8336348072293727,guidance
2026-01-01 12:01:56.600,0.24448511033434803,-0.650126357824582,0.9636384676945106,-0.6459372371637196,guidance
2026-01-01 12:01:56.700,0.31889574615119615,-1.1976316857716482,0.6086814303175282,-0.1570973960938896,guidance
2026-01-01 12:01:56.800,0.14151055793138267,-1.6522553519972203,0.4923351357031508,0.6800570904035658,guidance
2026-01-01 12:01:56.900,0.12080438004121885,-1.3138659823897292,0.4708833138871241,1.2816877422360908,guidance
2026-01-01 12:01:57.000,0.47953131561208084,-0.969091924340634,0.38264569102557877,1.2553153955311047,guidance
2026-01-01 12:01:57.100,1.0542430278525527,-0.6451004114310216,-0.13110524723169859,1.1136311338004126,guidance
2026-01-01 12:01:57.200,1.3946392905873546,-0.6085150110145434,-0.8017885538013596,0.6544513389504701,guidance
2026-01-01 12:01:57.300,1.3845661435339458,-0.7004101619082472,-1.3790489250691544,0.4451788034799542,guidance
2026-01-01 12:01:57.400,1.005644654131526,-0.790513832530043,-1.359028948151563,0.5708797296312274,guidance
2026-01-01 12:01:57.500,0.8248355632036679,-0.2239814303758023,-0.9693990407949464,0.31464619191573034,guidance
2026-01-01 12:01:57.600,0.9751909828492091,0.474066664088306,-0.735003786917733,-0.11913719039413118,guidance
2026-01-01 12:01:57.700,1.1767005943488538,0.9908262722679014,-0.7538116221745262,-1.0558425169223955,guidance
2026-01-01 12:01:57.800,1.3743868201186566,1.0139433682926715,-0.8122636900860924,-1.518869742070553,guidance
2026-01-01 12:01:57.900,1.011342594879472,0.8700934031346856,-0.7308795207092385,-1.4839598457146124,guidance
2026-01-01 12:01:58.000,0.5184127934830959,0.7279814204565533,-0.17861185968988855,-0.9139783270453676,guidance
2026-01-01 12:01:58.100,0.16018604232828126,1.0400222523089586,0.4374129026912862,-0.5036691313013486,guidance
2026-01-01 12:01:58.200,0.07914562512990385,1.4063889890033254,1.1472434953660788,-0.3470999569034703,guidance
2026-01-01 12:01:58.300,0.3039534126572653,1.4408930892891676,1.0899580554830612,-0.35433171680683717,guidance
2026-01-01 12:01:58.400,0.22691353424071362,1.0938085322390716,0.9833998350852126,-0.14706634609505898,guidance
2026-01-01 12:01:58.500,-0.19298157381741063,0.4590855277199016,0.810996232945317,0.5354148174076298,guidance
2026-01-01 12:01:58.600,-0.8789606055443011,0.007392326009960093,0.9497821367248197,1.225022648703409,guidance
2026-01-01 12:01:58.700,-1.1517519676647778,0.06197253785626835,1.2443524994811017,1.7247378964212294,guidance
2026-01-01 12:01:58.800,-1.011600773500856,0.13256100291671385,1.1641695585181506,1.409926412548474,guidance
2026-01-01 12:01:58.900,-0.7842661616903475,-0.13156001563796563,0.4763581449471749,0.7618009969874525,guidance
2026-01-01 12:01:59.000,-0.7685618538967578,-0.6429259689659317,-0.2336890481489096,0.3485133846150361,guidance
2026-01-01 12:01:59.100,-1.1235533544568916,-1.236890511839315,-0.8114269446242057,0.20887649895141167,guidance
2026-01-01 12:01:59.200,-1.539005944871962,-1.4505840045611462,-0.7324098812384425,0.14902978838013844,guidance
2026-01-01 12:01:59.300,-1.4478928769892352,-1.1579579009867205,-0.6643154237091001,-0.10354443016880488,guidance
2026-01-01 12:01:59.400,-1.221115084975879,-0.8412162175388759,-0.8038626454688582,-0.7624049358260588,guidance
2026-01-01 12:01:59.500,-0.6514997011527115,-0.7589782933530815,-1.1116797659036244,-1.3457670607739822,guidance
2026-01-01 12:01:59.600,-0.46354685624710945,-0.9582881900737878,-1.4575185629730936,-1.5959336180140822,guidance
2026-01-01 12:01:59.700,-0.6296139170963391,-1.1341285804921581,-1.347958188398644,-1.1999573885421424,guidance
2026-01-01 12:01:59.800,-0.8003042240648953,-0.9168330559664082,-0.7113002134665816,-0.48980932221810214,guidance
2026-01-01 12:01:59.900,-0.5092460339235005,-0.3268833296003475,-0.09825347188109482,-0.02411965506642101,guidance
2026-01-01 12:02:00.000,-0.09139146176082918,0.32520197514026,0.3643365242419662,0.06404616288730512,guidance
2026-01-01 12:02:00.100,0.5615806071824484,0.6570775214910287,0.3793367124541283,0.06510359440828767,guidance
2026-01-01 12:02:00.200,0.8000372851104747,0.6494974368553891,0.34768781326883913,0.42625501493453727,guidance
2026-01-01 12:02:00.300,0.6254088623444888,0.4657563355722402,0.616380174095273,1.0633990820459998,guidance
2026-01-01 12:02:00.400,0.48412970608637257,0.7487825500042734,1.1545819904927117,1.489719457288801,guidance
2026-01-01 12:02:00.500,0.644339059387708,1.1600250665486251,1.5463949474395478,1.4955954875901731,guidance
2026-01-01 12:02:00.600,1.108811875067505,1.5157975816340885,1.3936194416851337,0.9469163139908933,guidance
2026-01-01 12:02:00.700,1.5841841866719952,1.50273561235078,0.888447771531952,0.2609622977206774,guidance
2026-01-01 12:02:00.800,1.5034241043308885,0.8941935269562719,0.44102376441698854,-0.14587750248155756,guidance
2026-01-01 12:02:00.900,1.1415046654151637,0.5283065237028063,0.06993065539492052,-0.25920240708020675,guidance
2026-01-01 12:02:01.000,0.7232957615885047,0.39838650600625514,-0.004410441929559326,-0.33578080919350356,guidance
2026-01-01 12:02:01.100,0.7646479676562262,0.5927653455550146,-0.005931639837430235,-0.7332854628002088,guidance
2026-01-01 12:02:01.200,1.01326842309607,0.5654902481317744,-0.3793632271163279,-1.1457456456506687,guidance
2026-01-01 12:02:01.300,1.1440621034366631,0.1474474404075515,-0.9692226962970084,-1.542474169311372,guidance
2026-01-01 12:02:01.400,0.7990490919533997,-0.5250059416687685,-1.553999042614017,-1.2737333006570286,guidance
2026-01-01 12:02:01.500,0.30104325250596237,-1.1057118257571814,-1.512708950226279,-0.6549533228117225,guidance
2026-01-01 12:02:01.600,-0.22363355219655645,-1.1290895812190884,-1.0211133067981468,0.016133651566683657,guidance
2026-01-01 12:02:01.700,-0.2792143130105398,-0.9424990924008003,-0.5899295486111696,0.44017976875739245,guidance
2026-01-01 12:02:01.800,-0.20727700478668515,-0.7257779092629678,-0.4183919118859474,0.41364617659765385,guidance
2026-01-01 12:02:01.900,-0.06064484585844788,-0.9147768870158909,-0.5089996057206195,0.4667164558591619,guidance
2026-01-01 12:02:02.000,-0.4632544539363853,-1.2766510321076974,-0.3262377457802672,0.8564824884268901,guidance
2026-01-01 12:02:02.100,-1.1398120014996551,-1.4306764853779257,0.026163109873516666,1.2903120085944084,guidance
2026-01-01 12:02:02.200,-1.4456344917017039,-1.1243414165389187,0.822538316485382,1.4373311078279793,guidance
2026-01-01 12:02:02.300,-1.268635607044944,-0.3963060307089303,1.373411626389798,1.1436722347565826,guidance
2026-01-01 12:02:02.400,-0.9738234261417404,0.10333050336057552,1.387714048551648,0.36769724070456156,guidance
2026-01-01 12:02:02.500,-0.7155809675015296,0.29191070815566766,1.0335449967608246,-0.3665590738276938,guidance
2026-01-01 12:02:02.600,-0.9380162932925673,0.12661625243884522,0.6498538180367688,-0.7354441918864453,guidance
2026-01-01 12:02:02.700,-1.3507775164748446,0.2071752554938027,0.762287594877592,-0.6163569806997735,guidance
2026-01-01 12:02:02.800,-1.4418699748272414,0.5672555084000043,0.8846640781815253,-0.6629799265214554,guidance
2026-01-01 12:02:02.900,-1.0419458521717655,1.2985631088174197,0.6322404534039439,-1.0159285403603027,guidance
2026-01-01 12:02:03.000,-0.5576897663514983,1.5338437615373224,0.2535482016120165,-1.3360450242735062,guidance
2026-01-01 12:02:03.100,-0.21103046853761592,1.3305458983625615,-0.551315391217425,-1.3167052901614473,guidance
2026-01-01 12:02:03.200,-0.18274259152539057,1.0317277193848549,-1.140501677322788,-0.7366122658869998,guidance
2026-01-01 12:02:03.300,-0.37537396118618915,0.642051481610991,-1.1574229643316265,0.036118949988699245,guidance
2026-01-01 12:02:03.400,-0.12002732209332351,0.8420589390451271,-0.9041455325696083,0.6796969694105416,guidance
2026-01-01 12:02:03.500,0.25535731977743326,1.0374520093048116,-0.8209731126468645,0.8906725725193917,guidance
2026-01-01 12:02:03.600,0.8050071695580282,0.8577905756221079,-1.029148876088691,0.8175570432199635,guidance
2026-01-01 12:02:03.700,1.2088724225471719,0.1857900034047132,-1.2255081092433673,0.7885518444520668,guidance
2026-01-01 12:02:03.800,0.9899365105087836,-0.3728574356247047,-1.0837494564411967,1.111370409882986,guidance
2026-01-01 12:02:03.900,0.7603578702031305,-0.9168763794506233,-0.562481565773237,1.2389935095565465,guidance
2026-01-01 12:02:04.000,0.7642285687975444,-0.7686095479434293,0.3452274943023675,1.1657021117314885,guidance
2026-01-01 12:02:04.100,1.0915484025437932,-0.6781212060771755,0.7578834458718241,0.4022314999670467,guidance
2026-01-01 12:02:04.200,1.5088509480217345,-0.666183789970076,0.7326627455831186,-0.39366369135837664,guidance
2026-01-01 12:02:04.300,1.5117127476139987,-1.1006886321474951,0.6674752008167029,-0.9219107091879779,guidance
2026-01-01 12:02:04.400,1.2248419549273604,-1.580124959350542,0.8281411038264855,-1.0590357741307088,guidance
2026-01-01 12:02:04.500,0.6042887371730142,-1.4637654554362347,1.1588122045347755,-0.9084542407845724,guidance
2026-01-01 12:02:04.600,0.5018110339421051,-1.1090657557169223,1.4553417691448363,-0.8378402279539203,guidance
2026-01-01 12:02:04.700,0.7250388433040826,-0.43322873755616126,1.2756323205630438,-0.9224827003197469,guidance
2026-01-01 12:02:04.800,0.7860674971218418,-0.2969882046927168,0.7336019720851846,-1.1719209291167814,guidance
2026-01-01 12:02:04.900,0.4960834541480835,-0.22378199195130336,0.05173710369065708,-0.8343370716385077,guidance
2026-01-01 12:02:05.000,-0.05559289683050572,-0.36062060212311947,-0.3562165068139129,0.016377974487199243,guidance
2026-01-01 12:02:05.100,-0.5491384364899052,-0.005380870833048251,-0.4146552162401884,0.7436773661570416,guidance
2026-01-01 12:02:05.200,-0.7650520567525926,0.5766105618343397,-0.3528135012345105,1.1986100622395135,guidance
2026-01-01 12:02:05.300,-0.5651644602954546,1.141757834410466,-0.6514686809610918,1.0903238910839546,guidance
2026-01-01 12:02:05.400,-0.4246835407814612,1.3179622373467337,-1.1590025671183326,0.8257281601889618,guidance
2026-01-01 12:02:05.500,-0.6960731998173441,1.188722019607634,-1.555219858412299,0.8097090674127296,guidance
2026-01-01 12:02:05.600,-1.131529881845773,0.9216538424082625,-1.4979159820522994,0.9626738954256336,guidance
2026-01-01 12:02:05.700,-1.5150709142152696,0.825849245214064,-1.000421372527587,0.816027351823009,guidance
2026-01-01 12:02:05.800,-1.5083896208407552,1.186012818489469,-0.4198087433823112,0.44769857037529315,guidance
2026-01-01 12:02:05.900,-1.191168313441536,1.2899075349609148,-0.05150012070927903,-0.14298509389161784,guidance
2026-01-01 12:02:06.000,-0.7767851063904703,0.9935340732060876,-0.06598905064416355,-1.0151677402799175,guidance
2026-01-01 12:02:06.100,-0.7654877740651422,0.39023963919524873,0.03296518809105488,-1.3666615241684514,guidance
2026-01-01 12:02:06.200,-1.035450009377305,-0.29995616577403905,0.3881399718696589,-1.047344848950827,guidance
2026-01-01 12:02:06.300,-1.2099638964726234,-0.4793990052095586,1.0460198577175623,-0.7837926763526128,guidance
2026-01-01 12:02:06.400,-0.8349376925964475,-0.4254050973779733,1.4382048632912081,-0.7030141844991615,guidance
2026-01-01 12:02:06.500,-0.25031687349949283,-0.43402625601383316,1.5801953682589085,-0.8052035929237275,guidance
2026-01-01 12:02:06.600,0.2762710693485995,-0.697833965289366,1.062869455875834,-0.7483827236520277,guidance
2026-01-01 12:02:06.700,0.3594624690229403,-1.219899908602923,0.67954855957171,-0.13007611789787615,guidance
2026-01-01 12:02:06.800,0.12208410645218282,-1.5146954039826863,0.48447180862640477,0.7168989205270602,guidance
2026-01-01 12:02:06.900,0.13108268371599624,-1.5656758607975052,0.3963050930389163,1.4054054669147584,guidance
2026-01-01 12:02:07.000,0.5324383866591604,-0.9642307755799795,0.4208221905663535,1.4037454719118347,guidance
2026-01-01 12:02:07.100,1.0724248609253586,-0.6568661759529285,-0.13936152804694424,1.0752179833287316,guidance
2026-01-01 12:02:07.200,1.4348196899535888,-0.6602115008592131,-0.8934510439370692,0.7285820646112908,guidance
2026-01-01 12:02:07.300,1.3169621002312304,-0.7317538910070612,-1.4095882475599757,0.5850954535534194,guidance
2026-01-01 12:02:07.400,0.9908934339384,-0.7068439879300886,-1.3809086651319167,0.5502059344396597,guidance
2026-01-01 12:02:07.500,0.7547147274936985,-0.22896950692970805,-1.0757075140053687,0.36915423160660105,guidance
2026-01-01 12:02:07.600,0.9184345213561632,0.43232255531915287,-0.792747950926386,-0.2591512525444689,guidance
2026-01-01 12:02:07.700,1.3555776347709538,0.9356433565636235,-0.8105092492372957,-1.0062789801271717,guidance
2026-01-01 12:02:07.800,1.4133621940837329,0.9717374156039368,-0.908253327192628,-1.4408932581234213,guidance
2026-01-01 12:02:07.900,1.0105190517140799,0.7212937723191657,-0.6844956029928165,-1.4229357775082507,guidance
2026-01-01 12:02:08.000,0.36750608897843445,0.7516550983230688,-0.15015571090870602,-0.9250253751854609,guidance
2026-01-01 12:02:08.100,0.02345984828236168,1.0783416122431713,0.5937820722510839,-0.41572118489122034,guidance
2026-01-01 12:02:08.200,0.07025241460967252,1.4338685278009369,1.186810308313058,-0.2678532984728894,guidance
2026-01-01 12:02:08.300,0.2912739941096141,1.435872066370146,1.1382679535343554,-0.32224569758507854,guidance
2026-01-01 12:02:08.400,0.33490703596303606,0.9481347647026358,0.8714307922639241,-0.1325623864660962,guidance
2026-01-01 12:02:08.500,-0.2329237935035775,0.5016514957777468,0.8252945664537397,0.48791265045865506,guidance
2026-01-01 12:02:08.600,-0.8003669914182153,0.03462262284467105,0.9706434391944873,1.2598338844114862,guidance
2026-01-01 12:02:08.700,-1.1601273041481306,0.11796760172333959,1.292083827876713,1.5527875455612101,guidance
2026-01-01 12:02:08.800,-0.945625128837646,0.08450628705812731,1.1041198101282452,1.298833614370455,guidance
2026-01-01 12:02:08.900,-0.6710400722746368,-0.12093466430582328,0.5486431912810685,0.8102267548241532,guidance
2026-01-01 12:02:09.000,-0.7322423189153597,-0.5247512896740123,-0.24291318871895906,0.22137548967612766,guidance
2026-01-01 12:02:09.100,-1.1612267811804822,-1.2178508622303625,-0.7227329599089437,0.16254567005390808,guidance
2026-01-01 12:02:09.200,-1.4822625730144539,-1.4633866456550368,-0.8703155291227975,0.13227239006799818,guidance
2026-01-01 12:02:09.300,-1.4440966167259055,-1.1883699123642204,-0.661902841109542,-0.16729698307531676,guidance
2026-01-01 12:02:09.400,-1.1666356565325795,-0.907922992491603,-0.8609683055306347,-0.8444024980259112,guidance
2026-01-01 12:02:09.500,-0.5774293584279375,-0.7632791608276371,-1.1091910506893339,-1.5074820098109272,guidance
2026-01-01 12:02:09.600,-0.45654313465486956,-0.9816384609000702,-1.458578957355373,-1.6405472542949182,guidance
2026-01-01 12:02:09.700,-0.6304388570126684,-1.0915251415234404,-1.3536304910095702,-1.183772575550752,guidance
2026-01-01 12:02:09.800,-0.7683473746583946,-0.9656051498039085,-0.7811901200790184,-0.523523332662453,guidance
2026-01-01 12:02:09.900,-0.5611050338710256,-0.22886117573315617,-0.13160602265483756,-0.14453274933940247,guidance
2026-01-01 12:02:10.000,0.018519543648818856,0.32507814166681687,0.4311120916660917,0.06380490703621322,guidance
2026-01-01 12:02:10.100,0.5766328847079321,0.7642584658272822,0.36804546808628524,0.14270378962376273,guidance
2026-01-01 12:02:10.200,0.7551350493844017,0.538836480272173,0.4041291419048921,0.3795538153530729,guidance
2026-01-01 12:02:10.300,0.6596152211173989,0.4988229648768421,0.584593442441149,1.065675486315221,guidance
2026-01-01 12:02:10.400,0.4582091901786027,0.6051880471584838,1.1301274361398397,1.485094171857468,guidance
2026-01-01 12:02:10.500,0.5964173144644844,1.1223812691446784,1.4648304953594387,1.5415108972599716,guidance
2026-01-01 12:02:10.600,1.098097170523274,1.5032483327291264,1.525390717646381,0.8767935778907854,guidance
2026-01-01 12:02:10.700,1.4543198046828765,1.4529344413017207,1.0194130533470909,0.3369511060896881,guidance
2026-01-01 12:02:10.800,1.5110771663249418,1.0521807387879882,0.40025780668563304,-0.1948823559009096,guidance
2026-01-01 12:02:10.900,1.1196352172734405,0.5376686656180348,0.06037548169833461,-0.24357797368238235,guidance
2026-01-01 12:02:11.000,0.7111874568774861,0.33793042242646404,-0.008134624166188556,-0.3325955917015612,guidance
2026-01-01 12:02:11.100,0.7075110306594382,0.5503378004539965,-0.03950388499091686,-0.6857005373202402,guidance
2026-01-01 12:02:11.200,0.9880836311424633,0.5429367909603395,-0.4202155318436122,-1.1905998788288228,guidance
2026-01-01 12:02:11.300,1.0763728662085423,0.07825720680235197,-1.0135919704679344,-1.523907460558042,guidance
2026-01-01 12:02:11.400,0.7735733408754396,-0.395844277982178,-1.5540492377366508,-1.2697108679641183,guidance
2026-01-01 12:02:11.500,0.2822774226844437,-1.1684480297902742,-1.5110689949074725,-0.599411530870491,guidance
2026-01-01 12:02:11.600,-0.3485603177140997,-1.1346659750917956,-0.9751542179498616,0.22149342809026432,guidance
2026-01-01 12:02:11.700,-0.31841717320683083,-0.9894644184303772,-0.5924293386817524,0.4325346091025435,guidance
2026-01-01 12:02:11.800,-0.171315064084103,-0.7894714816790886,-0.44256719378524945,0.5323574927812601,guidance
2026-01-01 12:02:11.900,-0.07157867737710011,-0.960618546654775,-0.4895729434930972,0.5517874709299848,guidance
2026-01-01 12:02:12.000,-0.34949007869220633,-1.305394778686293,-0.384238944308514,0.8691456200300713,guidance
2026-01-01 12:02:12.100,-1.0788255672935847,-1.4519500374753755,0.16090202407173704,1.3628202229457045,guidance
2026-01-01 12:02:12.200,-1.3780321441054233,-1.0501035828885044,0.8817906204473674,1.448920479433907,guidance
2026-01-01 12:02:12.300,-1.3330667953842883,-0.41850363117761147,1.330920099576283,1.1011474740802487,guidance
2026-01-01 12:02:12.400,-1.1622080230020781,0.14672260696342826,1.451373631448528,0.4156716272055879,guidance
2026-01-01 12:02:12.500,-0.7022829967923306,0.18478194229542522,1.0429110180578252,-0.4217972943368563,guidance
2026-01-01 12:02:12.600,-0.9285144068711695,0.10018949212335648,0.753270136694569,-0.6024299630203362,guidance
2026-01-01 12:02:12.700,-1.3345531181394734,0.19199795982344428,0.8234113358604398,-0.6987791199746551,guidance
2026-01-01 12:02:12.800,-1.4138628788486578,0.6684379820223197,0.8620515835471052,-0.6595293767339452,guidance
2026-01-01 12:02:12.900,-1.0379639698423555,1.2801272845833505,0.7913840443256676,-0.9322770194810923,guidance
2026-01-01 12:02:13.000,-0.5671280113753393,1.6147483591106377,0.21707285926883402,-1.3954833014738803,guidance
2026-01-01 12:02:13.100,-0.08627678985779204,1.3574321015227724,-0.5697896151442601,-1.2894329074931332,guidance
2026-01-01 12:02:13.200,-0.18358582866832898,0.977887096849612,-1.1645593035477138,-0.66897415470878,guidance
2026-01-01 12:02:13.300,-0.26222602325924793,0.6855058478303494,-1.1486034171402286,-0.03695901916968575,guidance
2026-01-01 12:02:13.400,-0.24038007849989337,0.7537047969730855,-0.8480857938027174,0.7029874098528808,guidance
2026-01-01 12:02:13.500,0.15861573359989803,0.9258171447866398,-0.7950206372419368,0.8266654576332687,guidance
2026-01-01 12:02:13.600,0.848437183219897,0.9215425927252159,-1.0156076434348489,0.7379199498000092,guidance
2026-01-01 12:02:13.700,1.1821499150269361,0.280554960211147,-1.1185576695740451,0.7503089283516569,guidance
2026-01-01 12:02:13.800,1.050382148405318,-0.4395180140712533,-1.0910215968963646,1.0723187648207295,guidance
2026-01-01 12:02:13.900,0.8168041830706413,-0.8849888149042061,-0.4540926042261914,1.3190518010843137,guidance
2026-01-01 12:02:14.000,0.8200695201917727,-0.8185408689859476,0.27445191484771186,1.0810742745839432,guidance
2026-01-01 12:02:14.100,1.1237591929285413,-0.6597044404780946,0.7764323482210611,0.32874735306208946,guidance
2026-01-01 12:02:14.200,1.4799507364359488,-0.6490203739244932,0.7927911090402167,-0.3977174914651582,guidance
2026-01-01 12:02:14.300,1.5449417863178332,-1.1431055538586368,0.7073167131100624,-0.984580937398021,guidance
2026-01-01 12:02:14.400,1.2341980191858346,-1.5011611313847828,0.7782038614037866,-0.9538452071485898,guidance
2026-01-01 12:02:14.500,0.7320845208237707,-1.446950294236323,1.160672254648051,-0.8473779570725679,guidance
2026-01-01 12:02:14.600,0.44566426751570837,-0.956647360993853,1.4295042870422148,-0.8824161947984851,guidance
2026-01-01 12:02:14.700,0.6545333783830104,-0.5139765521600546,1.34188289506197,-0.950590549379109,guidance
2026-01-01 12:02:14.800,0.8029796769967782,-0.1819614337339853,0.8018375682868704,-1.0691499203590125,guidance
2026-01-01 12:02:14.900,0.5552327895725495,-0.18172627524334053,0.05610743058902376,-0.7817704245403294,guidance
2026-01-01 12:02:15.000,-0.03443585875052784,-0.35299379147408616,-0.35618296598759447,-0.09600974312245009,guidance
2026-01-01 12:02:15.100,-0.5831825583503435,-0.03958171205767098,-0.3739938168914091,0.7056590388475157,guidance
2026-01-01 12:02:15.200,-0.8192133481639288,0.5850891060361257,-0.3274911011848309,1.2678639150650517,guidance
2026-01-01 12:02:15.300,-0.6770909781533936,1.1804519120286763,-0.5504981621695333,1.1137436794785973,guidance
2026-01-01 12:02:15.400,-0.44711740820734847,1.4253134515155428,-1.1887886279884055,0.8911431009091798,guidance
2026-01-01 12:02:15.500,-0.6496857794819358,1.0935839420321436,-1.5922329751589825,0.767307394620694,guidance
2026-01-01 12:02:15.600,-1.1145112878364196,0.7971368974271855,-1.5295023365270197,0.9962229852392317,guidance
2026-01-01 12:02:15.700,-1.5510744180603386,0.9056232939864587,-0.9459026747692384,0.9269036575205201,guidance
2026-01-01 12:02:15.800,-1.5684562085717253,1.1111204077667023,-0.4233319885600304,0.47545877618393,guidance
2026-01-01 12:02:15.900,-1.1331634064009453,1.3195905040567342,0.010575982957565337,-0.30009383106970455,guidance
2026-01-01 12:02:16.000,-0.7660805271527108,0.9935534025216042,-0.05141850345176834,-1.088552867248068,guidance
2026-01-01 12:02:16.100,-0.7965717988268106,0.434985070795533,-0.001901117766269043,-1.4055283239029819,guidance
2026-01-01 12:02:16.200,-1.0699659070098773,-0.22780399165143883,0.38515222554776163,-1.0718121071271867,guidance
2026-01-01 12:02:16.300,-1.2254705794495433,-0.4345345596113842,1.0556268819331105,-0.7915597170286167,guidance
2026-01-01 12:02:16.400,-0.767531616237388,-0.3477338308708403,1.5089230894258379,-0.6580600303397496,guidance
2026-01-01 12:02:16.500,-0.2723308326921846,-0.3333576190869577,1.5389383145220101,-0.7765252085490258,guidance
2026-01-01 12:02:16.600,0.30273381499323915,-0.7079781320067249,1.1152473004436192,-0.6072558581687637,guidance
2026-01-01 12:02:16.700,0.44267724641808137,-1.17229195658189,0.6195315313319983,-0.10326408441310075,guidance
2026-01-01 12:02:16.800,0.10481750895734157,-1.5255499483832675,0.3839481412306624,0.6417661301694789,guidance
2026-01-01 12:02:16.900,0.11560471150820922,-1.476781548929535,0.5575817676162826,1.4149786213894975,guidance
2026-01-01 12:02:17.000,0.5237418179296106,-1.0027227794289724,0.40147025830977046,1.482375106671961,guidance
2026-01-01 12:02:17.100,0.976571798144398,-0.582013965261373,-0.09924524481649988,0.9915981918425885,guidance
2026-01-01 12:02:17.200,1.3628741425237658,-0.4730649297300385,-0.8352724160204203,0.5999963224859244,guidance
2026-01-01 12:02:17.300,1.279753894679289,-0.6626770022915733,-1.337611968466156,0.5323786225549968,guidance
2026-01-01 12:02:17.400,0.9365005247556859,-0.6831410441886128,-1.358768972403429,0.6140211499602057,guidance
2026-01-01 12:02:17.500,0.7174283519288929,-0.23644743562058815,-1.1107138663335023,0.3217274806015023,guidance
2026-01-01 12:02:17.600,0.9819779383296716,0.5055802482637047,-0.8677530313996231,-0.2043076097826277,guidance
2026-01-01 12:02:17.700,1.2997774805429685,0.959570750844542,-0.80471568249431,-0.9422389988516884,guidance
2026-01-01 12:02:17.800,1.4284142981199308,0.9263703527188508,-0.9340960710191388,-1.4148010586731452,guidance
2026-01-01 12:02:17.900,1.0962193073362452,0.7670534790104131,-0.7433648585973861,-1.5068394388832376,guidance
2026-01-01 12:02:18.000,0.37631204780401517,0.6779313459845439,-0.18414934088546875,-1.005459413871456,guidance
2026-01-01 12:02:18.100,0.13640922192619553,0.962760853476978,0.6998031666349467,-0.4602725376637889,guidance
2026-01-01 12:02:18.200,0.0916373797528954,1.5614104891390166,1.0934502255697984,-0.4008546897928741,guidance
2026-01-01 12:02:18.300,0.3445701538008214,1.5204982975134516,1.1580800425399553,-0.2887828910787646,guidance
2026-01-01 12:02:18.400,0.21967228510906295,1.0903483347442806,0.8405833672050637,-0.1052694498276084,guidance
2026-01-01 12:02:18.500,-0.26008571681254233,0.40247899364568535,0.760711834329582,0.5585653045612861,guidance
2026-01-01 12:02:18.600,-0.7833540749670777,0.05271066103775448,0.9499327006745922,1.212342768242092,guidance
2026-01-01 12:02:18.700,-1.0550911959710874,0.044438597069483346,1.2277477885572097,1.5360051591739996,guidance
2026-01-01 12:02:18.800,-0.988707514605268,0.14729396696589275,1.0012881256883155,1.3400294206018446,guidance
2026-01-01 12:02:18.900,-0.8216477549114675,-0.11167671280221544,0.4466643421736486,0.7882899173360083,guidance
2026-01-01 12:02:19.000,-0.7567824787801853,-0.5555811257220573,-0.2457532101090632,0.29472257611436403,guidance
2026-01-01 12:02:19.100,-1.0147665926428249,-1.2859433841960033,-0.679456491322688,0.208667604563109,guidance
2026-01-01 12:02:19.200,-1.6057981380886797,-1.5185246010859632,-0.7558395481705145,0.15380421028839292,guidance
2026-01-01 12:02:19.300,-1.4620429099000787,-1.1901916050039822,-0.7068874434968524,-0.19860174253350926,guidance
2026-01-01 12:02:19.400,-1.138219957290244,-0.8806948321264012,-0.8276781060902074,-0.7722160788040644,guidance
2026-01-01 12:02:19.500,-0.6767381367103931,-0.78640137308663,-1.0490282859128799,-1.5071830492299427,guidance
2026-01-01 12:02:19.600,-0.4969895351854413,-0.8670420898539712,-1.4035527494384246,-1.56730665928863,guidance
2026-01-01 12:02:19.700,-0.6559763047990722,-1.1143474859142841,-1.3462728652530342,-1.1239746746025054,guidance
2026-01-01 12:02:19.800,-0.7698491456957159,-1.0019574731584295,-0.7898682808033851,-0.5806681442488139,guidance
2026-01-01 12:02:19.900,-0.6141799099620123,-0.33312718906516753,-0.11938080500621606,-0.16229796594214363,guidance
2026-01-01 12:02:20.000,-0.032385230932329256,0.3574464107025229,0.39930911271351605,0.08175620892267232,guidance
2026-01-01 12:02:20.100,0.601935518820176,0.6325928284210096,0.3788308603549654,-0.02165059604630376,guidance
2026-01-01 12:02:20.200,0.7297648879221681,0.5958373345374032,0.39041564972891313,0.5388401110792977,guidance
2026-01-01 12:02:20.300,0.6406292913517118,0.5067742019872338,0.6512549114337661,1.0504892746578478,guidance
2026-01-01 12:02:20.400,0.3651979980375953,0.6861103693115145,1.1481734001817592,1.4870606512604827,guidance
2026-01-01 12:02:20.500,0.6516203870773005,1.1571853814348518,1.591816497592958,1.434897855635009,guidance
2026-01-01 12:02:20.600,1.0974548336021708,1.528142438414927,1.471974071772347,0.9733973021102301,guidance
2026-01-01 12:02:20.700,1.442697668242308,1.4635103194364207,0.9783784767174848,0.24125952728075073,guidance
2026-01-01 12:02:20.800,1.4941601940512341,1.0745473926889988,0.3460282783479248,-0.25411605118868086,guidance
2026-01-01 12:02:20.900,0.9929959621485931,0.5990155184065499,0.053824015449078756,-0.2703862390909418,guidance
2026-01-01 12:02:21.000,0.7481547965856433,0.369764877808289,-0.0015482432019324754,-0.2884476332695236,guidance
2026-01-01 12:02:21.100,0.781394266897411,0.5554191125029363,0.07945356979343977,-0.7017260943717933,guidance
2026-01-01 12:02:21.200,1.0072803888941744,0.5710445919360909,-0.3901437845241449,-1.1891630711789585,guidance
2026-01-01 12:02:21.300,1.107342438551953,0.09717284140944496,-0.9964107356524852,-1.5049539498358948,guidance
2026-01-01 12:02:21.400,0.8650643284695844,-0.6592333121495078,-1.449963081786463,-1.2854296972578079,guidance
2026-01-01 12:02:21.500,0.21718144589805824,-1.0649499850866042,-1.494229976331995,-0.7318366308932427,guidance
2026-01-01 12:02:21.600,-0.16198246050886397,-1.2199678974364394,-0.979192932110236,0.04639250520440747,guidance
2026-01-01 12:02:21.700,-0.31989264700736775,-1.0548319487170745,-0.6604509098914062,0.4035153023963942,guidance
2026-01-01 12:02:21.800,-0.11074607579130943,-0.7623060407738421,-0.4190833467720053,0.5156636869287967,guidance
2026-01-01 12:02:21.900,-0.1391648892232548,-1.0103954064750957,-0.562297378889308,0.44856470283019434,guidance
2026-01-01 12:02:22.000,-0.4414804394873154,-1.2822932889716288,-0.36100001447856594,0.8435430106308497,guidance
2026-01-01 12:02:22.100,-1.0323233785183044,-1.4183765393179768,0.18206513081087317,1.3312189104900876,guidance
2026-01-01 12:02:22.200,-1.3966283127881758,-1.0332978311487688,0.7781567775682409,1.4549990172130056,guidance
2026-01-01 12:02:22.300,-1.332432457715546,-0.3809257983418075,1.4499785220942298,1.1694515647350394,guidance
2026-01-01 12:02:22.400,-1.0256156163088745,0.16269873259602763,1.372162532336243,0.26426148627489093,guidance
2026-01-01 12:02:22.500,-0.7787098738705968,0.22472610853578295,1.0371288296673897,-0.4410887317943673,guidance
2026-01-01 12:02:22.600,-0.9883293522256754,0.11433991179630335,0.7141874976435415,-0.61388542147147,guidance
2026-01-01 12:02:22.700,-1.3333163497130447,0.11131120162266124,0.7298096512322884,-0.5953286717493347,guidance
2026-01-01 12:02:22.800,-1.4151324088332078,0.5876022450866052,0.8725086592393055,-0.5545761881494923,guidance
2026-01-01 12:02:22.900,-1.0010277988501728,1.1284255532957903,0.8399937774625934,-0.8834861887838731,guidance
2026-01-01 12:02:23.000,-0.44403672493086077,1.457197343901515,0.19224183199296216,-1.4210347763377096,guidance
2026-01-01 12:02:23.100,-0.10296110432663377,1.3502316456074068,-0.5210804439401184,-1.382731477905564,guidance
2026-01-01 12:02:23.200,-0.14546831666758378,0.9152768729813408,-1.0507777904363245,-0.8335508837959156,guidance
2026-01-01 12:02:23.300,-0.39023369560299553,0.7939667900290963,-1.1108066149506381,0.15793217345964536,guidance
2026-01-01 12:02:23.400,-0.24401179116741828,0.8226109160348377,-0.8076102128296394,0.6949028911580977,guidance
2026-01-01 12:02:23.500,0.2669803124798295,1.0088781127715487,-0.8808365122236073,0.9137597733119168,guidance
2026-01-01 12:02:23.600,0.8150063733048988,0.8690447993038172,-0.9649189799860413,0.7273750809316331,guidance
2026-01-01 12:02:23.700,1.1290249526124148,0.2581784667630335,-1.2162864374070435,0.7476736294210691,guidance
2026-01-01 12:02:23.800,1.0834052656181892,-0.36576018417002404,-1.1326753397708889,1.018624128576783,guidance
2026-01-01 12:02:23.900,0.7638389635830404,-0.7772128553182992,-0.48047828490735944,1.2503397674493746,guidance
2026-01-01 12:02:24.000,0.7428487020048938,-0.7803493978500349,0.2847782559136889,1.190347784969294,guidance
2026-01-01 12:02:24.100,1.1669909562139373,-0.5865594234121899,0.6804697142177993,0.3777385393226457,guidance
2026-01-01 12:02:24.200,1.5877027580454253,-0.6364840761272956,0.7831798377141896,-0.4381965423699383,guidance
2026-01-01 12:02:24.300,1.5269793646198082,-1.1318440924891382,0.6618618176018081,-0.9670862756910865,guidance
2026-01-01 12:02:24.400,1.0659978195387496,-1.497493286638454,0.7443891942246282,-1.0407825639782546,guidance
2026-01-01 12:02:24.500,0.6432879307261217,-1.4620826009963264,1.1395956998150687,-0.8991866862534643,guidance
2026-01-01 12:02:24.600,0.5222685946222942,-1.1324818126208536,1.492172978420637,-0.7772553709493394,guidance
2026-01-01 12:02:24.700,0.6690693353496296,-0.5229868348071114,1.4233094908556212,-1.0016593858186644,guidance
2026-01-01 12:02:24.800,0.7919186517695388,-0.22964314962487528,0.6760174469316783,-1.1570891291467644,guidance
2026-01-01 12:02:24.900,0.5445060945533149,-0.25850929130028,0.11776672382324753,-0.8424820742906697,guidance
2026-01-01 12:02:25.000,-0.016529880445074772,-0.3606849451734832,-0.3857772687181587,-0.030483655127559448,guidance
2026-01-01 12:02:25.100,-0.5645539531294302,-0.08843185446590393,-0.42671878445558126,0.8013966530045807,guidance
2026-01-01 12:02:25.200,-0.7747625879360979,0.5947884244827372,-0.3540020158699969,1.151085734316031,guidance
2026-01-01 12:02:25.300,-0.507980248659129,1.1075543134429005,-0.563242735238243,1.14386417500614,guidance
2026-01-01 12:02:25.400,-0.4068545460770868,1.37510269472793,-1.1050139984745198,0.8116488271352491,guidance
2026-01-01 12:02:25.500,-0.6249588420130249,1.2094909763042865,-1.6050014735236597,0.6793759107791754,guidance
2026-01-01 12:02:25.600,-1.1842130902116563,0.8721401356924484,-1.511117644869789,0.9100730550148641,guidance
2026-01-01 12:02:25.700,-1.6774704093435977,0.8484080829646591,-0.9589294339581593,0.9386028127583591,guidance
2026-01-01 12:02:25.800,-1.4390649571131477,1.1162384375500691,-0.2849161128566027,0.5284091629207031,guidance
2026-01-01 12:02:25.900,-1.1048780963836715,1.2746928634004047,-0.08867339043894673,-0.3473261280086296,guidance
2026-01-01 12:02:26.000,-0.8428700927165096,0.9436440672930303,-0.011198621714314468,-1.0115437909362903,guidance
2026-01-01 12:02:26.100,-0.8110543533573134,0.39667527129358215,-0.02184473413168471,-1.3415911619666012,guidance
2026-01-01 12:02:26.200,-1.1047155016833952,-0.1938255969810104,0.40540316875058235,-1.0559577500203683,guidance
2026-01-01 12:02:26.300,-1.2010423204106586,-0.36328659553527887,0.9663730605022329,-0.8022367463133713,guidance
2026-01-01 12:02:26.400,-0.9121855150354407,-0.27791344472235596,1.4903261680844608,-0.7565739532070929,guidance
2026-01-01 12:02:26.500,-0.3264285785722324,-0.2800911420371911,1.4800492120971005,-0.7552161982991809,guidance
2026-01-01 12:02:26.600,0.23739098096099043,-0.6389880653383796,1.0235171407796093,-0.6614265143583764,guidance
2026-01-01 12:02:26.700,0.31542713837583786,-1.2328061868346938,0.593626363760668,-0.1757649962005835,guidance
2026-01-01 12:02:26.800,0.16171660010712655,-1.6371621734335609,0.40981964249111646,0.6854237544608864,guidance
2026-01-01 12:02:26.900,0.035450714067585945,-1.4411833388233426,0.4636384191232657,1.3490854597470532,guidance
2026-01-01 12:02:27.000,0.3910097173434921,-0.9635938707515929,0.36366520060607843,1.3634275137005014,guidance
2026-01-01 12:02:27.100,1.1242709780665492,-0.7030504930019709,-0.13198478265239086,1.1566559561247127,guidance
2026-01-01 12:02:27.200,1.3896481357381891,-0.6426971893388751,-0.7749796973263642,0.7999558738037372,guidance
2026-01-01 12:02:27.300,1.3962548909654349,-0.7023555296416888,-1.4381302116129226,0.6077572804374939,guidance
2026-01-01 12:02:27.400,0.9841012337333265,-0.7951805458221565,-1.420157644977462,0.4858634922062934,guidance
2026-01-01 12:02:27.500,0.8282798551583436,-0.22673279131291668,-0.9928516354485395,0.447905040657051,guidance
2026-01-01 12:02:27.600,0.9513513142487078,0.42878781344563616,-0.7563161599013123,-0.2145786322078165,guidance
2026-01-01 12:02:27.700,1.2784192495676567,0.9158019976298216,-0.779725534956247,-1.0423201952440149,guidance
2026-01-01 12:02:27.800,1.3501727959477405,0.9971306666987214,-1.0417185743627195,-1.5027831357848906,guidance
2026-01-01 12:02:27.900,1.0594291488691667,0.810954799919771,-0.7278185770453476,-1.4156468770590174,guidance
2026-01-01 12:02:28.000,0.3468124413695224,0.7902242783493949,-0.19023854009889687,-0.9347932615069571,guidance
2026-01-01 12:02:28.100,0.20468269989741045,0.9709306574486455,0.607327674753213,-0.5221759189819204,guidance
2026-01-01 12:02:28.200,0.11895416221152885,1.3996687588611023,1.0774424682949704,-0.33800011714658756,guidance
2026-01-01 12:02:28.300,0.3422758272152615,1.3520599055329672,1.168982446691384,-0.3968755605645943,guidance
2026-01-01 12:02:28.400,0.18499086260898362,1.0874445225149485,1.0179482788656566,-0.02086529016010491,guidance
2026-01-01 12:02:28.500,-0.2394294763491511,0.4946874205048768,0.8746680638943775,0.5529295008629198,guidance
2026-01-01 12:02:28.600,-0.9522684643566698,0.02044763364774106,0.989405056765201,1.2153354272795192,guidance
2026-01-01 12:02:28.700,-1.1825666169073634,0.041847626280902286,1.3551518033990733,1.5346228426260284,guidance
2026-01-01 12:02:28.800,-0.9454582040450775,0.11479610665824,1.254498348534238,1.405720349143108,guidance
2026-01-01 12:02:28.900,-0.8094226530238774,-0.06693857632458594,0.408970996035563,0.7789665375579318,guidance
2026-01-01 12:02:29.000,-0.7704755156497073,-0.5328462607437269,-0.33576570215746204,0.2880252206444223,guidance
2026-01-01 12:02:29.100,-1.0380877078078863,-1.3287204222746525,-0.7953360817779959,0.1686670853671054,guidance
2026-01-01 12:02:29.200,-1.475276526894686,-1.4665689511922826,-0.7819572887238578,0.1420794029053935,guidance
2026-01-01 12:02:29.300,-1.5513245132811175,-1.286464445876226,-0.6412452673116538,-0.131964579125953,guidance
2026-01-01 12:02:29.400,-1.1307082539764437,-0.8805652802845775,-0.7272965744691922,-0.8025427541927386,guidance
2026-01-01 12:02:29.500,-0.6216645381987249,-0.8839019001497523,-1.1367399659968567,-1.443160998856772,guidance
2026-01-01 12:02:29.600,-0.46106006454694504,-0.9126986615055885,-1.4105414885006766,-1.5559681327101276,guidance
2026-01-01 12:02:29.700,-0.5579609882689562,-1.167623711148559,-1.3546583770072602,-1.1887868238778563,guidance
2026-01-01 12:02:29.800,-0.8320041542960606,-1.0166739746219762,-0.8469827755797571,-0.534888523275549,guidance
2026-01-01 12:02:29.900,-0.578453895418447,-0.2970838171283647,-0.026206383718452738,-0.0834294458600936,guidance
2026-01-01 12:02:30.000,-0.09339622022673802,0.3380513497469768,0.3068088778719371,0.09894299271714627,guidance
2026-01-01 12:02:30.100,0.5445983235114445,0.6795603093641527,0.38958611862076786,0.18984381473773138,guidance
2026-01-01 12:02:30.200,0.7892750238519309,0.637660585995233,0.43651104469719293,0.4757472477008765,guidance
2026-01-01 12:02:30.300,0.623613266424328,0.4146980301365949,0.6589429101055274,1.1215609853791946,guidance
2026-01-01 12:02:30.400,0.5645536430050967,0.6422406124298248,1.0410731030411775,1.5395208586889102,guidance
2026-01-01 12:02:30.500,0.6702573231093197,1.0316728585620392,1.6069122206448205,1.4126355953751326,guidance
2026-01-01 12:02:30.600,1.0780083507543015,1.5399366794023917,1.5438403665841705,1.014081860799477,guidance
2026-01-01 12:02:30.700,1.5784022279712102,1.4541646603769134,0.8661631653206807,0.14615072770237864,guidance
2026-01-01 12:02:30.800,1.584876851732044,1.078890469915613,0.311109251561421,-0.10451236603650343,guidance
2026-01-01 12:02:30.900,1.1596067770211949,0.5831506492236302,0.1041489023169134,-0.21309707790283258,guidance
2026-01-01 12:02:31.000,0.7989999307171153,0.3812822543776808,-0.019533453130881916,-0.29452662378187994,guidance
2026-01-01 12:02:31.100,0.7571546752376874,0.5318709931097333,0.059624263974836916,-0.6710900866720421,guidance
2026-01-01 12:02:31.200,0.9580373486832985,0.5558810086464544,-0.36262176908134564,-1.2213677421391098,guidance
2026-01-01 12:02:31.300,1.1755904004351545,0.12501144869627945,-0.9327477157923784,-1.557086268202592,guidance
2026-01-01 12:02:31.400,0.8677734389599581,-0.4631922372548946,-1.5653588442051967,-1.359907566672266,guidance
2026-01-01 12:02:31.500,0.24547464476580524,-1.1617929200373915,-1.3850280302856586,-0.6373332555611368,guidance
2026-01-01 12:02:31.600,-0.28151716931354387,-1.1996719795945432,-1.0208093676537646,0.09353347507976136,guidance
2026-01-01 12:02:31.700,-0.2749724222265418,-0.9384287959841254,-0.6083416922633729,0.3476390555343642,guidance
2026-01-01 12:02:31.800,-0.22171863697252508,-0.8483110125163028,-0.3792441921391657,0.45596985876388835,guidance
2026-01-01 12:02:31.900,-0.21122378409788783,-0.9364293995797094,-0.5997561618146914,0.631969692434527,guidance
2026-01-01 12:02:32.000,-0.4733711248114925,-1.2170800963456223,-0.38291780816160315,0.794087187204491,guidance
2026-01-01 12:02:32.100,-1.0933737297415063,-1.4619206557762305,0.14658510588487744,1.3818563251526383,guidance
2026-01-01 12:02:32.200,-1.3807177017300538,-1.1045712113429127,0.8566223471464127,1.4171001124959974,guidance
2026-01-01 12:02:32.300,-1.3646229071003677,-0.43233447961595045,1.4037076885111925,1.010288145158541,guidance
2026-01-01 12:02:32.400,-1.0781814302972708,0.15374488777466197,1.4334128456261244,0.29488527874336545,guidance
2026-01-01 12:02:32.500,-0.8404915252155204,0.21509503782125208,1.0020909824871282,-0.3850511458660309,guidance
2026-01-01 12:02:32.600,-0.9876153871688921,0.15632495593993692,0.719616086219678,-0.6482031833568055,guidance
2026-01-01 12:02:32.700,-1.335247918621021,0.13225740610362557,0.6708761591704259,-0.681180301510517,guidance
2026-01-01 12:02:32.800,-1.3446353860329576,0.6014334614312218,0.8837513022329764,-0.7229699681512611,guidance
2026-01-01 12:02:32.900,-1.1506150551180276,1.2739770209732357,0.7821976654331311,-0.9484911009371172,guidance
2026-01-01 12:02:33.000,-0.44526942136082354,1.6004094524129875,0.3028524541670865,-1.3188256112877037,guidance
2026-01-01 12:02:33.100,-0.062000407644095756,1.3965525545511444,-0.6788100390906714,-1.2429434980787961,guidance
2026-01-01 12:02:33.200,-0.10950745083270991,0.9596239936270721,-1.0556851465147572,-0.7606839790806487,guidance
2026-01-01 12:02:33.300,-0.3707674841142127,0.6929844171036411,-1.1640409935972704,0.028709769804142696,guidance
2026-01-01 12:02:33.400,-0.2019862117596649,0.7277621147272009,-0.9511751927559889,0.6968888500785673,guidance
2026-01-01 12:02:33.500,0.2084628586572728,1.0134057066072228,-0.9258977852983786,0.9107983903618275,guidance
2026-01-01 12:02:33.600,0.762047145416998,0.8276846955169977,-1.062451457638849,0.7298733393157074,guidance
2026-01-01 12:02:33.700,1.0707516276704154,0.3382577406556589,-1.1930451376227018,0.7548242013241019,guidance
2026-01-01 12:02:33.800,1.0150493108402674,-0.37797529518573464,-1.0267050240758109,1.0066179817019667,guidance
2026-01-01 12:02:33.900,0.800538028663789,-0.8644643532870527,-0.47826025183435983,1.3381060987924867,guidance
2026-01-01 12:02:34.000,0.7705486370102661,-0.797970237455884,0.23920464334543592,1.0905917008327612,guidance
2026-01-01 12:02:34.100,1.2275783667308442,-0.6786901371526224,0.7832748201558426,0.40737894152956683,guidance
2026-01-01 12:02:34.200,1.49275691915421,-0.8051876699793585,0.7525596150611311,-0.3547712532806161,guidance
2026-01-01 12:02:34.300,1.5235964374832203,-1.048655204915311,0.711648790639344,-0.9939616169267974,guidance
2026-01-01 12:02:34.400,1.1125765741318907,-1.5134562604655057,0.7102638046830955,-0.9766202035124789,guidance
2026-01-01 12:02:34.500,0.715124440409233,-1.5182106346991502,1.1198067595256307,-0.9007626018310537,guidance
2026-01-01 12:02:34.600,0.42857787358551874,-1.1435034999346703,1.503934636595174,-0.8262961434440564,guidance
2026-01-01 12:02:34.700,0.5422861511227415,-0.5024941329117334,1.3960281698462214,-1.014891105002232,guidance
2026-01-01 12:02:34.800,0.8208710319350219,-0.23048703487068098,0.7982699845279688,-1.1168541911229923,guidance
2026-01-01 12:02:34.900,0.670975833650947,-0.2721354771646605,0.07103799121753107,-0.7675619488027671,guidance
2026-01-01 12:02:35.000,0.06038715504499335,-0.3836237736581098,-0.3711743644717787,-0.04300485707493955,guidance
2026-01-01 12:02:35.100,-0.5486278663727969,-0.07361369368919463,-0.3225280559963102,0.7246904486305499,guidance
2026-01-01 12:02:35.200,-0.7565868709800644,0.46466162486516693,-0.3562565597278987,1.151402805500032,guidance
2026-01-01 12:02:35.300,-0.5369598386687827,1.1880345119156932,-0.6531892183831252,1.2343208107963197,guidance
2026-01-01 12:02:35.400,-0.3654520450940324,1.3191925537900733,-1.115403388066037,0.8496082163867931,guidance
2026-01-01 12:02:35.500,-0.6222466013044262,1.125440705772281,-1.5604413374657036,0.6926409775468195,guidance
2026-01-01 12:02:35.600,-1.2122614492944288,0.7865969637121808,-1.4981585683569445,0.9897474855171063,guidance
2026-01-01 12:02:35.700,-1.5330378403433682,0.8762577924033234,-0.9538371841810811,1.009194474990159,guidance
2026-01-01 12:02:35.800,-1.4957557240626402,1.0916279838439373,-0.3059985070972706,0.4910801342817534,guidance
2026-01-01 12:02:35.900,-1.0855727070050707,1.3128665773482253,0.0255848791293211,-0.33685993562034366,guidance
2026-01-01 12:02:36.000,-0.7375275654109028,1.0314474490964736,0.014164936638310241,-0.9389429240722877,guidance
2026-01-01 12:02:36.100,-0.6669938395410513,0.39402527027797435,0.005057372348584655,-1.3688745020446123,guidance
2026-01-01 12:02:36.200,-1.0003351849514803,-0.30503124136343746,0.34448545091955557,-1.0716396335069505,guidance
2026-01-01 12:02:36.300,-1.1510187279905388,-0.45052625283329917,1.0736006009293715,-0.8315027797853984,guidance
2026-01-01 12:02:36.400,-0.7577888106596404,-0.28477795220077895,1.6274243811627014,-0.7044302328738125,guidance
2026-01-01 12:02:36.500,-0.3029385250117539,-0.38949999794831247,1.5424065223188566,-0.7636649400065371,guidance
2026-01-01 12:02:36.600,0.19004905967880809,-0.5904888626652232,1.0632540068525613,-0.7182556299896516,guidance
2026-01-01 12:02:36.700,0.3509952908902925,-1.1851933291566472,0.6339781318117499,-0.22335385618026385,guidance
2026-01-01 12:02:36.800,0.2237880571659983,-1.5821902748899674,0.47522224093157495,0.6881066906327835,guidance
2026-01-01 12:02:36.900,0.022603673515137243,-1.4083040807520646,0.5185935780941227,1.278822126021379,guidance
2026-01-01 12:02:37.000,0.44143686296213736,-1.016635431366672,0.43314993710586325,1.420082829243811,guidance
2026-01-01 12:02:37.100,1.0241972630465501,-0.6085489627383223,-0.1225719138794004,1.0485506119331511,guidance
2026-01-01 12:02:37.200,1.4726326948154627,-0.6255727951504096,-0.7895586161962832,0.6967336519977388,guidance
2026-01-01 12:02:37.300,1.2683823866473454,-0.8273778970255297,-1.3567767124290504,0.5778200246799151,guidance
2026-01-01 12:02:37.400,1.0009256225299845,-0.6257004973517012,-1.3241610814946845,0.5540579492060936,guidance
2026-01-01 12:02:37.500,0.8616012093959533,-0.25831391579970947,-1.0241295456026887,0.39107147036779816,guidance
2026-01-01 12:02:37.600,0.9558533288266087,0.38901039606538657,-0.7525170226997412,-0.24032085617343846,guidance
2026-01-01 12:02:37.700,1.386099905285606,1.020287903545172,-0.7908705792020851,-0.9637444694016398,guidance
2026-01-01 12:02:37.800,1.3905711788477604,0.9624604068949674,-0.9447324607009842,-1.4921620471375054,guidance
2026-01-01 12:02:37.900,1.0831508951785027,0.855745527537632,-0.8202967248561887,-1.3508375410340046,guidance
2026-01-01 12:02:38.000,0.4595670836510026,0.7009642698518332,-0.255024289843743,-1.0350540512312867,guidance
2026-01-01 12:02:38.100,0.03842336272874229,1.0050264130774162,0.4752798510240794,-0.5801785785601222,guidance
2026-01-01 12:02:38.200,0.15685721896110616,1.3893064058403035,1.1633034228042902,-0.39967880859958,guidance
2026-01-01 12:02:38.300,0.3560856303636667,1.5078848086696885,1.1568250370175648,-0.37647316806334385,guidance
2026-01-01 12:02:38.400,0.33231177699089454,1.1508910105442651,0.9090258015959429,-0.07988157594796608,guidance
2026-01-01 12:02:38.500,-0.33609960626241614,0.4894132554371984,0.7994514675536447,0.497272227131882,guidance
2026-01-01 12:02:38.600,-0.7841236585010702,0.0455387979545011,1.0147013378952592,1.3040409669936723,guidance
2026-01-01 12:02:38.700,-1.1314221572752146,0.015492521911723074,1.2101302103156812,1.58593825607199,guidance
2026-01-01 12:02:38.800,-0.9730713747368834,0.0639699880317627,1.0666567203095663,1.3789356946382336,guidance
2026-01-01 12:02:38.900,-0.7402602205302147,-0.15285677667980954,0.44344538847218223,0.7294993655614009,guidance
2026-01-01 12:02:39.000,-0.7305063915630946,-0.6332097490797435,-0.3514287681937641,0.3248666693798257,guidance
2026-01-01 12:02:39.100,-1.128358486164861,-1.233278324292439,-0.7825413955311469,0.20348111779117037,guidance
2026-01-01 12:02:39.200,-1.48844308719418,-1.4428144414716306,-0.8082789843498458,0.12858971363899124,guidance
2026-01-01 12:02:39.300,-1.5250838050969484,-1.2436912143723373,-0.6390733157768446,-0.07679307996919438,guidance
2026-01-01 12:02:39.400,-1.0407853879326632,-0.9034698419419054,-0.8217032392439327,-0.8237641250962018,guidance
2026-01-01 12:02:39.500,-0.6356658269152544,-0.8506142869106975,-1.1218266244713024,-1.451077444395846,guidance
2026-01-01 12:02:39.600,-0.36987802688617066,-0.9112078317646942,-1.4766840919595645,-1.529762617541691,guidance
2026-01-01 12:02:39.700,-0.6632562813700437,-1.145771164758874,-1.3263253096919723,-1.1594110001321807,guidance
2026-01-01 12:02:39.800,-0.8198811947109315,-0.8462215234340181,-0.8159322157578807,-0.5182889062253149,guidance
2026-01-01 12:02:39.900,-0.5558278724934139,-0.25554243336331006,-0.18009511361903813,-0.0009607877524974995,guidance
2026-01-01 12:02:40.000,0.004162418027045716,0.3224212914822936,0.3947445808809038,0.002260813990768655,guidance
2026-01-01 12:02:40.100,0.6422121291952709,0.6420301904965209,0.35257090234374977,0.19197778454031733,guidance
2026-01-01 12:02:40.200,0.8028435669914684,0.7252395717923015,0.46341187040191284,0.4611245895080995,guidance
2026-01-01 12:02:40.300,0.5508099020139249,0.3323720411906129,0.5622041586851597,1.0523654361996138,guidance
2026-01-01 12:02:40.400,0.46081559126498317,0.6346508473708165,1.1643415634939416,1.5887633446482472,guidance
2026-01-01 12:02:40.500,0.6031635979651452,1.14320418431353,1.6173336358259163,1.5899936134133201,guidance
2026-01-01 12:02:40.600,1.1314302262254374,1.5668927363901421,1.5171644608703247,0.9285399436997617,guidance
2026-01-01 12:02:40.700,1.555968396791879,1.48903168445808,0.9693094776878267,0.1849470449299075,guidance
2026-01-01 12:02:40.800,1.5040165359994289,1.0090766523210573,0.3307419247615555,-0.15783344679610006,guidance
2026-01-01 12:02:40.900,1.098325910640626,0.5410261393918477,0.03044991669955175,-0.3628877275172894,guidance
2026-01-01 12:02:41.000,0.7271583045524832,0.3922588311819733,0.14917392388438044,-0.40475092112543404,guidance
2026-01-01 12:02:41.100,0.7995767896559605,0.42896475644655024,-0.06359995007600307,-0.6282828518231898,guidance
2026-01-01 12:02:41.200,1.0640359843700136,0.5059827560346757,-0.36463945488257743,-1.3313889352704977,guidance
2026-01-01 12:02:41.300,1.1253813546409683,0.15115040436724322,-1.1433739794364084,-1.5379342822635533,guidance
2026-01-01 12:02:41.400,0.9705776502798846,-0.46194226193601123,-1.513835528561814,-1.1520336768812431,guidance
2026-01-01 12:02:41.500,0.2631275973406801,-1.0901259294834695,-1.507891475187246,-0.709422133169198,guidance
2026-01-01 12:02:41.600,-0.23051173201674327,-1.3110480280475698,-1.0448330497154654,0.022675200094345593,guidance
2026-01-01 12:02:41.700,-0.37394441287593194,-0.9627555477679978,-0.5941307389498063,0.4394194204397334,guidance
2026-01-01 12:02:41.800,-0.13665662006348125,-0.7806274779627694,-0.43981204758240117,0.5052881176490245,guidance
2026-01-01 12:02:41.900,-0.01006011380736882,-0.9318085983667993,-0.45993544544772874,0.5927727170505797,guidance
2026-01-01 12:02:42.000,-0.4587864679865249,-1.2942343746349096,-0.39149814100544506,0.8832250739257828,guidance
2026-01-01 12:02:42.100,-1.1038247153984853,-1.3690266515539566,0.17995516864486266,1.3166887344905227,guidance
2026-01-01 12:02:42.200,-1.4322210162234064,-0.9921370893206104,0.9226041109567591,1.352354577021141,guidance
2026-01-01 12:02:42.300,-1.2822167035202816,-0.4184681824769491,1.3263630867685454,0.9980273956063623,guidance
2026-01-01 12:02:42.400,-0.9742531938865281,0.09110014787262027,1.426563663969458,0.2985663454967987,guidance
2026-01-01 12:02:42.500,-0.7944235565653713,0.29188834411665965,1.080750382480964,-0.45053065561012046,guidance
2026-01-01 12:02:42.600,-1.0032080848236327,0.1873423756252217,0.73487193805034,-0.6884902401959002,guidance
2026-01-01 12:02:42.700,-1.3110656364348015,0.13979983617193004,0.7450436449278255,-0.6600001906129188,guidance
2026-01-01 12:02:42.800,-1.3220068024273863,0.5549866135640803,0.83653380934937,-0.7632113631756006,guidance
2026-01-01 12:02:42.900,-1.056837135535223,1.232569226239927,0.7062913891645946,-0.9938556125991577,guidance
2026-01-01 12:02:43.000,-0.569667583791125,1.4707405631483104,0.23539346872336792,-1.3372018027568957,guidance
2026-01-01 12:02:43.100,-0.1798029225991427,1.3900524728248078,-0.6276955022379115,-1.311324295999981,guidance
2026-01-01 12:02:43.200,-0.12112762903690497,0.9299890674445029,-1.0897428482848082,-0.831214444703712,guidance
2026-01-01 12:02:43.300,-0.38841275509412104,0.6283901650070314,-1.1203930938507707,0.11885745226827209,guidance
2026-01-01 12:02:43.400,-0.11778468487340077,0.74028396118686,-1.022060775194293,0.7344926261244183,guidance
2026-01-01 12:02:43.500,0.20958345304740247,0.9391634240649434,-0.8184307332633166,0.914461193926954,guidance
2026-01-01 12:02:43.600,0.7862231161719799,0.9149687694035059,-0.9698807280016811,0.8272977774030257,guidance
2026-01-01 12:02:43.700,1.1088148864815222,0.26860629624582166,-1.1457399321623032,0.7815032348559956,guidance
2026-01-01 12:02:43.800,1.0930238195417026,-0.3932600379712792,-1.000197526619124,1.0326486393008074,guidance
2026-01-01 12:02:43.900,0.6995494787300413,-0.8251762781751156,-0.4898729064960056,1.3459784618345447,guidance
2026-01-01 12:02:44.000,0.7374025170357634,-0.8364654256628894,0.30761778761035086,1.093912873132597,guidance
2026-01-01 12:02:44.100,1.0403963462829062,-0.6067740548984321,0.6736274904274534,0.4014809227963816,guidance
2026-01-01 12:02:44.200,1.5577595124671144,-0.7058313398637674,0.7724082993304098,-0.3945212335755657,guidance
2026-01-01 12:02:44.300,1.5685191226821515,-1.159375857226655,0.6503677777295538,-0.9521242870523529,guidance
2026-01-01 12:02:44.400,1.1872157316119145,-1.5501743023140668,0.6925950621059431,-1.0905926601717721,guidance
2026-01-01 12:02:44.500,0.6160094209456874,-1.4667666130622008,1.161874028790163,-0.8893680652101116,guidance
2026-01-01 12:02:44.600,0.37698682188163846,-1.0671587841755419,1.4473262786449552,-0.9034912977192167,guidance
2026-01-01 12:02:44.700,0.5228514200035654,-0.4783707157554489,1.3679706854717775,-1.0049079099608889,guidance
2026-01-01 12:02:44.800,0.7911752967340716,-0.21535129009951232,0.758290478946667,-1.1152071757765272,guidance
2026-01-01 12:02:44.900,0.5485975225456003,-0.3675995560708021,0.03464687737358004,-0.80832190208089,guidance
2026-01-01 12:02:45.000,0.02678056182147183,-0.3995398616843401,-0.33456629998487497,-0.03845129982610722,guidance
2026-01-01 12:02:45.100,-0.5940538368447489,0.025216617370540845,-0.36023301265320795,0.8597359783025237,guidance
2026-01-01 12:02:45.200,-0.8676737303997936,0.5499463205537323,-0.3572629202140591,1.2028941815902958,guidance
2026-01-01 12:02:45.300,-0.526969394898694,1.1585028053145938,-0.581404281861591,1.0963589256519621,guidance
2026-01-01 12:02:45.400,-0.5027518100396634,1.4271639694700031,-1.159458900201739,0.8508458471521999,guidance
2026-01-01 12:02:45.500,-0.6741869682025177,1.2075627588258442,-1.505678415177817,0.784717013908594,guidance
2026-01-01 12:02:45.600,-1.2051849442515463,0.8202027994456054,-1.512043908914087,0.9814948446071281,guidance
2026-01-01 12:02:45.700,-1.543010032997491,0.8481989852656113,-0.9536964909427055,0.8923810382827859,guidance
2026-01-01 12:02:45.800,-1.51482487198541,1.0824087666038034,-0.41251088484303744,0.5476867312606405,guidance
2026-01-01 12:02:45.900,-1.1621799966730995,1.2764578348110298,-0.052677334432699764,-0.39526162114600893,guidance
2026-01-01 12:02:46.000,-0.8013758782296837,1.0121647097036919,-0.04764482674279016,-1.0761850939573165,guidance
2026-01-01 12:02:46.100,-0.7321216836389056,0.353098996113359,0.008948092466851684,-1.3721272929108126,guidance
2026-01-01 12:02:46.200,-1.1089747235453262,-0.34175863421729946,0.36975556060338266,-1.096073923438055,guidance
2026-01-01 12:02:46.300,-1.1992765590252972,-0.34184511393540906,1.0687315627918794,-0.794538204232674,guidance
2026-01-01 12:02:46.400,-0.7982137945330479,-0.3362327839600965,1.4889867529491572,-0.7302089265760883,guidance
2026-01-01 12:02:46.500,-0.2514785355335573,-0.2999403753446288,1.5174232041664777,-0.6996271923255747,guidance
2026-01-01 12:02:46.600,0.27125524499952475,-0.6507681380047973,1.017279228720089,-0.6320988968061153,guidance
2026-01-01 12:02:46.700,0.376726090251758,-1.150493060809015,0.5667298783575295,-0.09650749464710554,guidance
2026-01-01 12:02:46.800,0.12322897815598692,-1.4640015203011463,0.4472668254966062,0.6389000480890128,guidance
2026-01-01 12:02:46.900,0.14083485037318294,-1.438139937025312,0.4763820814441615,1.3158304529419103,guidance
2026-01-01 12:02:47.000,0.4850863713836733,-1.0015057151270883,0.40381014560613515,1.378500967731892,guidance
2026-01-01 12:02:47.100,1.1462659765580243,-0.6245215019250957,-0.1577274938260773,1.0652520233459317,guidance
2026-01-01 12:02:47.200,1.410130721261113,-0.5225346094301625,-0.8095869121218295,0.6532116142957213,guidance
2026-01-01 12:02:47.300,1.3254528910518422,-0.704462580957859,-1.3482577321852645,0.5129421309627262,guidance
2026-01-01 12:02:47.400,0.9528456041788969,-0.6972756753273317,-1.483156436596124,0.6607315456570307,guidance
2026-01-01 12:02:47.500,0.8138638344934532,-0.20947434408346738,-1.0829958545045482,0.35248954101439783,guidance
2026-01-01 12:02:47.600,1.0408990434446455,0.47416623731516505,-0.7505762999201446,-0.11474464760562936,guidance
2026-01-01 12:02:47.700,1.3786601134720773,0.9868488871087662,-0.7520757915556945,-1.0034491999999675,guidance
2026-01-01 12:02:47.800,1.4691325007544918,0.9771080712006451,-0.9059842288761099,-1.4541117252705906,guidance
2026-01-01 12:02:47.900,1.0331540986677403,0.7964850300356822,-0.7922587098749851,-1.4179300726273898,guidance
2026-01-01 12:02:48.000,0.5676911584344274,0.7959544344066192,-0.19708262355909167,-0.9973689138147319,guidance
2026-01-01 12:02:48.100,0.09790510311016191,0.9640960367285383,0.5846307892359599,-0.5533178335005748,guidance
2026-01-01 12:02:48.200,0.2458852576749171,1.3751452218351796,1.2116393664348406,-0.4428158867048122,guidance
2026-01-01 12:02:48.300,0.40347230591500954,1.4816044836987106,1.136825108854694,-0.32750341512913034,guidance
2026-01-01 12:02:48.400,0.1276148795113379,1.065318250062989,0.929355484677977,-0.11935463770162182,guidance
2026-01-01 12:02:48.500,-0.19691622336585046,0.4272502110397137,0.8310723203342453,0.5271319761421766,guidance
2026-01-01 12:02:48.600,-0.918919098789279,-0.0016815317501753246,1.0030647014163168,1.2030977649176533,guidance
2026-01-01 12:02:48.700,-1.0918153825259467,0.01477680621127181,1.3010704893430165,1.5783184908555132,guidance
2026-01-01 12:02:48.800,-1.0011106076737066,0.1343726334522254,1.1028127362529367,1.3873650749000517,guidance
2026-01-01 12:02:48.900,-0.7616713575647157,-0.08926940467488807,0.5319629974675277,0.7731871773749827,guidance
2026-01-01 12:02:49.000,-0.7696185577611186,-0.610282518702681,-0.31689607095947064,0.28052951818338145,guidance
2026-01-01 12:02:49.100,-1.0576705543887537,-1.251673578504584,-0.6624360750959892,0.1695480012021319,guidance
2026-01-01 12:02:49.200,-1.5045654080358781,-1.447032111714698,-0.8446087814066684,0.043041451632508054,guidance
2026-01-01 12:02:49.300,-1.5120368100341999,-1.3722261139257936,-0.6188258774447462,-0.1848853115534361,guidance
2026-01-01 12:02:49.400,-1.1044437738883999,-0.946203371544036,-0.7618476228305873,-0.7877851272077601,guidance
2026-01-01 12:02:49.500,-0.5482582647346537,-0.7506439214930412,-1.1308269109970577,-1.4690714924129575,guidance
2026-01-01 12:02:49.600,-0.46408028461762824,-0.9092533858485592,-1.431986581970312,-1.5841994160243968,guidance
2026-01-01 12:02:49.700,-0.6758707534245272,-1.1497458799766116,-1.3806052713940018,-1.1933214498139257,guidance
2026-01-01 12:02:49.800,-0.7454167175271806,-0.8833071192014658,-0.7477148053940017,-0.5585751493174608,guidance
2026-01-01 12:02:49.900,-0.5863093330227218,-0.25227339256683584,0.023940923292614935,0.019430266284595918,guidance
2026-01-01 12:02:50.000,-0.019343042738829596,0.36065014367717135,0.3697034237552543,0.07944579888018133,guidance
2026-01-01 12:02:50.100,0.4859965240533037,0.675438395406338,0.36593099937421036,0.11298507770927425,guidance
2026-01-01 12:02:50.200,0.7524981704514734,0.5680102044198558,0.3166290400272421,0.4298022950663106,guidance
2026-01-01 12:02:50.300,0.568784061413141,0.4306328031006631,0.6296083827168718,1.0573100889462548,guidance
2026-01-01 12:02:50.400,0.41982319660038936,0.6876690579224105,1.1350348231332479,1.5099461188876053,guidance
2026-01-01 12:02:50.500,0.652003618578422,1.0552149213606383,1.5918699343607698,1.4942730859857176,guidance
2026-01-01 12:02:50.600,1.1889078123805195,1.5306665342343306,1.4922642902358205,1.0712213861043196,guidance
2026-01-01 12:02:50.700,1.4876960385982683,1.5840828975242476,0.853333688204642,0.2462703682009279,guidance
2026-01-01 12:02:50.800,1.5775334109395234,1.1327674894855386,0.3463110224445354,-0.1821134215801965,guidance
2026-01-01 12:02:50.900,1.0819571158493035,0.501451168489685,0.009591362186537618,-0.2594137441808495,guidance
2026-01-01 12:02:51.000,0.7056638117438198,0.4225191003114304,0.07550613921755392,-0.33567374590223126,guidance
2026-01-01 12:02:51.100,0.8146999415643287,0.5063419778283974,0.02687486654086741,-0.6815611864435529,guidance
2026-01-01 12:02:51.200,1.1429586205365252,0.6971746831533012,-0.3772001414134651,-1.2775926900376042,guidance
2026-01-01 12:02:51.300,1.137405051133817,0.13843983888732683,-1.05206138488024,-1.5462841447217013,guidance
2026-01-01 12:02:51.400,0.9189857652678705,-0.5063692984271476,-1.5233708499764418,-1.2771717953172887,guidance
2026-01-01 12:02:51.500,0.2585909301851138,-1.0855914215284919,-1.4808562637693,-0.6683464033590029,guidance
2026-01-01 12:02:51.600,-0.26347308888187426,-1.2352069628407252,-0.9816574678687175,0.09214413260371015,guidance
2026-01-01 12:02:51.700,-0.3898284486611493,-0.9483360278683621,-0.5809058509873061,0.36009327074695097,guidance
2026-01-01 12:02:51.800,-0.07981585027001663,-0.795663429651067,-0.4878278694199498,0.5498134578190647,guidance
2026-01-01 12:02:51.900,-0.16902849778277088,-1.0213930530628277,-0.4973076321012469,0.520145545642163,guidance
2026-01-01 12:02:52.000,-0.4713636148041495,-1.2695164049892722,-0.4911809641490655,0.8777550509991343,guidance
2026-01-01 12:02:52.100,-1.1113004013163608,-1.3839940688062145,0.16039945883394482,1.2807494776923332,guidance
2026-01-01 12:02:52.200,-1.3965902689439358,-1.0687898446226451,0.817745207287007,1.3883143207440485,guidance
2026-01-01 12:02:52.300,-1.3600784877479934,-0.48225587408319437,1.3323193716353698,1.1321506378273183,guidance
2026-01-01 12:02:52.400,-0.9978365533130769,0.07220364460962468,1.3423940864508794,0.24603031814560128,guidance
2026-01-01 12:02:52.500,-0.8099217155472399,0.2330811696918438,1.0434709610612636,-0.3585018054947417,guidance
2026-01-01 12:02:52.600,-0.9552291076016095,0.04840159171804162,0.7207436706889748,-0.6645111173808015,guidance
2026-01-01 12:02:52.700,-1.2436704515500074,0.14147194186328735,0.780494030430811,-0.7651258463132455,guidance
2026-01-01 12:02:52.800,-1.3949187360992723,0.6106519259626725,0.8776222378060644,-0.7722582047283296,guidance
2026-01-01 12:02:52.900,-1.0786149579777178,1.1174246585109422,0.6903745122848316,-0.9350077694356013,guidance
2026-01-01 12:02:53.000,-0.49253428663996285,1.58958038252924,0.12118222962942071,-1.398647595635698,guidance
2026-01-01 12:02:53.100,-0.2138168882220704,1.324284484433917,-0.5547833176991421,-1.3408782939008412,guidance
2026-01-01 12:02:53.200,-0.13828470517058297,0.9369093566291483,-1.0739006888910592,-0.7509471468545489,guidance
2026-01-01 12:02:53.300,-0.26515555700084115,0.6694410372209438,-1.1880134196504188,0.08241940406647766,guidance
2026-01-01 12:02:53.400,-0.22430805100719037,0.7402668976531895,-0.887593070876521,0.6744281072739069,guidance
2026-01-01 12:02:53.500,0.20294799646257278,0.9640944534796285,-0.7912608657540942,0.9290572064951068,guidance
2026-01-01 12:02:53.600,0.8748879269341311,0.7934375531305788,-0.9633972495745269,0.7607360153772363,guidance
2026-01-01 12:02:53.700,1.1196835834982208,0.32819825622782883,-1.1972377126126217,0.7274679482935376,guidance
2026-01-01 12:02:53.800,0.9868014212698151,-0.36785477347183093,-1.0939083504286053,1.0345504822101093,guidance
2026-01-01 12:02:53.900,0.7886807309467112,-0.8508296629668665,-0.5793780565529272,1.2863894242015206,guidance
2026-01-01 12:02:54.000,0.6798677388756745,-0.8766387791563776,0.2232378275113362,1.130531052495263,guidance
2026-01-01 12:02:54.100,1.0846899014644331,-0.627839514355771,0.7425854929185383,0.3561926234007839,guidance
2026-01-01 12:02:54.200,1.5098067954042051,-0.7266106149206678,0.8297591919551456,-0.3751568969129532,guidance
2026-01-01 12:02:54.300,1.5809577461695137,-1.0806702831677566,0.7293028547161804,-0.892567344274578,guidance
2026-01-01 12:02:54.400,1.1205832677939143,-1.5555819719825867,0.8292646377164467,-0.9996430618771,guidance
2026-01-01 12:02:54.500,0.6140524401613283,-1.4360392163216305,1.1255870222373188,-0.7953232030672709,guidance
2026-01-01 12:02:54.600,0.3921696261993758,-0.9547010342698478,1.4209663830016568,-0.7460657224402311,guidance
2026-01-01 12:02:54.700,0.654309646803442,-0.5636887804780909,1.3514412849967523,-1.0120077387613602,guidance
2026-01-01 12:02:54.800,0.7345580806434688,-0.18818485921058747,0.8612010083309599,-1.128560007140444,guidance
2026-01-01 12:02:54.900,0.5595646727597331,-0.3274437401229938,0.08353371007281654,-0.7482033500416185,guidance
2026-01-01 12:02:55.000,-0.02292420584375844,-0.37723444582859206,-0.37358740344791563,0.01971014974081358,guidance
2026-01-01 12:02:55.100,-0.5645915516854176,0.012669807284214796,-0.30569933144245964,0.6798206288137438,guidance
2026-01-01 12:02:55.200,-0.836881094270547,0.5698845968923758,-0.42056468731333485,1.1773987820670004,guidance
2026-01-01 12:02:55.300,-0.6203057638032877,1.1342992595512245,-0.6621793939959482,1.2511959646605106,guidance
2026-01-01 12:02:55.400,-0.40096505002346283,1.2173891308410603,-1.180374018374379,0.8817768686856351,guidance
2026-01-01 12:02:55.500,-0.5735888717545318,1.1342837132289962,-1.5216860634816005,0.8636197423857275,guidance
2026-01-01 12:02:55.600,-1.2354131470110792,0.792823828563011,-1.4788207462627396,0.886078567118077,guidance
2026-01-01 12:02:55.700,-1.5564665683610113,0.7887683933386463,-0.9870578813274156,1.0311473004576572,guidance
2026-01-01 12:02:55.800,-1.507756001717619,1.1035437488760518,-0.3327117132435202,0.4788234015034445,guidance
2026-01-01 12:02:55.900,-1.1531357520675223,1.346492132842381,-0.01081228747341724,-0.32476890427127725,guidance
2026-01-01 12:02:56.000,-0.7788046783456942,1.0071374227045258,-0.09439598457960734,-1.1780996861812074,guidance
2026-01-01 12:02:56.100,-0.7564733325819037,0.346366214158441,-0.024072868645538096,-1.3766734615875709,guidance
2026-01-01 12:02:56.200,-1.0548529179765458,-0.24146386358308183,0.40152932598426466,-1.1704418759922817,guidance
2026-01-01 12:02:56.300,-1.1338259283185608,-0.4483846907552318,1.0323166519384226,-0.8242545342908025,guidance
2026-01-01 12:02:56.400,-0.8671545483651865,-0.31325970065989683,1.4935815191643986,-0.728367216632549,guidance
2026-01-01 12:02:56.500,-0.31804511449581113,-0.26914750055254383,1.4793183912711059,-0.8244171545379544,guidance
2026-01-01 12:02:56.600,0.24795967198242103,-0.6403716730351258,1.0138380778781166,-0.7080034741087841,guidance
2026-01-01 12:02:56.700,0.38261027367939177,-1.2159672522338574,0.6254217172848803,-0.1439194414001116,guidance
2026-01-01 12:02:56.800,0.1058047377261323,-1.5956042084104087,0.4510631309088018,0.6333485785382444,guidance
2026-01-01 12:02:56.900,0.10984865983494393,-1.5045205976163731,0.48708879882873873,1.243697504740662,guidance
2026-01-01 12:02:57.000,0.4740561229217426,-0.9908361098482963,0.420779642591671,1.4635535034664298,guidance
2026-01-01 12:02:57.100,1.1103337465182248,-0.6086071880475673,-0.19429747191406904,1.065708102303965,guidance
2026-01-01 12:02:57.200,1.3933360922404203,-0.5942180847944922,-0.810505635474544,0.6962809584233973,guidance
2026-01-01 12:02:57.300,1.349264321007256,-0.6908551547847296,-1.3662374257288552,0.621413482398456,guidance
2026-01-01 12:02:57.400,0.9951588079048794,-0.7293209652986794,-1.3750205727847173,0.5680533979169625,guidance
2026-01-01 12:02:57.500,0.7373054757858545,-0.24233265790113476,-1.0447706074940295,0.4638722175200455,guidance
2026-01-01 12:02:57.600,0.9206338577473427,0.49018615458342696,-0.7045416533942206,-0.2213316997901299,guidance
2026-01-01 12:02:57.700,1.2644125845404128,1.0051242333886103,-0.7422995556560253,-1.0002337251128284,guidance
2026-01-01 12:02:57.800,1.4238644768189306,0.9269523137714208,-0.9544035014592455,-1.51442429395571,guidance
2026-01-01 12:02:57.900,1.0584764773715056,0.8111457205463635,-0.7539292219065883,-1.3608108129978846,guidance
2026-01-01 12:02:58.000,0.48562550809299043,0.7138621213487468,-0.17274700564856385,-1.0154223887641984,guidance
2026-01-01 12:02:58.100,0.08405483429188049,1.033718570552975,0.49907094662518087,-0.6106406931975379,guidance
2026-01-01 12:02:58.200,0.13523885061475865,1.3737111302081961,1.061854122510582,-0.24072781551647762,guidance
2026-01-01 12:02:58.300,0.3123670700735587,1.6384805041732462,1.132649104597675,-0.3795192571068419,guidance
2026-01-01 12:02:58.400,0.298435831442924,1.0998248639534318,0.9201745581084998,-0.1950312096095212,guidance
2026-01-01 12:02:58.500,-0.2899085673968247,0.5069598341889511,0.7464651838981635,0.5605918153460527,guidance
2026-01-01 12:02:58.600,-0.8706974028911298,0.07531658486285196,1.0053168303093019,1.2768479077607624,guidance
2026-01-01 12:02:58.700,-1.1585751147502779,0.10304188668671169,1.2109459471842943,1.450457705073723,guidance
2026-01-01 12:02:58.800,-0.88226414628146,0.07081082297311941,1.125774846459256,1.2361022293858879,guidance
2026-01-01 12:02:58.900,-0.7415254151413666,0.02507878153791543,0.5517076596863991,0.7442670320879458,guidance
2026-01-01 12:02:59.000,-0.8115702888417238,-0.7591388208728189,-0.34141995036036094,0.29919037582936103,guidance
2026-01-01 12:02:59.100,-1.0850334552827097,-1.2003407440873104,-0.7845968078571824,0.19987070422880499,guidance
2026-01-01 12:02:59.200,-1.46197212910247,-1.4360190407208315,-0.7941017482628886,0.15260865757360867,guidance
2026-01-01 12:02:59.300,-1.4721909281795527,-1.2385398761780235,-0.7700147343925896,-0.1784348885999492,guidance
2026-01-01 12:02:59.400,-1.0415585452771583,-0.9236800901269685,-0.7707797857236268,-0.8819620293377619,guidance
2026-01-01 12:02:59.500,-0.5884712981898012,-0.7194019666609464,-1.1286321953382201,-1.506281739168644,guidance
2026-01-01 12:02:59.600,-0.5431172912956377,-0.9519278029014323,-1.4678224538391436,-1.578009528163603,guidance
2026-01-01 12:02:59.700,-0.6019100671985171,-1.119975065017464,-1.314891925196961,-1.1633613806411243,guidance
2026-01-01 12:02:59.800,-0.7385568408023111,-0.8605605970474967,-0.7724506591143017,-0.5473591861918459,guidance
2026-01-01 12:02:59.900,-0.6234756245325678,-0.2951036316741843,-0.07083694541480111,-0.03448766471526013,guidance
