timestamp,feat_0,feat_1,feat_2,feat_3,subsystem
2026-01-01 12:00:00.000,0.06900228122991314,0.3570168600303867,0.3951481253757873,0.0035185032783944456,telemetry
2026-01-01 12:00:00.200,0.8251940305447181,0.5949266877286277,0.3961005453115785,0.40098826233097634,telemetry
2026-01-01 12:00:00.400,0.4760782678204307,0.5728323164022922,1.182918855643389,1.5897688381198243,telemetry
2026-01-01 12:00:00.600,1.0948002954309968,1.646902831313633,1.5044036197053725,0.8892359287227904,telemetry
2026-01-01 12:00:00.800,1.5858980947499264,1.058197006472961,0.3315720073943912,-0.2717292071206137,telemetry
2026-01-01 12:00:01.000,0.7663011566821681,0.4093404375816923,0.0029174138970471247,-0.3465508279041982,telemetry
2026-01-01 12:00:01.200,1.0098616362623312,0.505268909744965,-0.36050815030070094,-1.2427219868432307,telemetry
2026-01-01 12:00:01.400,0.8269516095422567,-0.5936911033895119,-1.5706352257349157,-1.3739628122096903,telemetry
2026-01-01 12:00:01.600,-0.22178164105563186,-1.0969029781415998,-1.0560830060449995,0.14115324042754335,telemetry
2026-01-01 12:00:01.800,-0.1638930212776988,-0.7237333188822288,-0.4586835337479872,0.4681332425257708,telemetry
2026-01-01 12:00:02.000,-0.495594371985746,-1.2901479046784095,-0.3536661583028812,0.9293436617931854,telemetry
2026-01-01 12:00:02.200,-1.3945326944400462,-1.0194322695701805,0.8814710106714929,1.4628091510902619,telemetry
2026-01-01 12:00:02.400,-0.8994210915866467,0.19782864817670853,1.4180433509624097,0.27603777095051485,telemetry
2026-01-01 12:00:02.600,-0.8933475383359442,0.07763111652089746,0.8180200707181289,-0.6410774650493694,telemetry
2026-01-01 12:00:02.800,-1.3807054396000633,0.6356381014846647,0.8624323125744403,-0.6533828275930174,telemetry
2026-01-01 12:00:03.000,-0.48957340859302045,1.476755412024468,0.17507770382139626,-1.2714064966521275,telemetry
2026-01-01 12:00:03.200,-0.06416825805794142,0.9991964908025438,-1.0415760442029827,-0.7763803324048505,telemetry
2026-01-01 12:00:03.400,-0.22702540661514908,0.7847692575918666,-0.9579546987971256,0.6032377914214786,telemetry
2026-01-01 12:00:03.600,0.8915091385233451,0.7127088150411758,-0.8652527355781885,0.8030585397880102,telemetry
2026-01-01 12:00:03.800,1.0352375424089888,-0.3824980194086691,-1.1048232621766192,1.0139963294207925,telemetry
2026-01-01 12:00:04.000,0.7599177892860967,-0.7975783087815007,0.25817880453523845,1.0371356735061206,telemetry
2026-01-01 12:00:04.200,1.5187047614093199,-0.6508580091751374,0.7788085311114153,-0.39046743735561285,telemetry
2026-01-01 12:00:04.400,1.1149929031409918,-1.4926003849503882,0.7836544117683429,-0.9928998336300007,telemetry
2026-01-01 12:00:04.600,0.45686089727726187,-1.0416756247686592,1.3516556705487355,-0.83539746326688,telemetry
2026-01-01 12:00:04.800,0.7641434948829414,-0.19181377275573264,0.691689513324377,-1.0535443391493857,telemetry
2026-01-01 12:00:05.000,-0.07005678853300984,-0.3720218336473701,-0.40094829282681593,-0.019766431479512896,telemetry
2026-01-01 12:00:05.200,-0.8951374654297768,0.6254570226182324,-0.37158054341730595,1.2227636679785774,telemetry
2026-01-01 12:00:05.400,-0.4455973153484253,1.4079982659285921,-1.153626109179418,0.8829458373978568,telemetry
2026-01-01 12:00:05.600,-1.0519249258996106,0.723359398809458,-1.563998718192985,0.9464702123212417,telemetry
2026-01-01 12:00:05.800,-1.5109197881619043,1.1068798056226865,-0.3627556261357334,0.46029963616884495,telemetry
2026-01-01 12:00:06.000,-0.7331079990565031,0.944338330782561,-0.02850436685973274,-1.1414020426851765,telemetry
2026-01-01 12:00:06.200,-1.0442071916212574,-0.2029952261436998,0.4761274983045173,-1.125327643318829,telemetry
2026-01-01 12:00:06.400,-0.9551922087971023,-0.3714175242495865,1.5294361637057443,-0.6081252448169046,telemetry
2026-01-01 12:00:06.600,0.157244609708021,-0.6417767395311913,1.0280238937476285,-0.7313502483019455,telemetry
2026-01-01 12:00:06.800,0.1953368187080544,-1.5736805593067953,0.4536757769889196,0.6606705111573855,telemetry
2026-01-01 12:00:07.000,0.5327931912473409,-0.9688643495011054,0.44232897683487227,1.4249360114111203,telemetry
2026-01-01 12:00:07.200,1.4204376919763528,-0.615073487745935,-0.8370007498903411,0.6966081246061845,telemetry
2026-01-01 12:00:07.400,0.9164301285669771,-0.7062889089480261,-1.3631008791152233,0.5559593505460698,telemetry
2026-01-01 12:00:07.600,1.0987995283738816,0.4252214969851283,-0.8038037124820483,-0.12982085136981308,telemetry
2026-01-01 12:00:07.800,1.4374650658231967,1.0726712071672961,-0.877119009136611,-1.3740659800156654,telemetry
2026-01-01 12:00:08.000,0.42940403619379924,0.7068122670404978,-0.2389053075654612,-0.9941804955172423,telemetry
2026-01-01 12:00:08.200,0.1731081640052466,1.3941165406785534,1.12726628259893,-0.31763184778208026,telemetry
2026-01-01 12:00:08.400,0.2909506595456413,1.0561670024474032,0.8971499409131802,-0.12333341374305674,telemetry
2026-01-01 12:00:08.600,-0.8355293353281341,0.1100225074605767,1.048421893327743,1.2609023226211713,telemetry
2026-01-01 12:00:08.800,-1.0200547935224409,0.07919859145943689,1.1374501727840982,1.2966151389150353,telemetry
2026-01-01 12:00:09.000,-0.7602039402661505,-0.6952467320524609,-0.27274122546938184,0.3545444739016598,telemetry
2026-01-01 12:00:09.200,-1.4973616947102621,-1.502873632546482,-0.7678942326650393,0.09341700550594839,telemetry
2026-01-01 12:00:09.400,-1.1363299703301926,-0.8673660400169103,-0.7984857446553277,-0.8597314854069836,telemetry
2026-01-01 12:00:09.600,-0.45155000798626765,-1.0790587949248427,-1.5043771628611053,-1.5167248021503772,telemetry
2026-01-01 12:00:09.800,-0.803135655767151,-0.8829471605441495,-0.7427297566483393,-0.5166700114743865,telemetry
2026-01-01 12:00:10.000,0.01202743635805615,0.3988168232500216,0.31885013078098917,0.0553559568750546,telemetry
2026-01-01 12:00:10.200,0.753028928858785,0.6048004799463406,0.4067918944489652,0.500727137812216,telemetry
2026-01-01 12:00:10.400,0.539306710447682,0.6552361010590397,1.058727118904637,1.5810876880463107,telemetry
2026-01-01 12:00:10.600,1.2156252419104416,1.6120844964257095,1.5281141118349368,0.9416222552526032,telemetry
2026-01-01 12:00:10.800,1.496135048151513,0.9889960357811594,0.26794929060507,-0.2902270351798489,telemetry
2026-01-01 12:00:11.000,0.7743204132593621,0.411744930809198,0.005372207136605453,-0.34484336515191144,telemetry
2026-01-01 12:00:11.200,1.0633537327127687,0.5635000910822748,-0.2996777628397976,-1.223795019669539,telemetry
2026-01-01 12:00:11.400,0.8256643513653428,-0.5298842530664717,-1.521796569732524,-1.392573021862765,telemetry
2026-01-01 12:00:11.600,-0.2238977167559058,-1.228009531690312,-1.0355864009703244,0.07223477012664857,telemetry
2026-01-01 12:00:11.800,-0.12584902997135425,-0.7346361562828752,-0.3837016350257636,0.5677631442659972,telemetry
2026-01-01 12:00:12.000,-0.42465570808911896,-1.2434488649455517,-0.39807482176293424,0.7645779313722946,telemetry
2026-01-01 12:00:12.200,-1.416086456547976,-0.9873053133766004,0.8634010062807126,1.419733190715079,telemetry
2026-01-01 12:00:12.400,-1.031035741527279,0.019138368069794146,1.3246502215888178,0.3205858582920352,telemetry
2026-01-01 12:00:12.600,-0.9911284507714889,0.15602993746965038,0.8160869336304647,-0.7687612458521464,telemetry
2026-01-01 12:00:12.800,-1.337263506782951,0.679962489703813,0.843503551344377,-0.6690929637384837,telemetry
2026-01-01 12:00:13.000,-0.5052630738218225,1.575648880173196,0.12809791607995008,-1.3624355275384206,telemetry
2026-01-01 12:00:13.200,-0.1548860232064056,0.9172455045465442,-1.1376922720763876,-0.8085921430532391,telemetry
2026-01-01 12:00:13.400,-0.2588169404704777,0.7652933383847951,-0.866875459831932,0.7462801564302362,telemetry
2026-01-01 12:00:13.600,0.8238593870135111,0.9033808789688796,-0.9454557745262454,0.8056026763451465,telemetry
2026-01-01 12:00:13.800,1.0007061404627144,-0.42444257880284403,-1.0743321995244208,1.081873262384064,telemetry
2026-01-01 12:00:14.000,0.7441378068746557,-0.8667418171065397,0.3253986644705593,1.111527016612781,telemetry
2026-01-01 12:00:14.200,1.5729956050942375,-0.6319655892217978,0.8091986834198739,-0.42577858031692484,telemetry
2026-01-01 12:00:14.400,1.1659487657254055,-1.522208733249866,0.7387048119282309,-1.0190332784413498,telemetry
2026-01-01 12:00:14.600,0.4455299066633675,-1.1348296585006195,1.475895912001215,-0.8180845964329982,telemetry
2026-01-01 12:00:14.800,0.8023260514307113,-0.1856548636454531,0.761511189367554,-1.139079419481405,telemetry
2026-01-01 12:00:15.000,0.040975560348527645,-0.3222064465738977,-0.3925842978793505,-0.060277289103855894,telemetry
2026-01-01 12:00:15.200,-0.7718556748963944,0.5428461579999071,-0.3982035371753116,1.1651372720391502,telemetry
2026-01-01 12:00:15.400,-0.48920080077408273,1.3289762341558156,-1.184521960403014,0.8646929551692233,telemetry
2026-01-01 12:00:15.600,-1.056971644732824,0.8171863674143811,-1.4742868876938422,0.8831104185121694,telemetry
2026-01-01 12:00:15.800,-1.5993435298789174,1.1333339380611924,-0.3523455045256523,0.4942228809783208,telemetry
2026-01-01 12:00:16.000,-0.7855758772822506,1.05551990214001,-0.008950099677101718,-1.0403042696640756,telemetry
2026-01-01 12:00:16.200,-0.9800772565055007,-0.2594895535434836,0.4005529626938422,-1.1229679004920174,telemetry
2026-01-01 12:00:16.400,-0.9002437198384903,-0.32699668016316186,1.5668171444817955,-0.7366831744720841,telemetry
2026-01-01 12:00:16.600,0.293468139875611,-0.7184487257670731,1.0317511094869822,-0.6400668811584892,telemetry
2026-01-01 12:00:16.800,0.166149866211298,-1.5846823539372843,0.5408710404573036,0.6989802724214066,telemetry
2026-01-01 12:00:17.000,0.46867495245284935,-1.0154754420033827,0.43282405779844696,1.4538118622034515,telemetry
2026-01-01 12:00:17.200,1.375120788055101,-0.5388706242073261,-0.8047831269342434,0.7514168076372868,telemetry
2026-01-01 12:00:17.400,1.045584363332736,-0.6926812767039044,-1.4258854489180346,0.5196072150899834,telemetry
2026-01-01 12:00:17.600,0.8650646921818962,0.5117394090528052,-0.680652919666076,-0.1761394400794366,telemetry
2026-01-01 12:00:17.800,1.4985310017306157,1.0389147518867183,-0.868801048917556,-1.552206130567416,telemetry
2026-01-01 12:00:18.000,0.42065945811457345,0.7217898229979048,-0.2665168149817513,-0.9967852294586996,telemetry
2026-01-01 12:00:18.200,0.21808280426075077,1.5106612566839743,1.1211661705441847,-0.3240891209382242,telemetry
2026-01-01 12:00:18.400,0.25744117161083985,0.9396798091086236,0.9704275117397717,-0.09328762730028925,telemetry
2026-01-01 12:00:18.600,-0.9134722985816938,0.07941474370654608,0.9835200262112289,1.2311126688871479,telemetry
2026-01-01 12:00:18.800,-1.154363479925446,0.10249658492722913,1.1241534281176293,1.3504728462962796,telemetry
2026-01-01 12:00:19.000,-0.6993188020831698,-0.6015653187447114,-0.31506122115447477,0.3178660436241257,telemetry
2026-01-01 12:00:19.200,-1.5520739275218327,-1.4473561053009563,-0.9258573951499094,0.15137676598172375,telemetry
2026-01-01 12:00:19.400,-1.024550111365434,-0.7747001119065762,-0.7460135257242453,-0.7738395354389982,telemetry
2026-01-01 12:00:19.600,-0.4295403548988127,-1.010964813705264,-1.4432290671977246,-1.6453673956994836,telemetry
2026-01-01 12:00:19.800,-0.7671957414793339,-0.9400955460995852,-0.6985380783661235,-0.5233133911249332,telemetry
2026-01-01 12:00:20.000,-0.05913516079564392,0.34609230653983025,0.4154191402352905,0.04396631223659063,telemetry
2026-01-01 12:00:20.200,0.765857488417806,0.629575915854154,0.409053295023055,0.4352054457913643,telemetry
2026-01-01 12:00:20.400,0.5062097037558859,0.7319052291012026,1.1092741891681854,1.5509464979449379,telemetry
2026-01-01 12:00:20.600,1.1598946146674503,1.522108833261324,1.4387278919986168,0.8742126942641482,telemetry
2026-01-01 12:00:20.800,1.3140939878668898,1.048578299014944,0.306035280642664,-0.12056859921116046,telemetry
2026-01-01 12:00:21.000,0.7640675131628866,0.38958655623740135,-0.02923406953702968,-0.30643774532414025,telemetry
2026-01-01 12:00:21.200,1.116644320567783,0.44388722937220415,-0.366403087883076,-1.173518204130172,telemetry
2026-01-01 12:00:21.400,0.8259428730237418,-0.529084117003667,-1.5074639283600533,-1.3047691600595583,telemetry
2026-01-01 12:00:21.600,-0.23508425863275312,-1.2066828056082042,-1.078514308767998,0.03023417378032551,telemetry
2026-01-01 12:00:21.800,-0.09426334236848896,-0.8082781403917508,-0.538317577383545,0.4517294585037114,telemetry
2026-01-01 12:00:22.000,-0.40142023830330886,-1.304529432660079,-0.39555075587545485,0.8530146177269468,telemetry
2026-01-01 12:00:22.200,-1.4121139099554614,-1.0595991111458367,0.8338788998840355,1.4595072219884002,telemetry
2026-01-01 12:00:22.400,-1.0137051655707237,0.04968927774817574,1.32488983635354,0.3595908407333069,telemetry
2026-01-01 12:00:22.600,-0.9971257851829312,0.07067826416628911,0.7189883221555118,-0.6606204259783345,telemetry
2026-01-01 12:00:22.800,-1.4461062431232785,0.6818910265250531,0.8903530240850047,-0.7485131841341817,telemetry
2026-01-01 12:00:23.000,-0.4164888687559803,1.4971352693615887,0.14595018498858106,-1.3705283772011378,telemetry
2026-01-01 12:00:23.200,-0.13243954401970678,0.9044395013771567,-1.084843934100359,-0.8233996063361116,telemetry
2026-01-01 12:00:23.400,-0.24992395506789936,0.7368154720579755,-0.9339540114416113,0.742835468272191,telemetry
2026-01-01 12:00:23.600,0.8115112538826398,0.866036478542597,-0.9605923167007657,0.8421217712428211,telemetry
2026-01-01 12:00:23.800,1.1202050421885172,-0.3269407622677567,-1.0705620698725062,0.9074967304368904,telemetry
2026-01-01 12:00:24.000,0.7494984347383418,-0.8719482611655799,0.26617993843582904,1.0640440733820664,telemetry
2026-01-01 12:00:24.200,1.4964636085602168,-0.7038078762139156,0.8550084017487231,-0.43194809944794904,telemetry
2026-01-01 12:00:24.400,1.1971373389699969,-1.442222321148232,0.78121652596741,-0.9712334824067489,telemetry
2026-01-01 12:00:24.600,0.37763919204366503,-1.0017957361664873,1.4335592380856932,-0.797429122515291,telemetry
2026-01-01 12:00:24.800,0.7536957276920523,-0.08394844150219041,0.7630095467789031,-1.0918597024270005,telemetry
2026-01-01 12:00:25.000,0.05519628753142677,-0.3145338962618386,-0.4668599543936095,-0.01070535937577792,telemetry
2026-01-01 12:00:25.200,-0.7881368227198071,0.5705684163742677,-0.33981173983713947,1.1562667249133713,telemetry
2026-01-01 12:00:25.400,-0.4649719868231866,1.2645947903721524,-1.0910292209427543,0.8461013173481765,telemetry
2026-01-01 12:00:25.600,-1.1203249163852023,0.8202155587471113,-1.4560803390493968,0.9222711282523139,telemetry
2026-01-01 12:00:25.800,-1.4745025922010806,1.0414727738508964,-0.3137232605572304,0.5221198228642039,telemetry
2026-01-01 12:00:26.000,-0.7068147320221483,1.0965967141785549,-0.03337166161941838,-0.963750976234476,telemetry
2026-01-01 12:00:26.200,-1.0093979626445189,-0.2633827803250242,0.3459176865032635,-1.1745939922221578,telemetry
2026-01-01 12:00:26.400,-0.8923018628595072,-0.296074759015305,1.4870433459900527,-0.6495463435935896,telemetry
2026-01-01 12:00:26.600,0.28970919650078497,-0.5722830616541781,1.0435855124136826,-0.6704333667166521,telemetry
2026-01-01 12:00:26.800,0.12043997846775999,-1.5639751048175932,0.4553450469481236,0.6067095134816659,telemetry
2026-01-01 12:00:27.000,0.5105443184974028,-1.0644276331945828,0.36926985552855046,1.4471731810120931,telemetry
2026-01-01 12:00:27.200,1.3766647362469642,-0.554735486461084,-0.9158236314108625,0.6528971955050147,telemetry
2026-01-01 12:00:27.400,0.9013499868821366,-0.6608976444480972,-1.3375346063782905,0.6339563937958179,telemetry
2026-01-01 12:00:27.600,0.9782026763981361,0.5255866842963761,-0.6960827934478112,-0.18067429358722584,telemetry
2026-01-01 12:00:27.800,1.4953561002887812,1.0594377913306479,-0.9275687062903102,-1.572081358205375,telemetry
2026-01-01 12:00:28.000,0.4272889226150318,0.7790263001154122,-0.2456096623817977,-1.0349709046912126,telemetry
2026-01-01 12:00:28.200,0.10656166048966248,1.3498187792887741,1.1709424978678338,-0.32478540982307263,telemetry
2026-01-01 12:00:28.400,0.23366778746752034,1.0642927779908673,0.9828403568528056,-0.18751229761766539,telemetry
2026-01-01 12:00:28.600,-0.7952121664867899,0.03634507473683816,0.9556350763746069,1.2711461610398913,telemetry
2026-01-01 12:00:28.800,-0.9972489659154182,0.08288039648848619,1.1070545557743572,1.2741422988483522,telemetry
2026-01-01 12:00:29.000,-0.8428421524918022,-0.7292655341540405,-0.2564585657619356,0.34363282292046227,telemetry
2026-01-01 12:00:29.200,-1.5252842401520788,-1.52614929289481,-0.7974569682938518,0.12640549439986182,telemetry
2026-01-01 12:00:29.400,-1.0680865067037693,-0.9064881593634896,-0.6662684005066171,-0.8809120468757603,telemetry
2026-01-01 12:00:29.600,-0.5353055539268505,-1.0294048530697264,-1.4178909696000148,-1.589469105999797,telemetry
2026-01-01 12:00:29.800,-0.6933442308113377,-0.9602112215743854,-0.8199174703560316,-0.5193172982077967,telemetry
2026-01-01 12:00:30.000,0.05750493069978594,0.33442518205981403,0.3222294914093757,0.07603388699593057,telemetry
2026-01-01 12:00:30.200,0.701867302407268,0.5374420460924396,0.38159897884413874,0.4444452917249354,telemetry
2026-01-01 12:00:30.400,0.4900652421825712,0.6799266541358605,1.1579085122169375,1.5703778237799444,telemetry
2026-01-01 12:00:30.600,1.1625344634142898,1.5518310558369033,1.3784547409966992,0.9026859918477091,telemetry
2026-01-01 12:00:30.800,1.4984348038926678,1.0459615975181198,0.39223693312685837,-0.21208593999018968,telemetry
2026-01-01 12:00:31.000,0.6937773274287364,0.3652593403441691,-0.035792509451422524,-0.420491012016772,telemetry
2026-01-01 12:00:31.200,1.0012379269278802,0.5316769791164452,-0.31575358037225104,-1.17304018581356,telemetry
2026-01-01 12:00:31.400,0.8041840039574082,-0.5621975091574948,-1.56297265500077,-1.2712746192126538,telemetry
2026-01-01 12:00:31.600,-0.23614203886073568,-1.1839357989521941,-1.0320338683731585,0.09342623410490566,telemetry
2026-01-01 12:00:31.800,-0.23256445001178316,-0.7376148169285743,-0.4610249544442185,0.594736730402494,telemetry
2026-01-01 12:00:32.000,-0.399584483230832,-1.2681306103624206,-0.4058932319445432,0.8838287402009631,telemetry
2026-01-01 12:00:32.200,-1.469297312858333,-1.0304231994526674,0.8211832985213612,1.5229604174352374,telemetry
2026-01-01 12:00:32.400,-1.070438282153971,0.17581613529215462,1.372650425181064,0.3082069373882104,telemetry
2026-01-01 12:00:32.600,-0.9714591481578629,0.0474079601406325,0.7165381297917414,-0.7334241950764495,telemetry
2026-01-01 12:00:32.800,-1.3837000641707506,0.6055654645355428,0.8456552800979862,-0.6378727553581295,telemetry
2026-01-01 12:00:33.000,-0.4788532565722438,1.5514347468684617,0.2016200058343751,-1.3123701226567124,telemetry
2026-01-01 12:00:33.200,-0.2349072525649055,0.8504240431649408,-1.101922946302668,-0.7874617021445519,telemetry
2026-01-01 12:00:33.400,-0.29079247334370023,0.8400657122261497,-0.8563197868581927,0.7168941450409152,telemetry
2026-01-01 12:00:33.600,0.8652309214624366,0.7260043271581317,-0.9560851400121231,0.7419424389885008,telemetry
2026-01-01 12:00:33.800,0.96556363434969,-0.4018197574731427,-1.095142413561242,0.9957084855923576,telemetry
2026-01-01 12:00:34.000,0.7799953926542535,-0.8069007771508625,0.3480987371198066,1.0239953238186013,telemetry
2026-01-01 12:00:34.200,1.4742659969497136,-0.6554399932017738,0.7280789874875013,-0.4574145980576833,telemetry
2026-01-01 12:00:34.400,1.0891814100713015,-1.4902699612090122,0.7096790767194169,-1.0629951495266665,telemetry
2026-01-01 12:00:34.600,0.4229568612115138,-1.054836399359015,1.405889765487927,-0.800572173348179,telemetry
2026-01-01 12:00:34.800,0.8054738873993376,-0.18191754934746335,0.7723970080449193,-1.162437507292727,telemetry
2026-01-01 12:00:35.000,0.056241803627221885,-0.3698948889904339,-0.3624406388092859,-0.08909700871457082,telemetry
2026-01-01 12:00:35.200,-0.8106817159221403,0.5024915335745586,-0.35515263814903303,1.0823951443236397,telemetry
2026-01-01 12:00:35.400,-0.42355991650953906,1.4176125649371898,-1.066666758335372,0.8897837980150254,telemetry
2026-01-01 12:00:35.600,-1.1318002090018444,0.8363091601787164,-1.4125007455303842,0.9576861823702647,telemetry
2026-01-01 12:00:35.800,-1.5949336384044268,1.1679739783799936,-0.31806835973845743,0.41005113085793354,telemetry
2026-01-01 12:00:36.000,-0.7382214121789216,0.9377599830859216,-0.01915211436747832,-1.1361908313529911,telemetry
2026-01-01 12:00:36.200,-1.0427448001432498,-0.3033897364326757,0.41813969900274267,-1.0802263384049655,telemetry
2026-01-01 12:00:36.400,-0.8131854897285354,-0.35782921223176806,1.5381350975490555,-0.670029096569699,telemetry
2026-01-01 12:00:36.600,0.21335563445767095,-0.6167401529774841,1.0721964460537237,-0.6643838969546355,telemetry
2026-01-01 12:00:36.800,0.24155917389020304,-1.5016891662100151,0.4518885853709267,0.6914424877614879,telemetry
2026-01-01 12:00:37.000,0.49391286449778987,-1.0522018592157736,0.3487077938737275,1.4304428915823735,telemetry
2026-01-01 12:00:37.200,1.3755361130694697,-0.642465160011124,-0.8762662672469096,0.7573590975544405,telemetry
2026-01-01 12:00:37.400,0.9817945788874228,-0.6620699847046471,-1.442626627857022,0.5491593438757425,telemetry
2026-01-01 12:00:37.600,1.0391681269373962,0.5076460452104288,-0.7209478494730522,-0.17908202667449527,telemetry
2026-01-01 12:00:37.800,1.389510985535693,0.9816603281207149,-0.8855585798670746,-1.4970803695338515,telemetry
2026-01-01 12:00:38.000,0.49238193909562483,0.7624478111947215,-0.22571110645348785,-1.0349637017643154,telemetry
2026-01-01 12:00:38.200,0.1235590005446799,1.4594329540567332,1.1188809214078457,-0.36665873003680766,telemetry
2026-01-01 12:00:38.400,0.29778696696610596,1.003419796726043,0.924447247159736,-0.08874704436584313,telemetry
2026-01-01 12:00:38.600,-0.85815914599517,0.12567330796266152,0.9562900455464947,1.2094185164060336,telemetry
2026-01-01 12:00:38.800,-1.011093500068971,0.16607279577770648,1.124766099656482,1.4174272213076522,telemetry
2026-01-01 12:00:39.000,-0.7953713787686609,-0.6109813561537143,-0.16477229651365763,0.3426070322543953,telemetry
2026-01-01 12:00:39.200,-1.4561485702537105,-1.5479994031813364,-0.8105778540977965,0.1551024029317345,telemetry
2026-01-01 12:00:39.400,-1.1211350657712034,-0.9484872272447754,-0.760818901902667,-0.8519674806158075,telemetry
2026-01-01 12:00:39.600,-0.44324359669069,-0.9180038056048584,-1.467606208796607,-1.5238997659181297,telemetry
2026-01-01 12:00:39.800,-0.7393772087710596,-0.8773060001244924,-0.8190966356494093,-0.47231309214280753,telemetry
2026-01-01 12:00:40.000,-0.06684566242508447,0.3527573631366485,0.31601473362336246,0.05364785202057198,telemetry
2026-01-01 12:00:40.200,0.9283956369373709,0.6064506930465315,0.41296010108245756,0.4223993236750708,telemetry
2026-01-01 12:00:40.400,0.5207733895273967,0.8373625471688871,1.1673611118081935,1.5209990578897348,telemetry
2026-01-01 12:00:40.600,1.1293685675433802,1.462078725516241,1.4525607477499203,0.9430192182094854,telemetry
2026-01-01 12:00:40.800,1.555084897129071,1.0930888090032824,0.3216529096412253,-0.1817484340446359,telemetry
2026-01-01 12:00:41.000,0.7775479372132084,0.32659365622405534,0.07318923652956758,-0.32371299698996336,telemetry
2026-01-01 12:00:41.200,1.0067422568056843,0.49294448975410454,-0.41447179130928735,-1.165787125138557,telemetry
2026-01-01 12:00:41.400,0.7670496601224164,-0.4391962861875091,-1.4642901925767577,-1.334965427041046,telemetry
2026-01-01 12:00:41.600,-0.21466449696754164,-1.204850831567714,-1.076222998034889,0.1307849439220456,telemetry
2026-01-01 12:00:41.800,-0.06031201177409193,-0.7980345002248854,-0.4877926613011423,0.4875064530207216,telemetry
2026-01-01 12:00:42.000,-0.5119881005677981,-1.2861394119364975,-0.4145086893010981,0.8276927796137774,telemetry
2026-01-01 12:00:42.200,-1.3810033571960219,-0.985835827703416,0.9122056174339995,1.4835863757781818,telemetry
2026-01-01 12:00:42.400,-0.9553753389999119,0.10844172291466922,1.432016106147587,0.30562940131304467,telemetry
2026-01-01 12:00:42.600,-1.007535257220551,0.17336921927229199,0.775266326915592,-0.7288175793215872,telemetry
2026-01-01 12:00:42.800,-1.4301029453226652,0.6216758621853379,0.923218744912569,-0.6695312063905463,telemetry
2026-01-01 12:00:43.000,-0.38629828161092605,1.553295645093347,0.15725534778862857,-1.2597181998114084,telemetry
2026-01-01 12:00:43.200,-0.10541811017035066,0.9453755398339218,-1.061756202518123,-0.7496837036000816,telemetry
2026-01-01 12:00:43.400,-0.19092968557279666,0.748110635649478,-0.8371968942148403,0.7217012344043444,telemetry
2026-01-01 12:00:43.600,0.8115737002919262,0.8063843051037278,-1.0091604966511896,0.7936522304964572,telemetry
2026-01-01 12:00:43.800,1.1261396388802127,-0.40347097894426215,-1.1277723230766812,1.07787029017413,telemetry
2026-01-01 12:00:44.000,0.8224794214787161,-0.7615364656932897,0.2695193532343508,1.1157812720392095,telemetry
2026-01-01 12:00:44.200,1.4853810023419454,-0.664248702359024,0.7992246577716742,-0.5018634543114505,telemetry
2026-01-01 12:00:44.400,1.1467754680758881,-1.5076699343996978,0.7014924068996645,-1.0219946573208218,telemetry
2026-01-01 12:00:44.600,0.4728777052113522,-1.1000520446083746,1.4230384145006254,-0.8064421062905086,telemetry
2026-01-01 12:00:44.800,0.8035365488113652,-0.19232173134403457,0.7232799740634331,-1.1258807365681707,telemetry
2026-01-01 12:00:45.000,0.008284325179134725,-0.302721005995669,-0.45512706581131324,-0.10421860892981169,telemetry
2026-01-01 12:00:45.200,-0.8018529342888119,0.5412871636998641,-0.44792222773780227,1.1081853086369697,telemetry
2026-01-01 12:00:45.400,-0.4654518426467686,1.3143804881517862,-1.1875950658956895,0.791890150303872,telemetry
2026-01-01 12:00:45.600,-1.1040882914838306,0.8450796512106862,-1.4926388470369816,0.8831801588165062,telemetry
2026-01-01 12:00:45.800,-1.5728319129096378,1.1973603313332313,-0.3148073982300037,0.5740377830375775,telemetry
2026-01-01 12:00:46.000,-0.7208906079285061,0.9845083239434309,-0.04623169661692555,-1.1086252187831516,telemetry
2026-01-01 12:00:46.200,-1.0640770981927772,-0.21485589148507767,0.4560169749823051,-1.0783948220859683,telemetry
2026-01-01 12:00:46.400,-0.8607696863486892,-0.32045275815531465,1.5275044725219693,-0.7019171934378581,telemetry
2026-01-01 12:00:46.600,0.2612642514459249,-0.6888976772980895,1.0437382116214478,-0.6954505266909665,telemetry
2026-01-01 12:00:46.800,0.13633459988144236,-1.6264162159214084,0.44312920833463515,0.6398782425518772,telemetry
2026-01-01 12:00:47.000,0.4686931376433801,-0.9806463975529315,0.39737189675729623,1.3593905717100434,telemetry
2026-01-01 12:00:47.200,1.4265651542209115,-0.6890083618766566,-0.7971391526068804,0.6642727370585849,telemetry
2026-01-01 12:00:47.400,1.0066678835610268,-0.621759511308739,-1.4462178662436673,0.5480411154849202,telemetry
2026-01-01 12:00:47.600,1.053781277259742,0.44866864193948336,-0.8134956150049975,-0.2846861390401695,telemetry
2026-01-01 12:00:47.800,1.380694006002789,1.0379622435273734,-0.8675692596187838,-1.513249323096938,telemetry
2026-01-01 12:00:48.000,0.5316471187641499,0.7134687668705868,-0.16922652283326026,-0.8590792867624872,telemetry
2026-01-01 12:00:48.200,0.20015306110028735,1.4899088856097742,1.07969220093489,-0.3286663003031167,telemetry
2026-01-01 12:00:48.400,0.25574529899380305,1.0749570345796053,0.8674640506734885,-0.08292278647603822,telemetry
2026-01-01 12:00:48.600,-0.8329076857567176,0.06923829433944326,0.9958159676837396,1.2006441318392553,telemetry
2026-01-01 12:00:48.800,-1.0493699764681081,0.06822438558935814,1.1557937543249943,1.3454557874272974,telemetry
2026-01-01 12:00:49.000,-0.7308707937184886,-0.5818370016308753,-0.30267012589631775,0.4257449234130008,telemetry
2026-01-01 12:00:49.200,-1.437913664404652,-1.5526584577895397,-0.7586809576754618,0.047600188010915534,telemetry
2026-01-01 12:00:49.400,-1.0776384321432118,-0.87426174381331,-0.7438480138635029,-0.7738197401888697,telemetry
2026-01-01 12:00:49.600,-0.43702566453044855,-0.9415103499031398,-1.4742839034229194,-1.6231797329370965,telemetry
2026-01-01 12:00:49.800,-0.7230707626909114,-0.9367481504025058,-0.7323089257073052,-0.5126347817187907,telemetry
2026-01-01 12:00:50.000,-0.06351055267347129,0.3454303083194545,0.36226419770015617,-0.02599332113895536,telemetry
2026-01-01 12:00:50.200,0.6978615406825703,0.5822576499169947,0.4569556541180417,0.440335993252832,telemetry
2026-01-01 12:00:50.400,0.49454771683761956,0.7652869017942743,1.124883152712735,1.5344082308420366,telemetry
2026-01-01 12:00:50.600,1.1969228922138817,1.6107997409833545,1.3999957838350934,1.0034248634694107,telemetry
2026-01-01 12:00:50.800,1.5454673668422474,1.069594208760523,0.4707087894630854,-0.19585194214878765,telemetry
2026-01-01 12:00:51.000,0.659140884370442,0.42804162072308827,0.06257228682183699,-0.30648676104977896,telemetry
2026-01-01 12:00:51.200,1.0465725907277603,0.5353300298874245,-0.42903211720236656,-1.2678591110898416,telemetry
2026-01-01 12:00:51.400,0.7510363203268465,-0.5318467138883642,-1.50570840124028,-1.2504226271198524,telemetry
2026-01-01 12:00:51.600,-0.28484626664900553,-1.2930507717872,-0.9841038326381482,0.014632271096812713,telemetry
2026-01-01 12:00:51.800,-0.1378452899894444,-0.7517832232913846,-0.40944421475703,0.5286751559576803,telemetry
2026-01-01 12:00:52.000,-0.5136966248305077,-1.2192745074149263,-0.3660502995752963,0.9095924254805914,telemetry
2026-01-01 12:00:52.200,-1.4122456339177736,-0.9788527920098756,0.850978237018037,1.4508943413916147,telemetry
2026-01-01 12:00:52.400,-0.987597450599314,0.03603840045043252,1.3764871154551042,0.32022397242460726,telemetry
2026-01-01 12:00:52.600,-1.0427919104653878,0.13700184354228878,0.6436903641792374,-0.7047898880843165,telemetry
2026-01-01 12:00:52.800,-1.4837090773287536,0.6688108874565158,0.8320639182822755,-0.6627697535946181,telemetry
2026-01-01 12:00:53.000,-0.5060989505920963,1.5082540568829328,0.10924502482019818,-1.3403186422659457,telemetry
2026-01-01 12:00:53.200,-0.1689153271857071,0.9335802767897485,-1.1137767943081354,-0.7854600665354892,telemetry
2026-01-01 12:00:53.400,-0.28803070336195924,0.688018133280415,-0.8856710937982434,0.6785671479914316,telemetry
2026-01-01 12:00:53.600,0.8403178947951003,0.8134006946645785,-0.9796841198361957,0.7897652484450859,telemetry
2026-01-01 12:00:53.800,1.0037019289823688,-0.3732585623575812,-1.159504304447888,1.0533983969192735,telemetry
2026-01-01 12:00:54.000,0.7310990432684116,-0.7350934885319474,0.21690540703543443,1.165475404955947,telemetry
2026-01-01 12:00:54.200,1.488933044987951,-0.8344904376348322,0.7748273359355442,-0.3513639441999206,telemetry
2026-01-01 12:00:54.400,1.18151512524861,-1.5330676090351207,0.8130345053849664,-1.013439575572466,telemetry
2026-01-01 12:00:54.600,0.3878860511745812,-1.1257464794619996,1.3731211855817862,-0.7864270148898811,telemetry
2026-01-01 12:00:54.800,0.8239022109405663,-0.24441362057868965,0.7300917329293348,-1.1386808973674947,telemetry
2026-01-01 12:00:55.000,0.02973306266338995,-0.3512316165810129,-0.3136838054428579,-0.02001979671294364,telemetry
2026-01-01 12:00:55.200,-0.7683263968743609,0.616879344242979,-0.40564578841997206,1.2138880325126586,telemetry
2026-01-01 12:00:55.400,-0.4536540539175698,1.3288188883596965,-1.1502083927256677,0.8738107449297301,telemetry
2026-01-01 12:00:55.600,-1.1049700309656565,0.8338453244214281,-1.414651383484208,0.8330404339640053,telemetry
2026-01-01 12:00:55.800,-1.4280553427306455,1.196155064383512,-0.32424355656941506,0.5346609694191768,telemetry
2026-01-01 12:00:56.000,-0.7582212942599768,1.0639943286237281,0.00023514113453580732,-1.1097167522034377,telemetry
2026-01-01 12:00:56.200,-1.0316337077959383,-0.19918764973901731,0.42690334696709337,-1.0975618492833334,telemetry
2026-01-01 12:00:56.400,-0.8004763318684998,-0.331262762437253,1.457360352061765,-0.7027362397106734,telemetry
2026-01-01 12:00:56.600,0.2228415841203093,-0.6552104840868295,1.1319546240046379,-0.6476735226099525,telemetry
2026-01-01 12:00:56.800,0.14499131387678957,-1.6605193535294835,0.43740104385207534,0.657716338875243,telemetry
2026-01-01 12:00:57.000,0.42908832955828524,-1.0551464435400737,0.39557330263021057,1.389876752343291,telemetry
2026-01-01 12:00:57.200,1.3851346123976784,-0.6233375048533222,-0.843436144494026,0.6464826830631889,telemetry
2026-01-01 12:00:57.400,0.9166515013897437,-0.6508721260196364,-1.3384745561507085,0.6509863545101239,telemetry
2026-01-01 12:00:57.600,1.0406878764985494,0.47382403335941864,-0.832459623709025,-0.29278012595896735,telemetry
2026-01-01 12:00:57.800,1.429182886232185,1.0340563652121495,-0.8681518785717697,-1.4490681963588332,telemetry
2026-01-01 12:00:58.000,0.48388133451924825,0.7798619076839884,-0.1805724734622216,-0.9388362736134936,telemetry
2026-01-01 12:00:58.200,0.17938651256771682,1.406638598001357,1.1759489018470037,-0.4457780659898035,telemetry
2026-01-01 12:00:58.400,0.33043932573342055,1.0790518599481436,0.8273372332840381,-0.0915881953914577,telemetry
2026-01-01 12:00:58.600,-0.9110742597217207,0.09352393017864866,0.9737290479131975,1.2633747744706654,telemetry
2026-01-01 12:00:58.800,-0.9572534247543274,0.14441188159405363,1.1169696142977739,1.366495709859668,telemetry
2026-01-01 12:00:59.000,-0.8426333735227884,-0.6421438410455974,-0.3169422384862587,0.3914215738040403,telemetry
2026-01-01 12:00:59.200,-1.453423757586665,-1.3969593955990136,-0.8214368493777043,0.20653861156139539,telemetry
2026-01-01 12:00:59.400,-1.0854886734676612,-0.8670220507862985,-0.7500211694032763,-0.7867713511817974,telemetry
2026-01-01 12:00:59.600,-0.5282309641839911,-0.9306333906137437,-1.4159339840841947,-1.6157089640772755,telemetry
2026-01-01 12:00:59.800,-0.8137758248049347,-0.9527563423713764,-0.6352410254640702,-0.5705169968372437,telemetry
2026-01-01 12:01:00.000,0.0030564105729857234,0.30723796157735894,0.33110418227270044,0.08062198735465409,telemetry
2026-01-01 12:01:00.200,0.6989016330680909,0.5567633680539531,0.41768202030527135,0.5535257141669775,telemetry
2026-01-01 12:01:00.400,0.4436356180308145,0.6876199308003175,1.065979634895319,1.4802892227492022,telemetry
2026-01-01 12:01:00.600,1.170635286653132,1.57957215275766,1.4667542522571835,0.9970187824727922,telemetry
2026-01-01 12:01:00.800,1.5442109144210159,0.9940453518988299,0.34651933008541147,-0.16881174475412083,telemetry
2026-01-01 12:01:01.000,0.7750839871455918,0.3790981184141999,-0.03612423000443643,-0.3076914699421082,telemetry
2026-01-01 12:01:01.200,1.0220739300758444,0.5259774857754146,-0.42449775749345486,-1.2748255261858539,telemetry
2026-01-01 12:01:01.400,0.750731735194668,-0.49621659476811286,-1.4612129286740776,-1.2976883310210119,telemetry
2026-01-01 12:01:01.600,-0.25739539198469696,-1.1598000290452959,-1.0165349185004597,0.07385517931266423,telemetry
2026-01-01 12:01:01.800,-0.1659139143731322,-0.714948145122495,-0.34189359838627637,0.4974556894746325,telemetry
2026-01-01 12:01:02.000,-0.4043515856435404,-1.2677641154163954,-0.3931501212191922,0.8392186613574406,telemetry
2026-01-01 12:01:02.200,-1.338087412078855,-1.052857631089689,0.9534246772459346,1.3818077464486633,telemetry
2026-01-01 12:01:02.400,-0.9752024001465186,0.08416919255298565,1.328944875215922,0.19708343185277355,telemetry
2026-01-01 12:01:02.600,-1.0202076814209686,0.06249918718828456,0.8187883011191108,-0.7847467140134547,telemetry
2026-01-01 12:01:02.800,-1.395219289000247,0.5812383149617053,0.8794974140034257,-0.6623314505347082,telemetry
2026-01-01 12:01:03.000,-0.46626015225690437,1.575495054252989,0.21680029470510714,-1.2974145527349248,telemetry
2026-01-01 12:01:03.200,-0.19734881174927993,0.9068656514101947,-1.1314563453316075,-0.79838604403867,telemetry
2026-01-01 12:01:03.400,-0.18895106208423168,0.7360864267280652,-0.904661893873747,0.7367608080964458,telemetry
2026-01-01 12:01:03.600,0.8348549990958868,0.830258912430638,-0.9604061774975403,0.8673608519626499,telemetry
2026-01-01 12:01:03.800,0.9222385194421705,-0.426496147768864,-1.0601514773032383,1.1130191441065505,telemetry
2026-01-01 12:01:04.000,0.7405192785064564,-0.820058157821152,0.2298399117533064,1.131338167350816,telemetry
2026-01-01 12:01:04.200,1.5541561115611784,-0.7483450347266801,0.8022811233101753,-0.41309200126021206,telemetry
2026-01-01 12:01:04.400,1.1219190739686882,-1.4871690617763387,0.8327681907371629,-1.1012481069910076,telemetry
2026-01-01 12:01:04.600,0.5398481253602614,-1.065618609439262,1.5055601281405715,-0.8505500754368034,telemetry
2026-01-01 12:01:04.800,0.7764821940196674,-0.1645459513032712,0.7689340179608429,-1.1112413312039364,telemetry
2026-01-01 12:01:05.000,0.035366397228918094,-0.3906889937109931,-0.32173776498589407,0.01093320399242674,telemetry
2026-01-01 12:01:05.200,-0.8246413976089156,0.48759969420336713,-0.3451921741839369,1.0505383252861642,telemetry
2026-01-01 12:01:05.400,-0.37849007992888656,1.381788250292865,-1.1872434979388795,0.8714480466886767,telemetry
2026-01-01 12:01:05.600,-1.1725801396493538,0.904456856418222,-1.4133784455430964,0.8810818074050483,telemetry
2026-01-01 12:01:05.800,-1.4418547784937905,1.1805031683645204,-0.4066012779338226,0.5152055554285729,telemetry
2026-01-01 12:01:06.000,-0.7704373564419478,0.9977179412362398,0.04780975445176292,-1.0586427457784,telemetry
2026-01-01 12:01:06.200,-0.953120801259834,-0.12216953103484969,0.4133420472938276,-1.198218452353106,telemetry
2026-01-01 12:01:06.400,-0.9412622623792326,-0.3390007124387231,1.4767473424079254,-0.658637720659951,telemetry
2026-01-01 12:01:06.600,0.2409862820723038,-0.6470505501328654,1.0066532941474813,-0.6048226369257066,telemetry
2026-01-01 12:01:06.800,0.15751061766416136,-1.5852681005730225,0.46564067984885393,0.6351675724977133,telemetry
2026-01-01 12:01:07.000,0.4424837888265313,-1.007323509286727,0.4445169105106017,1.3894473713471907,telemetry
2026-01-01 12:01:07.200,1.3917603441694393,-0.586576614114029,-0.848463492318356,0.7573340959208208,telemetry
2026-01-01 12:01:07.400,0.9354761981168441,-0.6015131252403796,-1.4057664783973753,0.5710229581231179,telemetry
2026-01-01 12:01:07.600,0.9836930587160526,0.47356840622705565,-0.7432368221038844,-0.22595682275454249,telemetry
2026-01-01 12:01:07.800,1.4404152317685979,0.987099549080967,-0.8681494156428939,-1.540588141256468,telemetry
2026-01-01 12:01:08.000,0.4365159190476765,0.7400450064144204,-0.1298960473436055,-0.9694316273835362,telemetry
2026-01-01 12:01:08.200,0.1699869703487444,1.4096096977305677,1.1326183764340776,-0.3279245376809355,telemetry
2026-01-01 12:01:08.400,0.24031048843911454,1.199966220208389,0.9199491453994755,-0.13293266636216636,telemetry
2026-01-01 12:01:08.600,-0.86364976002536,0.14410845234697234,0.9497169409384375,1.2332682156125354,telemetry
2026-01-01 12:01:08.800,-0.9611078706617388,-0.022367606088794262,1.0445586280139325,1.2334812768646939,telemetry
2026-01-01 12:01:09.000,-0.7801055614048017,-0.6060305107793391,-0.3050687170295167,0.22058581529349713,telemetry
2026-01-01 12:01:09.200,-1.4249143036954888,-1.4368432078364772,-0.8647065627165955,0.0666261377074521,telemetry
2026-01-01 12:01:09.400,-1.1227550544594762,-0.9328363465952646,-0.7173029742501622,-0.8347289327080765,telemetry
2026-01-01 12:01:09.600,-0.4119391096575091,-0.9897201004843071,-1.4718263317429296,-1.5954153210669986,telemetry
2026-01-01 12:01:09.800,-0.7376990362509924,-0.9352970209211866,-0.8013520069603589,-0.49333722439360145,telemetry
2026-01-01 12:01:10.000,-0.0710958076055318,0.3740308282774325,0.3645859219559382,0.09721010216777254,telemetry
2026-01-01 12:01:10.200,0.7287722319688242,0.6165216292586849,0.3562330171414842,0.4673829344347522,telemetry
2026-01-01 12:01:10.400,0.4871839377687953,0.6236399249270043,1.0820348760764757,1.5257265194657708,telemetry
2026-01-01 12:01:10.600,1.2078912236187502,1.6167328371701561,1.4334215199547093,0.8935202979034358,telemetry
2026-01-01 12:01:10.800,1.5952669492104938,1.0667175324063067,0.34396946118997246,-0.1522332092583266,telemetry
2026-01-01 12:01:11.000,0.8376375237478325,0.4472731635379377,0.06415786731470373,-0.34844964074125334,telemetry
2026-01-01 12:01:11.200,0.9754209141988599,0.6335056774434361,-0.3570438341136256,-1.164139900675744,telemetry
2026-01-01 12:01:11.400,0.9183061938258171,-0.5690340393418842,-1.5641626580284493,-1.2821504153619956,telemetry
2026-01-01 12:01:11.600,-0.25233279849505275,-1.1201293011096962,-1.0470422463899143,0.11071565210568371,telemetry
2026-01-01 12:01:11.800,-0.21724721589517454,-0.765074152914121,-0.46481444026687313,0.43132328286724336,telemetry
2026-01-01 12:01:12.000,-0.4986550505879336,-1.304567622828699,-0.3442245578890883,0.9007234066482983,telemetry
2026-01-01 12:01:12.200,-1.402034947118181,-1.0870602907186833,0.8147788444206264,1.546545544405494,telemetry
2026-01-01 12:01:12.400,-1.032099646239308,0.12036007195400389,1.364942917144728,0.2463801845129604,telemetry
2026-01-01 12:01:12.600,-1.0296236701703503,0.10873945220105703,0.7209298503611289,-0.6538617513910007,telemetry
2026-01-01 12:01:12.800,-1.4349885863982341,0.6726038786810938,0.8916326457451357,-0.6668612024696803,telemetry
2026-01-01 12:01:13.000,-0.5055038794017344,1.549912688961559,0.20975429906337004,-1.3363117057881218,telemetry
2026-01-01 12:01:13.200,-0.08821955146471061,0.9544973169355427,-1.1098836849609732,-0.8195244470973093,telemetry
2026-01-01 12:01:13.400,-0.26685724446489906,0.7848545157999752,-0.8308220284248354,0.5846982169817774,telemetry
2026-01-01 12:01:13.600,0.7851239140720515,0.8220716742416634,-0.9634246159907005,0.8596522226456269,telemetry
2026-01-01 12:01:13.800,1.0170740539972987,-0.42061055785022405,-1.1377090117635027,1.0302195953290882,telemetry
2026-01-01 12:01:14.000,0.7272925722483375,-0.8039061865299718,0.2065435358618355,1.1627458555803172,telemetry
2026-01-01 12:01:14.200,1.4512861866399478,-0.7765078558884082,0.8268228641197808,-0.40309970815634355,telemetry
2026-01-01 12:01:14.400,1.089251301499103,-1.4241413988811926,0.7641153728178305,-1.124012128870957,telemetry
2026-01-01 12:01:14.600,0.453097981533267,-1.0573318715225735,1.4274814297125633,-0.7846155426797335,telemetry
2026-01-01 12:01:14.800,0.7482205126317586,-0.15155321148777856,0.7270153424941092,-1.0730473445047588,telemetry
2026-01-01 12:01:15.000,0.0054732013186331524,-0.2711358115902701,-0.27313448794707396,-0.04156133050600961,telemetry
2026-01-01 12:01:15.200,-0.756133648256402,0.6331035915058352,-0.3543773927588245,1.1633714472142516,telemetry
2026-01-01 12:01:15.400,-0.46648374900108036,1.3546477788749605,-1.158500251898255,0.8472773467443803,telemetry
2026-01-01 12:01:15.600,-1.1645517243664159,0.8519952803581419,-1.4687464660242697,0.9796416213709402,telemetry
2026-01-01 12:01:15.800,-1.4339126535705036,1.1359215051204195,-0.2621612262456134,0.5023075724074402,telemetry
2026-01-01 12:01:16.000,-0.6304587611860832,1.0037221230308089,-0.022771482229121322,-1.1369399232561292,telemetry
2026-01-01 12:01:16.200,-0.9996959545729647,-0.1720620350179499,0.44965798737686885,-1.0564546034066058,telemetry
2026-01-01 12:01:16.400,-0.8944894461020608,-0.37852579630956,1.5078899153014815,-0.60548169974362,telemetry
2026-01-01 12:01:16.600,0.15563322494521564,-0.6597290086313913,1.0902303688839807,-0.738903051343814,telemetry
2026-01-01 12:01:16.800,0.19857377297797618,-1.5770658943224882,0.40978814249328244,0.6268670216169803,telemetry
2026-01-01 12:01:17.000,0.4898248482791089,-0.9899907481154353,0.3755912844353574,1.3547023168039998,telemetry
2026-01-01 12:01:17.200,1.4728959830701915,-0.5607411263645247,-0.8732811603543251,0.6841608574935788,telemetry
2026-01-01 12:01:17.400,0.9604567318346511,-0.681896403950352,-1.3393742330151297,0.6946637283284411,telemetry
2026-01-01 12:01:17.600,1.0143953158993795,0.3957618768766994,-0.7826657715858271,-0.22113297210979735,telemetry
2026-01-01 12:01:17.800,1.400525489474674,0.9309053527910476,-0.9255050379087765,-1.442381409799004,telemetry
2026-01-01 12:01:18.000,0.5090908978692742,0.705647156966672,-0.16667806124677653,-0.9509936509352961,telemetry
2026-01-01 12:01:18.200,0.19018665383124814,1.5036037067626797,1.1319622370534292,-0.35416056526230955,telemetry
2026-01-01 12:01:18.400,0.24381754568755717,1.112286949640959,0.9162022224515487,-0.18092839213095419,telemetry
2026-01-01 12:01:18.600,-0.9020415040209836,0.08153553416759504,0.9142079014796666,1.2771355376132951,telemetry
2026-01-01 12:01:18.800,-1.0651515294580303,0.21843434101404108,1.138801536837735,1.3129052886830659,telemetry
2026-01-01 12:01:19.000,-0.7476670086965094,-0.5538473116428123,-0.224151943918045,0.19588090762879368,telemetry
2026-01-01 12:01:19.200,-1.515076613076746,-1.4904731317885767,-0.803908004026841,0.19336986927751643,telemetry
2026-01-01 12:01:19.400,-1.129451234838971,-0.8524825471403586,-0.7980130511897302,-0.8841003772706405,telemetry
2026-01-01 12:01:19.600,-0.49641521885543505,-0.957553898120394,-1.4880623546555585,-1.6320098991931224,telemetry
2026-01-01 12:01:19.800,-0.8066595026916308,-0.917842810047583,-0.8121175747767797,-0.5238738367615503,telemetry
2026-01-01 12:01:20.000,0.10774307259014254,0.2978369445715712,0.2988735129787919,-0.023731999814252565,telemetry
2026-01-01 12:01:20.200,0.7476361464351124,0.6599256233772419,0.3046035145976648,0.45764146189355986,telemetry
2026-01-01 12:01:20.400,0.5246547684058294,0.6992044471436051,1.1925655664617008,1.560064879371059,telemetry
2026-01-01 12:01:20.600,1.1728803814160589,1.5889840728135498,1.5094482930893545,0.9848805438143997,telemetry
2026-01-01 12:01:20.800,1.4422501646890398,1.1688880172322733,0.31180371814065494,-0.15170124606183405,telemetry
2026-01-01 12:01:21.000,0.7253599521310946,0.40093058247045693,0.1432168494328706,-0.41846389414990887,telemetry
2026-01-01 12:01:21.200,1.0319327058360328,0.5257859193677223,-0.3817009498494839,-1.2345532613282542,telemetry
2026-01-01 12:01:21.400,0.8496028343627554,-0.49676715521024883,-1.4065310491101581,-1.3195328752429554,telemetry
2026-01-01 12:01:21.600,-0.19849519077909444,-1.1636809552829754,-1.142425688183226,0.146427561813113,telemetry
2026-01-01 12:01:21.800,-0.10801642832286149,-0.8043531828648404,-0.45765777289921206,0.4731961406944062,telemetry
2026-01-01 12:01:22.000,-0.46869023591895986,-1.3480021351688365,-0.4380682924510573,0.8471642158732426,telemetry
2026-01-01 12:01:22.200,-1.424008767356532,-1.0113747746409276,0.9332101426920072,1.5049547243478296,telemetry
2026-01-01 12:01:22.400,-1.0526638080304225,0.024128519293194636,1.3335595034129495,0.2794946500076961,telemetry
2026-01-01 12:01:22.600,-1.0051408446499122,0.17017077927622282,0.7664476898629795,-0.6763784989777426,telemetry
2026-01-01 12:01:22.800,-1.3941694967018856,0.6847090646337886,0.8976660514090066,-0.6239763062044174,telemetry
2026-01-01 12:01:23.000,-0.4575092156027781,1.4838549323556975,0.14525610728947835,-1.3350685104630255,telemetry
2026-01-01 12:01:23.200,-0.10659362425659469,0.9162604093177218,-1.1836148655998526,-0.7954748135287099,telemetry
2026-01-01 12:01:23.400,-0.2860029231387723,0.8145081092302465,-0.9162659025676057,0.6841913276167568,telemetry
2026-01-01 12:01:23.600,0.9422222844758044,0.8085573390001719,-0.937307466612877,0.8344255346755526,telemetry
2026-01-01 12:01:23.800,0.9220435822050601,-0.41530845421422685,-0.981388661596174,1.026300255236395,telemetry
2026-01-01 12:01:24.000,0.7814260428913814,-0.7690269321145993,0.30346965621019667,1.13547964471053,telemetry
2026-01-01 12:01:24.200,1.4490483529813656,-0.6659903271135199,0.8092011679495612,-0.4952806556483504,telemetry
2026-01-01 12:01:24.400,1.0501432439277938,-1.4475160297380978,0.7872265000287392,-1.0364788482590954,telemetry
2026-01-01 12:01:24.600,0.49425241409242326,-1.124997371787752,1.3992464204461061,-0.8246637596193511,telemetry
2026-01-01 12:01:24.800,0.7827742069585889,-0.20102704657120374,0.8086430469921885,-1.184978331532803,telemetry
2026-01-01 12:01:25.000,0.0011025515582538522,-0.34284183603597423,-0.42838643813799093,-0.11994714536683684,telemetry
2026-01-01 12:01:25.200,-0.8557299740860406,0.5068383972458521,-0.38915159998728643,1.2114637305824205,telemetry
2026-01-01 12:01:25.400,-0.43246980022865583,1.4028914758574018,-1.2247966997093966,0.8506521750864026,telemetry
2026-01-01 12:01:25.600,-1.080892802647298,0.7690037261769127,-1.4743269595936357,0.9384967876680631,telemetry
2026-01-01 12:01:25.800,-1.609886088459708,1.098296202776913,-0.3956471473079691,0.47207337864170257,telemetry
2026-01-01 12:01:26.000,-0.7976982745830195,0.9869994350945059,-0.05732954792422973,-1.1283219517674055,telemetry
2026-01-01 12:01:26.200,-1.0006242900638789,-0.28300828452196897,0.29502373697929213,-1.077310382975624,telemetry
2026-01-01 12:01:26.400,-0.7826564921750213,-0.3863975621226715,1.5183769059014838,-0.6434260830347068,telemetry
2026-01-01 12:01:26.600,0.25002116332126617,-0.6987898175228712,1.0225966566164926,-0.7841076641048015,telemetry
2026-01-01 12:01:26.800,0.2302843033505692,-1.5485004077558226,0.4965619672734051,0.5497612986769408,telemetry
2026-01-01 12:01:27.000,0.5438051730614581,-0.9671093880075826,0.4122117302430245,1.3761634034028896,telemetry
2026-01-01 12:01:27.200,1.4381505935639234,-0.4493318611966967,-0.8978049832579276,0.677313268422419,telemetry
2026-01-01 12:01:27.400,0.9141920199859122,-0.744939961003036,-1.282485855017585,0.5553254443336609,telemetry
2026-01-01 12:01:27.600,1.003632218810245,0.574556467171875,-0.7125761886433041,-0.3658798618937351,telemetry
2026-01-01 12:01:27.800,1.4709900122569521,1.0409487669128485,-0.8044008997539255,-1.537274981442761,telemetry
2026-01-01 12:01:28.000,0.5326573340143859,0.7057283323147074,-0.176941646367656,-0.8987145575315806,telemetry
2026-01-01 12:01:28.200,0.17334127722308307,1.4329801817011063,1.1239540464956086,-0.38581359861755443,telemetry
2026-01-01 12:01:28.400,0.21152553424640097,1.0857973402184382,0.8960466052931311,-0.0813092330632115,telemetry
2026-01-01 12:01:28.600,-0.8638553109233357,0.010127080352482005,1.0483994131815009,1.2159258272268694,telemetry
2026-01-01 12:01:28.800,-0.9830361939995024,0.23819746174104414,1.0796769418787855,1.2470910913865012,telemetry
2026-01-01 12:01:29.000,-0.8017454329050229,-0.6135429113084332,-0.3228370444537894,0.2349957222677012,telemetry
2026-01-01 12:01:29.200,-1.4554800902632417,-1.4535583106971752,-0.7689399778147521,0.07393334138557997,telemetry
2026-01-01 12:01:29.400,-1.1987327465175048,-0.8431032551443585,-0.8225146119347176,-0.7795033131627297,telemetry
2026-01-01 12:01:29.600,-0.40080232479686667,-1.0353859901421578,-1.4596182740511718,-1.5112007061305968,telemetry
2026-01-01 12:01:29.800,-0.7653897498283255,-0.9191632045658378,-0.7390999481488573,-0.5460478156122617,telemetry
2026-01-01 12:01:30.000,-0.05245466252078852,0.3477881178416094,0.3462685040680791,0.056417102327808326,telemetry
2026-01-01 12:01:30.200,0.709445565273558,0.5914095470284967,0.31597309098957366,0.41824185255955704,telemetry
2026-01-01 12:01:30.400,0.400077132407741,0.6578436517391868,1.2144359188179574,1.4312757857412748,telemetry
2026-01-01 12:01:30.600,1.101541968822659,1.6263130367496617,1.4103219773349993,0.9208469529775672,telemetry
2026-01-01 12:01:30.800,1.4604398481166931,1.052019804093137,0.34346974403479374,-0.24511370663032556,telemetry
2026-01-01 12:01:31.000,0.8383717408625503,0.4104004591018035,0.06626065948103634,-0.3262234695183384,telemetry
2026-01-01 12:01:31.200,0.9522316166485645,0.5559466338303758,-0.37343713134098877,-1.119841316684108,telemetry
2026-01-01 12:01:31.400,0.7899182609254837,-0.4896182087509083,-1.5601065375865855,-1.3924318381445893,telemetry
2026-01-01 12:01:31.600,-0.26532775009626364,-1.241986519629918,-0.9989088555330722,0.14818821367155005,telemetry
2026-01-01 12:01:31.800,-0.042446963552404154,-0.7889652139209002,-0.4677142548675417,0.517460898585079,telemetry
2026-01-01 12:01:32.000,-0.5110559986962813,-1.2911421617944185,-0.4183034669104687,0.919017797964588,telemetry
2026-01-01 12:01:32.200,-1.3545263386021131,-1.0796792760281668,0.8182367693380843,1.5141920644766362,telemetry
2026-01-01 12:01:32.400,-1.0492821504829337,0.13772537425491263,1.3745396627983402,0.3186832916753397,telemetry
2026-01-01 12:01:32.600,-0.9754623793404357,0.12464830383011408,0.7357619352337543,-0.7203901946851863,telemetry
2026-01-01 12:01:32.800,-1.4212709576681757,0.6680061051484965,0.8183649905147257,-0.6633626614572141,telemetry
2026-01-01 12:01:33.000,-0.4568274390748031,1.4881362733948942,0.24858672254394992,-1.3289816178213143,telemetry
2026-01-01 12:01:33.200,-0.14275237838831042,0.8562686574129881,-1.1337659754264369,-0.8221749270490286,telemetry
2026-01-01 12:01:33.400,-0.19848506385440623,0.710517972410919,-0.9858246467688709,0.7692869906508618,telemetry
2026-01-01 12:01:33.600,0.853307070882976,0.9008872013428704,-1.0053014687407604,0.8197889815396637,telemetry
2026-01-01 12:01:33.800,0.9884810982486384,-0.4275240994670627,-1.1064634894081828,1.0518589438767436,telemetry
2026-01-01 12:01:34.000,0.6699594561590768,-0.7832705248324948,0.2858500023972677,1.0938518189192794,telemetry
2026-01-01 12:01:34.200,1.4857984851572281,-0.7150311280512817,0.8044722950408993,-0.4777985596362252,telemetry
2026-01-01 12:01:34.400,1.1892666727279053,-1.4620025029581283,0.7937354519154194,-1.0193742545356068,telemetry
2026-01-01 12:01:34.600,0.4318249922332891,-1.098709585832513,1.3667405171406006,-0.8115499548300524,telemetry
2026-01-01 12:01:34.800,0.7329364317978675,-0.22735590200756026,0.834226211288986,-1.0721825522270962,telemetry
2026-01-01 12:01:35.000,-0.04155642117499239,-0.33300716148039955,-0.31771255348936206,-0.11309928877617725,telemetry
2026-01-01 12:01:35.200,-0.882314658421355,0.5488012928104125,-0.37684940257783894,1.2081938152762313,telemetry
2026-01-01 12:01:35.400,-0.43990151987957726,1.3352825224048692,-1.1778161047718074,0.8965703226324794,telemetry
2026-01-01 12:01:35.600,-1.1694152296537208,0.8181201987571236,-1.5002249341601903,0.8847196125902633,telemetry
2026-01-01 12:01:35.800,-1.4987874173587086,1.081606621653964,-0.3088963638659678,0.49826473845212,telemetry
2026-01-01 12:01:36.000,-0.8140010249354066,1.1085737477868147,-0.006796350214372152,-0.9971152308948272,telemetry
2026-01-01 12:01:36.200,-1.036654040817191,-0.210977033724206,0.4245134865282665,-1.1559582118667338,telemetry
2026-01-01 12:01:36.400,-0.9423453341163771,-0.31462695771005966,1.5282984723296107,-0.7351334924165329,telemetry
2026-01-01 12:01:36.600,0.15501173205680638,-0.6512151063592366,1.021874719366548,-0.621383844964604,telemetry
2026-01-01 12:01:36.800,0.1769641125657785,-1.593202482809196,0.3411371847052642,0.7342615780849733,telemetry
2026-01-01 12:01:37.000,0.4513518123047843,-1.0431873233725082,0.40937951679776935,1.4699682206851399,telemetry
2026-01-01 12:01:37.200,1.4507718735143855,-0.5681190817728068,-0.8625767074543186,0.6923270535545638,telemetry
2026-01-01 12:01:37.400,0.9819076135118853,-0.5337739956019735,-1.4307905686331455,0.5830365315056432,telemetry
2026-01-01 12:01:37.600,1.0241101337680434,0.5425029703399136,-0.7830419879335688,-0.15973382666276253,telemetry
2026-01-01 12:01:37.800,1.4637993816078576,1.0272047955190549,-0.8200939619830888,-1.5530597958502137,telemetry
2026-01-01 12:01:38.000,0.44850706045526506,0.6683652850843183,-0.23138345873968102,-0.9857458549557977,telemetry
2026-01-01 12:01:38.200,0.2627823564514101,1.4022838787315166,1.0815057991889079,-0.3937037326768254,telemetry
2026-01-01 12:01:38.400,0.2952581647046003,0.9679180117770143,0.8270610983494588,-0.025258725988536734,telemetry
2026-01-01 12:01:38.600,-0.8370674806818591,-0.0028145195563316905,1.029460225664161,1.2794994715201027,telemetry
2026-01-01 12:01:38.800,-0.9914756253892258,0.16508512719594345,1.0711646075745127,1.3079158538360312,telemetry
2026-01-01 12:01:39.000,-0.7671256736955132,-0.5392416370247365,-0.3726487489539933,0.3166822333381668,telemetry
2026-01-01 12:01:39.200,-1.5357116623907825,-1.4667808230091874,-0.748062265854442,0.1473066894304059,telemetry
2026-01-01 12:01:39.400,-1.1783789722103655,-0.9179858850674933,-0.8281111564433099,-0.812969844840641,telemetry
2026-01-01 12:01:39.600,-0.41424490331744257,-1.0370478631291902,-1.3675728175533606,-1.6891741706625645,telemetry
2026-01-01 12:01:39.800,-0.8274146504442732,-1.045276608885687,-0.8038255030720819,-0.4771189635278548,telemetry
2026-01-01 12:01:40.000,0.006514190402962746,0.40624105844662245,0.43011619834002346,0.034087210243266226,telemetry
2026-01-01 12:01:40.200,0.7382966762387602,0.5621759934774689,0.38666418036516437,0.4041541536536239,telemetry
2026-01-01 12:01:40.400,0.45547194521928897,0.7456181948318213,1.0620467271425227,1.4906490468636682,telemetry
2026-01-01 12:01:40.600,1.1129042857272053,1.5229454134140368,1.4570231644857592,0.9902693320601543,telemetry
2026-01-01 12:01:40.800,1.4824337786765298,1.0814255977050669,0.4035145530205517,-0.18402590416920028,telemetry
2026-01-01 12:01:41.000,0.7980203154921585,0.3664433189480807,0.1154557276372693,-0.29965628044621295,telemetry
2026-01-01 12:01:41.200,1.0457433833076064,0.40432659182539166,-0.3574183417111381,-1.2179335712152581,telemetry
2026-01-01 12:01:41.400,0.9210636922416435,-0.510644762207291,-1.5792917745025072,-1.406807554617253,telemetry
2026-01-01 12:01:41.600,-0.19479636773538084,-1.2101987826403646,-1.0230300586551375,0.07085644892201497,telemetry
2026-01-01 12:01:41.800,-0.12256882610671539,-0.8213712147204331,-0.4004156004957601,0.49999124321536775,telemetry
2026-01-01 12:01:42.000,-0.47029768942663136,-1.2170993722484462,-0.3961508719789393,0.8128927645848256,telemetry
2026-01-01 12:01:42.200,-1.3813857221526298,-1.0255633475923283,0.8392880374698777,1.4673630772761341,telemetry
2026-01-01 12:01:42.400,-1.0093440615317237,0.1341849748371075,1.417223773234693,0.3433092719829851,telemetry
2026-01-01 12:01:42.600,-1.0146262754435413,0.17344981765797773,0.7206952278865861,-0.6288282627235212,telemetry
2026-01-01 12:01:42.800,-1.362196142765261,0.6463546752649217,0.874323610266275,-0.7544158053592831,telemetry
2026-01-01 12:01:43.000,-0.44732847879199733,1.5128467303416786,0.1817919352245853,-1.3976824246521808,telemetry
2026-01-01 12:01:43.200,-0.08540072382534011,0.9620381806519989,-1.1305207575721972,-0.8106639712750379,telemetry
2026-01-01 12:01:43.400,-0.24964233717534942,0.8501894608865864,-0.8576002637530236,0.7074832126803269,telemetry
2026-01-01 12:01:43.600,0.8745030841299551,0.8582155376641339,-0.9200902030678164,0.7656433737915773,telemetry
2026-01-01 12:01:43.800,1.0257372984106363,-0.46044928581220834,-1.195176092406184,0.9895886857708199,telemetry
2026-01-01 12:01:44.000,0.8547454821146862,-0.7791618145674619,0.2921967943839319,1.083160530129592,telemetry
2026-01-01 12:01:44.200,1.5415728951629357,-0.7124809870842624,0.777153947016688,-0.38211695146942976,telemetry
2026-01-01 12:01:44.400,1.087125319128927,-1.3903884388093506,0.7428236072443561,-1.0260737225794603,telemetry
2026-01-01 12:01:44.600,0.46772665207910613,-1.1035023163986968,1.4871809776549811,-0.7809849948672956,telemetry
2026-01-01 12:01:44.800,0.7313255526099861,-0.21573199485982325,0.7645028493884849,-1.1568439998726145,telemetry
2026-01-01 12:01:45.000,0.0009025835832286516,-0.4364704838489978,-0.44485341380503785,0.015621024781679746,telemetry
2026-01-01 12:01:45.200,-0.887438569735385,0.5118584917773753,-0.3635945958630259,1.1776852300335696,telemetry
2026-01-01 12:01:45.400,-0.639075986613992,1.3393970314161758,-1.138375095703341,0.8665210289716228,telemetry
2026-01-01 12:01:45.600,-1.116820780380345,0.9079109258886994,-1.4773394509308648,0.8030563770896755,telemetry
2026-01-01 12:01:45.800,-1.4857925449270655,1.0519263465628768,-0.27676531362958323,0.5175312087873908,telemetry
2026-01-01 12:01:46.000,-0.6907853003397588,0.9652612704449738,-0.01533120208323303,-1.1168223258444558,telemetry
2026-01-01 12:01:46.200,-1.0213029041010324,-0.21668188564512042,0.4617824416469079,-1.1206058562815162,telemetry
2026-01-01 12:01:46.400,-0.9350408603622037,-0.28792099128868914,1.5102460792278316,-0.7341616712181749,telemetry
2026-01-01 12:01:46.600,0.22648962624257363,-0.6655999012197418,1.1674952313304163,-0.7046727695201639,telemetry
2026-01-01 12:01:46.800,0.17458301404262794,-1.4866771115746382,0.45329423356612414,0.6295543168012998,telemetry
2026-01-01 12:01:47.000,0.4831925845737612,-0.9543671616244027,0.4236083481646128,1.5297703191762202,telemetry
2026-01-01 12:01:47.200,1.4002265437283699,-0.5307068768543508,-0.834257437955567,0.7030905418347443,telemetry
2026-01-01 12:01:47.400,1.0863664838996387,-0.7339077523731341,-1.2801615565977031,0.6083425805707355,telemetry
2026-01-01 12:01:47.600,0.9626645518194455,0.5828310063070935,-0.7126946067229126,-0.2337900678241233,telemetry
2026-01-01 12:01:47.800,1.4481459011292672,1.0863871307948112,-0.8015540140230236,-1.52174540580382,telemetry
2026-01-01 12:01:48.000,0.49076860372692444,0.8382226234765363,-0.2085407324138835,-0.9757727527943372,telemetry
2026-01-01 12:01:48.200,0.15642511407394824,1.4771119624390219,1.1366402855801638,-0.4060537294320234,telemetry
2026-01-01 12:01:48.400,0.2619535045664634,1.102554667898046,0.9159076888720376,-0.1888686999676884,telemetry
2026-01-01 12:01:48.600,-0.8989267886770386,0.03398844589033988,0.9314286066132386,1.138724727591453,telemetry
2026-01-01 12:01:48.800,-1.0178076163423804,0.12940674732425064,1.253101326501303,1.286086066792813,telemetry
2026-01-01 12:01:49.000,-0.7292867461472643,-0.5906836702414981,-0.2566399539729843,0.303526643177825,telemetry
2026-01-01 12:01:49.200,-1.5336927683685226,-1.4639714589161292,-0.7244591128436796,0.10077070538896868,telemetry
2026-01-01 12:01:49.400,-1.1441224958028882,-0.8974249560201499,-0.7665042287007734,-0.8099308030302882,telemetry
2026-01-01 12:01:49.600,-0.48236681577722085,-0.9698012828630921,-1.4078916240760746,-1.5611021486465078,telemetry
2026-01-01 12:01:49.800,-0.8157373162158272,-0.9487654705546071,-0.8085024431461137,-0.47722618431049946,telemetry
2026-01-01 12:01:50.000,0.05939881199798151,0.3605829562948238,0.3408807145877332,0.034950750040276944,telemetry
2026-01-01 12:01:50.200,0.7487343235302794,0.6236284417194399,0.3526648371971703,0.41925421263368245,telemetry
2026-01-01 12:01:50.400,0.4648130808870268,0.6921915874301129,1.1271115214270915,1.4583889963229935,telemetry
2026-01-01 12:01:50.600,1.1303335480231804,1.558397118906875,1.4716582515150929,0.8416886511098083,telemetry
2026-01-01 12:01:50.800,1.4688033389838753,1.0845492973780113,0.2334355708310939,-0.21868638253810024,telemetry
2026-01-01 12:01:51.000,0.7670694171811318,0.40932518785610866,0.019608413614315326,-0.42216059313346993,telemetry
2026-01-01 12:01:51.200,0.990495153402938,0.5844127512533748,-0.39956406297216596,-1.2777480445077163,telemetry
2026-01-01 12:01:51.400,0.8244791862810922,-0.4311262833138981,-1.6544832358095838,-1.3601766735930236,telemetry
2026-01-01 12:01:51.600,-0.17680045681914922,-1.1898291026207606,-1.129300090618241,0.12629168480083489,telemetry
2026-01-01 12:01:51.800,-0.13459085223657874,-0.7514458444137238,-0.4667305399346922,0.4926234654440538,telemetry
2026-01-01 12:01:52.000,-0.5534942466702615,-1.1919071036141138,-0.377595305253904,0.7889822285976656,telemetry
2026-01-01 12:01:52.200,-1.4261270159357313,-1.0338540220991954,0.8356363548062917,1.5129447251583326,telemetry
2026-01-01 12:01:52.400,-0.9923205460880037,0.07084708744979758,1.3691696396730721,0.27385205358744613,telemetry
2026-01-01 12:01:52.600,-1.011860045560518,0.07962180522955399,0.683887801871937,-0.6665900344057167,telemetry
2026-01-01 12:01:52.800,-1.5006261196857058,0.6218036376551249,0.9380212463828529,-0.7421543964072875,telemetry
2026-01-01 12:01:53.000,-0.4932780721667928,1.4716305482019088,0.30917859948198967,-1.2631705769916064,telemetry
2026-01-01 12:01:53.200,-0.14365463867796976,0.9383556626760952,-1.0711966285998626,-0.8582840918642749,telemetry
2026-01-01 12:01:53.400,-0.19361775677305795,0.8603371753971657,-0.905826512597322,0.6693817465459064,telemetry
2026-01-01 12:01:53.600,0.8718605458093958,0.8267331372488469,-0.9792535673614675,0.7712005061544691,telemetry
2026-01-01 12:01:53.800,1.0274251282023366,-0.4179880885974083,-1.094055818617831,0.9762202490274179,telemetry
2026-01-01 12:01:54.000,0.7729339210684569,-0.8810201068083511,0.2814979174903931,1.1191412314302593,telemetry
2026-01-01 12:01:54.200,1.4833086757663507,-0.6820474637319136,0.8255337869668565,-0.40371041999583585,telemetry
2026-01-01 12:01:54.400,1.1604326119059,-1.4387727565297697,0.7327281117121222,-0.9039755339618436,telemetry
2026-01-01 12:01:54.600,0.4833268590766943,-0.9849805584893443,1.5010297323018778,-0.8070403609283796,telemetry
2026-01-01 12:01:54.800,0.7572605535841253,-0.29111114633954976,0.7638838814887647,-1.1193791797652288,telemetry
2026-01-01 12:01:55.000,0.010774888601312396,-0.3731233084018636,-0.38900206032221296,-0.04354696006812456,telemetry
2026-01-01 12:01:55.200,-0.7664189585283248,0.6161357318440726,-0.374080128726515,1.1680363903579831,telemetry
2026-01-01 12:01:55.400,-0.5450556193415397,1.3266657246534594,-1.158489996512652,0.9478970093340463,telemetry
2026-01-01 12:01:55.600,-1.072198514451134,0.7962395420779984,-1.442618862501581,0.8175748292540922,telemetry
2026-01-01 12:01:55.800,-1.5428211909329794,1.2291169387686036,-0.3608939076549785,0.4993051282106217,telemetry
2026-01-01 12:01:56.000,-0.6979694701619138,1.016839134985325,-0.1293187557452387,-1.0885912289005668,telemetry
2026-01-01 12:01:56.200,-1.1011925387772856,-0.14570726302027442,0.39416106960371927,-1.1968381325110256,telemetry
2026-01-01 12:01:56.400,-0.9066228594430341,-0.30399692407075696,1.527715055617458,-0.7219487025963567,telemetry
2026-01-01 12:01:56.600,0.18512415821573786,-0.735438899636651,1.0943480598142834,-0.6254611725392353,telemetry
2026-01-01 12:01:56.800,0.10909563360269989,-1.5048674736320622,0.4119643161844569,0.7229260894838074,telemetry
2026-01-01 12:01:57.000,0.48167892351973896,-1.015296550168045,0.3225713369312438,1.41926029205258,telemetry
2026-01-01 12:01:57.200,1.4735701476473664,-0.5995698846229521,-0.916285486578952,0.6445329256345065,telemetry
2026-01-01 12:01:57.400,1.0434342502039935,-0.6559136070933365,-1.3072387984296987,0.6078446034337327,telemetry
2026-01-01 12:01:57.600,1.0191053614626167,0.5449733413030468,-0.7410491959809231,-0.20023961928047396,telemetry
2026-01-01 12:01:57.800,1.4329972992716757,1.111320013622045,-0.8437080785032787,-1.4424970946297668,telemetry
2026-01-01 12:01:58.000,0.4734198243858511,0.7224386938280571,-0.2407727640222002,-0.8802280916675814,telemetry
2026-01-01 12:01:58.200,0.1440304834384385,1.4172816077901833,1.1356156785177338,-0.31636764038149107,telemetry
2026-01-01 12:01:58.400,0.2704524984177186,1.0265284368426146,0.9178243046618858,-0.13278888693924834,telemetry
2026-01-01 12:01:58.600,-0.807628167121617,0.004226751309826977,1.043517424316276,1.200043015600966,telemetry
2026-01-01 12:01:58.800,-0.9898362912694639,0.10921177145380097,1.0947708065397679,1.3123144759272147,telemetry
2026-01-01 12:01:59.000,-0.7948233693449731,-0.6092855529344787,-0.24083789850609838,0.2345358980978044,telemetry
2026-01-01 12:01:59.200,-1.5170178399171828,-1.4570160643324395,-0.8548995154283645,0.09746129837952672,telemetry
2026-01-01 12:01:59.400,-1.0893181538677503,-0.8671744409570133,-0.8030161828081868,-0.7948319472560906,telemetry
2026-01-01 12:01:59.600,-0.38271610194290373,-1.0749153879489948,-1.36166195224337,-1.593542921011735,telemetry
2026-01-01 12:01:59.800,-0.7605308807716329,-0.9824147813113383,-0.7917836176896565,-0.4375178145091931,telemetry
2026-01-01 12:02:00.000,0.09528760712216533,0.3896968027780263,0.3432541226724284,0.10782528959518028,telemetry
2026-01-01 12:02:00.200,0.7674055153408867,0.588185535602772,0.3607725700510457,0.4094626424334691,telemetry
2026-01-01 12:02:00.400,0.45130238531804484,0.6244693812677523,1.1439540731760436,1.4433523853978343,telemetry
2026-01-01 12:02:00.600,1.0626558000742725,1.656622406794062,1.5599006093849006,0.8994124649274824,telemetry
2026-01-01 12:02:00.800,1.6248217302004502,1.023981453618377,0.3709325100974247,-0.10992826184043372,telemetry
2026-01-01 12:02:01.000,0.7778079777892025,0.36012387148265596,0.03325340374286124,-0.36332103223753176,telemetry
2026-01-01 12:02:01.200,1.0619454928274181,0.5221291964752102,-0.383184533617766,-1.2246640866114828,telemetry
2026-01-01 12:02:01.400,0.8433318169813719,-0.47536974123600134,-1.4645058267091147,-1.262900786942829,telemetry
2026-01-01 12:02:01.600,-0.2850611271189132,-1.2113825369814304,-1.1262382774255402,0.08708825235571604,telemetry
2026-01-01 12:02:01.800,-0.16572179105252177,-0.8194868210148664,-0.4380849103129291,0.4782230760884095,telemetry
2026-01-01 12:02:02.000,-0.4478411677889029,-1.2506763453332042,-0.42893323569264197,0.9045236275293884,telemetry
2026-01-01 12:02:02.200,-1.3961376780720487,-1.0319460063959753,0.7463384021156592,1.5095484779609585,telemetry
2026-01-01 12:02:02.400,-0.9742492892668666,0.07156563727708569,1.3636294786709913,0.2891933660814475,telemetry
2026-01-01 12:02:02.600,-0.9074198935373179,0.12763975408303405,0.7704890873236874,-0.7165743587348868,telemetry
2026-01-01 12:02:02.800,-1.419511902509346,0.6226393032940084,1.0340506839244414,-0.6808660774193546,telemetry
2026-01-01 12:02:03.000,-0.44298865445491875,1.5320674196368274,0.22423640321177976,-1.3810429663263681,telemetry
2026-01-01 12:02:03.200,-0.1334269046112863,0.9277158611454829,-1.1369082944897282,-0.7663220934592464,telemetry
2026-01-01 12:02:03.400,-0.23887954459636604,0.7136762603268951,-0.9516818276300942,0.7358385283839562,telemetry
2026-01-01 12:02:03.600,0.9390469137636468,0.8620106382386371,-1.0247013831381628,0.7289079531548365,telemetry
2026-01-01 12:02:03.800,1.0802857728638233,-0.374241211407616,-1.0310233399335538,1.0246122939486888,telemetry
2026-01-01 12:02:04.000,0.668826623392776,-0.8677055385122283,0.21756775763139377,0.9994126696767889,telemetry
2026-01-01 12:02:04.200,1.4889577610110052,-0.7000732374902093,0.8362722529506953,-0.31838243561583107,telemetry
2026-01-01 12:02:04.400,1.1771808371765573,-1.4858493850379664,0.6603802386172168,-1.0568277847535483,telemetry
2026-01-01 12:02:04.600,0.42583267248683365,-1.0944229165011028,1.5217561495098302,-0.8935601224515317,telemetry
2026-01-01 12:02:04.800,0.8148991117275355,-0.21636266380535601,0.8031050823819768,-1.1005784754564116,telemetry
2026-01-01 12:02:05.000,-0.007089001775396253,-0.37554289270484437,-0.32069696011530957,0.009103717680203738,telemetry
2026-01-01 12:02:05.200,-0.7914731008616033,0.5189355575081934,-0.3616263983468858,1.1530379148286296,telemetry
2026-01-01 12:02:05.400,-0.46562924050039817,1.3290563090551621,-1.0825409224755131,0.8291050453304115,telemetry
2026-01-01 12:02:05.600,-1.1024272540172637,0.8815770539852124,-1.4824106167118924,0.8993522323171997,telemetry
2026-01-01 12:02:05.800,-1.43481886399546,1.101517051117157,-0.37731915390267595,0.5191839222518426,telemetry
2026-01-01 12:02:06.000,-0.7861151353099238,0.9777358335601108,0.012704362881730887,-1.0512831665908433,telemetry
2026-01-01 12:02:06.200,-1.0187652177975022,-0.24187902504340802,0.42290827563168,-1.080088325525531,telemetry
2026-01-01 12:02:06.400,-0.7974427051103551,-0.3187852044865746,1.5474727810453728,-0.7371063948553922,telemetry
2026-01-01 12:02:06.600,0.17446664999726907,-0.6156705005745716,0.9940120109697108,-0.5731998581375988,telemetry
2026-01-01 12:02:06.800,0.14670493041859198,-1.5787511695674126,0.36156760928123355,0.7342530266226635,telemetry
2026-01-01 12:02:07.000,0.5193999566281242,-1.1252880174379818,0.40499012735241574,1.4689469877407348,telemetry
2026-01-01 12:02:07.200,1.3867489568984657,-0.6256040551959908,-0.818008670510571,0.624329019901548,telemetry
2026-01-01 12:02:07.400,1.056999887250021,-0.8009628472001744,-1.3983226666613404,0.6614230292068858,telemetry
2026-01-01 12:02:07.600,1.0230220983674092,0.48868819322750173,-0.6919225413491314,-0.30014934773981317,telemetry
2026-01-01 12:02:07.800,1.3516029748321403,0.9803650724213827,-0.9079942944481691,-1.468396046651371,telemetry
2026-01-01 12:02:08.000,0.5215846270378522,0.7878175739682027,-0.17958878313621052,-1.0143950862615427,telemetry
2026-01-01 12:02:08.200,0.13906022218544825,1.3889748590879183,1.1000951530041654,-0.48595465337690774,telemetry
2026-01-01 12:02:08.400,0.2631273819355716,1.1753952500647766,0.9239528671506667,-0.10390438020002227,telemetry
2026-01-01 12:02:08.600,-0.8800210039393247,0.14321495376137772,0.9881570962406405,1.2241165951610709,telemetry
2026-01-01 12:02:08.800,-1.0299758940168067,0.10120438875776308,1.0921715828610163,1.3833761696812374,telemetry
2026-01-01 12:02:09.000,-0.8619717137921646,-0.5618542279968627,-0.19120057752340566,0.3059560184270166,telemetry
2026-01-01 12:02:09.200,-1.4580339466048262,-1.4570352709805745,-0.7311121078263856,0.038583162591221215,telemetry
2026-01-01 12:02:09.400,-1.1033183634536399,-1.0317483917725894,-0.791381860974431,-0.776073020530349,telemetry
2026-01-01 12:02:09.600,-0.5553921862296005,-0.95339548300318,-1.3944684225175934,-1.5281713638957024,telemetry
2026-01-01 12:02:09.800,-0.783017220704313,-0.9418891612376942,-0.7951433768282932,-0.4706661655174972,telemetry
2026-01-01 12:02:10.000,-0.09113289220671779,0.24142836505147475,0.3831587550048152,0.06983478432445585,telemetry
2026-01-01 12:02:10.200,0.6922510193300107,0.6139220280818121,0.35264993607501777,0.4551635482843672,telemetry
2026-01-01 12:02:10.400,0.44030692393716603,0.7529003779596428,1.071294216940834,1.4763246243591543,telemetry
2026-01-01 12:02:10.600,1.1384192942050302,1.5995462549432446,1.4879674889471652,0.9518146462079996,telemetry
2026-01-01 12:02:10.800,1.5423069225348545,0.9791960863818234,0.2692583528609104,-0.14075437440361965,telemetry
2026-01-01 12:02:11.000,0.7637547722038126,0.3769309260739365,-0.04653844049827902,-0.38003353124900013,telemetry
2026-01-01 12:02:11.200,1.0124812852776734,0.5959669676845161,-0.46333746054589897,-1.2049867201134672,telemetry
2026-01-01 12:02:11.400,0.8214001433887566,-0.6485106352698461,-1.6391025498017664,-1.3285635656173704,telemetry
2026-01-01 12:02:11.600,-0.2118864959071484,-1.2300914200154445,-1.0273669050209913,0.15222445941629248,telemetry
2026-01-01 12:02:11.800,-0.06262707195347342,-0.8078039528013486,-0.4623706873966833,0.525407200254973,telemetry
2026-01-01 12:02:12.000,-0.4759183875215396,-1.2638954078132059,-0.3939265484226716,0.9152828761062651,telemetry
2026-01-01 12:02:12.200,-1.3727108527157648,-1.0763298909797698,0.7531977142491219,1.4614582438804464,telemetry
2026-01-01 12:02:12.400,-0.9601159295042676,0.06214898971561144,1.384703533262359,0.3363364610040581,telemetry
2026-01-01 12:02:12.600,-1.028590510064419,0.15359658125978437,0.796845464623698,-0.6269949819727534,telemetry
2026-01-01 12:02:12.800,-1.4196932873869192,0.6327572747729513,0.9061407755162335,-0.6602701818594168,telemetry
2026-01-01 12:02:13.000,-0.5556478688347996,1.6029932805205567,0.2519242652427382,-1.1905638632596294,telemetry
2026-01-01 12:02:13.200,-0.16614535313529785,1.0751134111918266,-1.1996083168096376,-0.7815780594936128,telemetry
2026-01-01 12:02:13.400,-0.23412125767800862,0.7993470664865131,-0.9081971580770007,0.6079741696468842,telemetry
2026-01-01 12:02:13.600,0.8610830136308838,0.7558913516385807,-0.9845426439163807,0.7166313686823689,telemetry
2026-01-01 12:02:13.800,0.9290334970605361,-0.3511440038201432,-1.1597484598309402,0.9644744317198415,telemetry
2026-01-01 12:02:14.000,0.8107662071437851,-0.8150236214208075,0.2361609824939896,1.0393382854987403,telemetry
2026-01-01 12:02:14.200,1.4937347894117792,-0.7451097856844751,0.7848313820141141,-0.47274765890803794,telemetry
2026-01-01 12:02:14.400,1.1763336356722702,-1.4522184252481072,0.7107512319047954,-0.9446652763638814,telemetry
2026-01-01 12:02:14.600,0.3919196006047183,-1.032883590685023,1.4875868150511629,-0.8523171895936281,telemetry
2026-01-01 12:02:14.800,0.8324292677780842,-0.2637870314289349,0.6985764046795975,-1.2275764347239755,telemetry
2026-01-01 12:02:15.000,-0.010318890678674844,-0.27766429392510733,-0.30311205767155047,-0.050383926730435576,telemetry
2026-01-01 12:02:15.200,-0.7837565765541606,0.5846950598058414,-0.3839005855694647,1.2002337794442401,telemetry
2026-01-01 12:02:15.400,-0.5461293175470243,1.3057235915275731,-1.1885330970030927,0.9338181997875826,telemetry
2026-01-01 12:02:15.600,-1.092866058863067,0.6798835931791392,-1.4901127813337705,0.8753004820870461,telemetry
2026-01-01 12:02:15.800,-1.4531689284561797,1.2239242958299692,-0.3143542731868637,0.5301663808457682,telemetry
2026-01-01 12:02:16.000,-0.747853362608274,1.1442617395045431,-0.04291627242414965,-1.1207854019086352,telemetry
2026-01-01 12:02:16.200,-1.0582269791994323,-0.2848619423915206,0.46844260586349723,-1.223244487582931,telemetry
2026-01-01 12:02:16.400,-0.8040528487928691,-0.3115880232722906,1.5228380497667755,-0.7589785761430154,telemetry
2026-01-01 12:02:16.600,0.2916429529034897,-0.7224648341256967,1.0914934589871141,-0.6192153407659391,telemetry
2026-01-01 12:02:16.800,0.1251983705542498,-1.5307684052005133,0.5056033464389249,0.6935720747237867,telemetry
2026-01-01 12:02:17.000,0.5056865400204315,-1.0339620479721234,0.42408776515053703,1.3878242077120722,telemetry
2026-01-01 12:02:17.200,1.443068611673687,-0.56388630196046,-0.7598614851831408,0.7320689131262968,telemetry
2026-01-01 12:02:17.400,1.0012625193870535,-0.7849170447801523,-1.3609960984697722,0.5401065080126144,telemetry
2026-01-01 12:02:17.600,1.0624294717916558,0.5389810658690012,-0.7287998951974644,-0.17015133733845375,telemetry
2026-01-01 12:02:17.800,1.4009942811034086,1.013197000971789,-0.9089070817136362,-1.5531101463483232,telemetry
2026-01-01 12:02:18.000,0.45721318078739553,0.8029897420676668,-0.10927179429964944,-1.0177345299666594,telemetry
2026-01-01 12:02:18.200,0.1404548422795099,1.3793450087452384,1.1199197659995448,-0.33329256389498313,telemetry
2026-01-01 12:02:18.400,0.20534303144440255,1.071890001650385,0.8636270465329828,-0.11497248704969136,telemetry
2026-01-01 12:02:18.600,-0.834060503729549,0.10269175657965879,1.0340437512278218,1.2845747954188207,telemetry
2026-01-01 12:02:18.800,-1.1079366596027103,0.06777111499447283,0.9832770437272939,1.2604852279128036,telemetry
2026-01-01 12:02:19.000,-0.7119986395668306,-0.618350978653167,-0.2659166206324275,0.3137399216052568,telemetry
2026-01-01 12:02:19.200,-1.52219477964553,-1.4217353919405424,-0.7558391161057795,0.1466644337415604,telemetry
2026-01-01 12:02:19.400,-1.056798792570504,-0.8680844224342403,-0.7749841283164208,-0.7953513598898452,telemetry
2026-01-01 12:02:19.600,-0.4743937163171373,-0.9717814771478834,-1.4529427844841831,-1.5713173234419857,telemetry
2026-01-01 12:02:19.800,-0.8365370304309111,-0.9275879840666386,-0.7680263839036269,-0.5691804405240675,telemetry
2026-01-01 12:02:20.000,-0.01808633823170434,0.3183506187663908,0.3515239266275548,0.010433000953844668,telemetry
2026-01-01 12:02:20.200,0.806538996152836,0.6084649832224712,0.35199300517714455,0.5293603871019062,telemetry
2026-01-01 12:02:20.400,0.3986610847079375,0.6173822775921646,1.0860637177547292,1.467523364870923,telemetry
2026-01-01 12:02:20.600,1.058208299543489,1.5353196694506628,1.4415937808084327,0.9422061119570752,telemetry
2026-01-01 12:02:20.800,1.4791021960988053,0.9709865211493575,0.38803311576731925,-0.1818385769930218,telemetry
2026-01-01 12:02:21.000,0.7634449373293413,0.4840838377292852,-0.00023946666921391413,-0.2956420631304618,telemetry
2026-01-01 12:02:21.200,0.9617574344362945,0.5117500607940657,-0.4358129561327974,-1.1972718716516653,telemetry
2026-01-01 12:02:21.400,0.8679408217646352,-0.6750850522014336,-1.4881186099793622,-1.2480050785783705,telemetry
2026-01-01 12:02:21.600,-0.20516924678594436,-1.1742527432968013,-1.0753004320131512,-0.019949476084127393,telemetry
2026-01-01 12:02:21.800,-0.19153141282803962,-0.7610120123616606,-0.4392066718003449,0.49201559031384084,telemetry
2026-01-01 12:02:22.000,-0.47949862640955293,-1.2185627922814033,-0.37163916110044654,0.9600757205072679,telemetry
2026-01-01 12:02:22.200,-1.383802087443353,-0.9696378479295146,0.832108590584164,1.3946206166389135,telemetry
2026-01-01 12:02:22.400,-1.0213141229134612,0.1373376694950264,1.401178703303149,0.2735523822453909,telemetry
2026-01-01 12:02:22.600,-0.9936346600869375,0.1703278581610111,0.8476542542421075,-0.6790034679676833,telemetry
2026-01-01 12:02:22.800,-1.321101756969551,0.6807682585252688,0.787593474774289,-0.6774774455968942,telemetry
2026-01-01 12:02:23.000,-0.42364215181599735,1.6233264525817517,0.1879312587950521,-1.3159899957238477,telemetry
2026-01-01 12:02:23.200,-0.07616598275722723,0.9296892972670332,-1.1397497664559597,-0.8916018833294296,telemetry
2026-01-01 12:02:23.400,-0.21650016626192184,0.7103462502033739,-0.8976630555902798,0.7477408399613904,telemetry
2026-01-01 12:02:23.600,0.9438736573951785,0.8822843070552537,-0.9877813015359953,0.7281159987435165,telemetry
2026-01-01 12:02:23.800,1.0788276063642044,-0.4633079972245624,-1.2014075609427293,1.064505990665711,telemetry
2026-01-01 12:02:24.000,0.7075023769164346,-0.8088893083957764,0.3477957678620804,1.1162781992960071,telemetry
2026-01-01 12:02:24.200,1.474181231933044,-0.6903113113415192,0.8554809887917283,-0.47729359050592923,telemetry
2026-01-01 12:02:24.400,1.157551913547395,-1.4604247560171881,0.7764830952498946,-1.05560664791897,telemetry
2026-01-01 12:02:24.600,0.4308371987237932,-1.0963089386065477,1.4026279523504124,-0.7888562663135624,telemetry
2026-01-01 12:02:24.800,0.788364128828639,-0.21520868212226327,0.7638547928616767,-1.1013244284100236,telemetry
2026-01-01 12:02:25.000,-0.14528419387927907,-0.2733515402837304,-0.3251468355089993,-0.011371422263602285,telemetry
2026-01-01 12:02:25.200,-0.7470768132084471,0.5985053637237923,-0.43324239327050573,1.2134935803506293,telemetry
2026-01-01 12:02:25.400,-0.4950839667275268,1.3698829242578352,-1.2125112309110055,0.7969199974890508,telemetry
2026-01-01 12:02:25.600,-1.1122515238100754,0.9207878320608958,-1.5835201470944686,0.8729726302697333,telemetry
2026-01-01 12:02:25.800,-1.5641878809376062,1.1436149144594223,-0.3719676178133143,0.5575490417251241,telemetry
2026-01-01 12:02:26.000,-0.724708779183393,1.102374328154117,0.03967708440615438,-1.0866825139360181,telemetry
2026-01-01 12:02:26.200,-1.078663168847598,-0.29144958391225173,0.2991016534047309,-1.1162923669456164,telemetry
2026-01-01 12:02:26.400,-0.8413201805324629,-0.31380428046636233,1.4328002781862506,-0.7352213835206846,telemetry
2026-01-01 12:02:26.600,0.20813174999659545,-0.6511473814386417,1.0235979172355052,-0.6921683467230552,telemetry
2026-01-01 12:02:26.800,0.178156207376039,-1.615107927043584,0.38919695466248216,0.6166063235349866,telemetry
2026-01-01 12:02:27.000,0.489961603528859,-0.9555148458058687,0.2927948565081195,1.4115067893327442,telemetry
2026-01-01 12:02:27.200,1.4556370792768132,-0.5385862615246806,-0.8014114839718496,0.740122288842137,telemetry
2026-01-01 12:02:27.400,1.0283969934857429,-0.6664543564082092,-1.3753951079540905,0.5869032788339007,telemetry
2026-01-01 12:02:27.600,0.9890150023669521,0.45028361393452804,-0.8269791617602311,-0.22489814421200724,telemetry
2026-01-01 12:02:27.800,1.447117647872834,1.038238758350007,-0.9641819130220457,-1.4428553838125104,telemetry
2026-01-01 12:02:28.000,0.3546210851110502,0.870687547649688,-0.19200216219830293,-0.8874669620715606,telemetry
2026-01-01 12:02:28.200,0.18593569580128444,1.449285009926948,1.1102919326911929,-0.394745370209266,telemetry
2026-01-01 12:02:28.400,0.2550955798118036,1.039513786543087,0.8794238640953851,-0.1434258012936848,telemetry
2026-01-01 12:02:28.600,-0.8770685431575274,0.02929176754464725,0.9112724290485015,1.227813524491269,telemetry
2026-01-01 12:02:28.800,-1.0020601974070413,0.08474167393972248,1.0840977443584385,1.390645972961204,telemetry
2026-01-01 12:02:29.000,-0.7554885485351839,-0.5232428238365244,-0.27917510770451187,0.32043073268231864,telemetry
2026-01-01 12:02:29.200,-1.5589944946468612,-1.4032925473425628,-0.9755957054330512,0.11978649929065562,telemetry
2026-01-01 12:02:29.400,-1.1084724182947348,-0.9523280067092905,-0.7256655331011114,-0.8111585652275412,telemetry
2026-01-01 12:02:29.600,-0.42694933343904934,-0.9870908081069527,-1.4889873044286521,-1.6230014517546338,telemetry
2026-01-01 12:02:29.800,-0.7850994239989675,-0.8932586886831528,-0.7203399795651272,-0.5524103436057023,telemetry
2026-01-01 12:02:30.000,-0.015431570988330456,0.29855692580689264,0.35178867031802086,0.09262480441797752,telemetry
2026-01-01 12:02:30.200,0.8194170288187742,0.5825888726708175,0.3204213005170805,0.4990177361421098,telemetry
2026-01-01 12:02:30.400,0.4848656672691401,0.7273204680650882,1.1461552276973295,1.5725098458904425,telemetry
2026-01-01 12:02:30.600,1.1477074093012707,1.5531700345885577,1.4340747722769684,0.9033060569698208,telemetry
2026-01-01 12:02:30.800,1.5144666641328133,1.0418145245014563,0.42410902411329987,-0.12971917889082177,telemetry
2026-01-01 12:02:31.000,0.7709981326390924,0.4253435175424768,0.007320818467056435,-0.4429724135519519,telemetry
2026-01-01 12:02:31.200,1.033478136118578,0.6192826556897792,-0.4150086462632232,-1.2442155561303831,telemetry
2026-01-01 12:02:31.400,0.8143649665260926,-0.5105834337757862,-1.5028345480008456,-1.340102351694799,telemetry
2026-01-01 12:02:31.600,-0.2055107523523069,-1.1615863187307744,-1.1054762344906806,0.13629648354321938,telemetry
2026-01-01 12:02:31.800,-0.1495237004849048,-0.7291640161405104,-0.5323946344163412,0.4923384272657011,telemetry
2026-01-01 12:02:32.000,-0.5165925822436551,-1.2955775869342447,-0.2985974016896355,0.8487333459467632,telemetry
2026-01-01 12:02:32.200,-1.4355235290957375,-0.9660507477447992,0.7913279005012801,1.41420969902676,telemetry
2026-01-01 12:02:32.400,-1.0611717734437092,0.12711754273925968,1.4462397515268919,0.24382405407218083,telemetry
2026-01-01 12:02:32.600,-0.9454706466056079,0.09824699799267157,0.7554760875732572,-0.6673555039272786,telemetry
2026-01-01 12:02:32.800,-1.3526017224159987,0.619862245513422,0.903253365641726,-0.6384025178098823,telemetry
2026-01-01 12:02:33.000,-0.5456852007492197,1.578618763344886,0.21729465079832946,-1.3818054606336103,telemetry
2026-01-01 12:02:33.200,-0.1969980975634615,0.9151803620513843,-1.0816868324191053,-0.8371266664584248,telemetry
2026-01-01 12:02:33.400,-0.24200844409392325,0.7114203770949824,-0.8484100044128137,0.7014736142712343,telemetry
2026-01-01 12:02:33.600,0.7859418059414488,0.7913756632188124,-1.068700899426397,0.8412970226438515,telemetry
2026-01-01 12:02:33.800,1.0468697905168212,-0.3162395204761768,-1.0813392254187868,1.0968023602529637,telemetry
2026-01-01 12:02:34.000,0.7144795242159947,-0.8068929809243067,0.23104602335445973,1.0934603784531731,telemetry
2026-01-01 12:02:34.200,1.5200204970450093,-0.6444124487326055,0.7909420634577726,-0.3654342557582451,telemetry
2026-01-01 12:02:34.400,1.1836447246279669,-1.5207099259694576,0.7114722410609207,-1.0936013224370142,telemetry
2026-01-01 12:02:34.600,0.4214504950844927,-1.0817550133399298,1.4537411249781615,-0.7391319458539902,telemetry
2026-01-01 12:02:34.800,0.7671404747838335,-0.19479335796631103,0.6910658251612831,-1.1851623916936893,telemetry
2026-01-01 12:02:35.000,0.036746886125962525,-0.2792348845181917,-0.38505055417966344,-0.18319325575783538,telemetry
2026-01-01 12:02:35.200,-0.7984327240895291,0.5494170832112638,-0.27402367627761465,1.2004625430117035,telemetry
2026-01-01 12:02:35.400,-0.4215445446957147,1.4083543479850937,-1.1270554865730007,0.8664915753093149,telemetry
2026-01-01 12:02:35.600,-1.098359208729402,0.8739772623857859,-1.5393715387922722,0.8799686266833406,telemetry
2026-01-01 12:02:35.800,-1.5026827997542374,1.1606660095630996,-0.2561238009131921,0.5207296350887636,telemetry
2026-01-01 12:02:36.000,-0.6951551636206641,0.929892168114764,-0.05114076962678255,-0.9993190262389315,telemetry
2026-01-01 12:02:36.200,-0.9805007471929058,-0.2872723296735491,0.27301504637958496,-1.0748281286424484,telemetry
2026-01-01 12:02:36.400,-0.8510031494584968,-0.32416085870787753,1.4344366595113685,-0.7390863794184619,telemetry
2026-01-01 12:02:36.600,0.24920277860827647,-0.5958921522535855,1.1116834061898788,-0.6841266033176021,telemetry
2026-01-01 12:02:36.800,0.10672851487637483,-1.5071612164715533,0.41474115755431,0.650724424228147,telemetry
2026-01-01 12:02:37.000,0.5260375260213979,-1.0893057503966312,0.3994897444947174,1.4393736248210944,telemetry
2026-01-01 12:02:37.200,1.4431153886353338,-0.6081789710000158,-0.8416275050757707,0.5967453570412414,telemetry
2026-01-01 12:02:37.400,0.9770839142388799,-0.6301125991796026,-1.2785857839708406,0.5808538864727627,telemetry
2026-01-01 12:02:37.600,0.9772853547816494,0.46276461214510856,-0.7811706097629953,-0.16156429607919828,telemetry
2026-01-01 12:02:37.800,1.393340536749155,0.9898489915306812,-0.9194423102703305,-1.533395965068458,telemetry
2026-01-01 12:02:38.000,0.41754064831788856,0.7893099401946667,-0.22612777513375443,-0.9187879465100605,telemetry
2026-01-01 12:02:38.200,0.08711341553229916,1.480325611628688,1.157726348460652,-0.3512730076010677,telemetry
2026-01-01 12:02:38.400,0.22962393143118837,1.0224661104906405,0.8019790288650266,-0.1233340609287678,telemetry
2026-01-01 12:02:38.600,-0.845229110673751,0.04393791007049387,1.0032574873851068,1.1953842036077384,telemetry
2026-01-01 12:02:38.800,-1.11501610214606,0.07153404434501662,1.0774424187954783,1.3100598206847212,telemetry
2026-01-01 12:02:39.000,-0.8680480576189107,-0.6746449614963792,-0.2793809712765498,0.38092891943694146,telemetry
2026-01-01 12:02:39.200,-1.566507900710008,-1.4480461575431556,-0.8227921788347181,0.2089150845346177,telemetry
2026-01-01 12:02:39.400,-1.2305563768520529,-0.8103090803107073,-0.6709247704968642,-0.8118835699786778,telemetry
2026-01-01 12:02:39.600,-0.3990838781635882,-1.0050805912867382,-1.4588538092999588,-1.6733836231019383,telemetry
2026-01-01 12:02:39.800,-0.8397604258511588,-0.9192052555560764,-0.6846888422566735,-0.5383837297074693,telemetry
2026-01-01 12:02:40.000,0.06495843071952748,0.2741673082441516,0.40112689224455333,0.13709401964163465,telemetry
2026-01-01 12:02:40.200,0.7565497598033188,0.5253250682641836,0.34322710371253995,0.4099598144216963,telemetry
2026-01-01 12:02:40.400,0.5116356352526557,0.5997317797146754,1.0597391398398295,1.5568032771978426,telemetry
2026-01-01 12:02:40.600,1.1397676780905632,1.5983176639995136,1.4750697335915814,0.908816715038381,telemetry
2026-01-01 12:02:40.800,1.4987781447254478,0.9230897799507246,0.3612379043045887,-0.1961828282141146,telemetry
2026-01-01 12:02:41.000,0.8352206432217839,0.40020148247984877,-0.002106143590072815,-0.42421706479373056,telemetry
2026-01-01 12:02:41.200,1.0392050569216467,0.6307188170264135,-0.459618117530345,-1.2528485903683073,telemetry
2026-01-01 12:02:41.400,0.860047403072897,-0.5129083512637537,-1.4466825984149494,-1.2828249793984692,telemetry
2026-01-01 12:02:41.600,-0.23966754704694296,-1.2349418295042638,-1.0065238746927199,0.1528260394180116,telemetry
2026-01-01 12:02:41.800,-0.20193847625808634,-0.7371484600496097,-0.4050890949011564,0.41543503195717446,telemetry
2026-01-01 12:02:42.000,-0.40954803363116876,-1.3102844182415854,-0.38079955601358595,0.8587699156490195,telemetry
2026-01-01 12:02:42.200,-1.2550944315584878,-1.0336558487703051,0.799091191402928,1.4950999378118524,telemetry
2026-01-01 12:02:42.400,-0.9888007871892666,0.06609744063918614,1.4096292727791668,0.26690338170798644,telemetry
2026-01-01 12:02:42.600,-0.9606028367226728,0.18127364607461888,0.6782793361101569,-0.5806701572266251,telemetry
2026-01-01 12:02:42.800,-1.3259723681157296,0.5901321986880829,0.8624200084810569,-0.6337949704226521,telemetry
2026-01-01 12:02:43.000,-0.48193582081268005,1.565331874374105,0.2102910796984578,-1.353933606021176,telemetry
2026-01-01 12:02:43.200,-0.1315227210168822,0.92773176333802,-1.1835522316156568,-0.7657239856490287,telemetry
2026-01-01 12:02:43.400,-0.19370705981381361,0.8662687804578396,-0.9557847413780329,0.7088520966670906,telemetry
2026-01-01 12:02:43.600,0.8150532422280495,0.8804418058205724,-1.0219160440104427,0.74050813825791,telemetry
2026-01-01 12:02:43.800,0.9711233416475391,-0.4491891223728715,-1.096220884133953,1.0719107232417076,telemetry
2026-01-01 12:02:44.000,0.7428905598829086,-0.8232304299928231,0.39711910834174846,1.1238519262111137,telemetry
2026-01-01 12:02:44.200,1.5262095668469782,-0.6570072900912147,0.865878653140421,-0.4596504369519373,telemetry
2026-01-01 12:02:44.400,1.127044352818337,-1.4810344020281871,0.6761523736147446,-0.9359905261479097,telemetry
2026-01-01 12:02:44.600,0.42170090107945885,-0.9998920177085016,1.373569397693404,-0.7984182897857551,telemetry
2026-01-01 12:02:44.800,0.7760670604960013,-0.19688951579450206,0.7655956514681119,-1.16277103315506,telemetry
2026-01-01 12:02:45.000,-0.019182060228812,-0.38696975987158005,-0.27716319892472685,-0.01020137092614725,telemetry
2026-01-01 12:02:45.200,-0.7817624663460231,0.6566078507465704,-0.42090094843496495,1.092723764968458,telemetry
2026-01-01 12:02:45.400,-0.41177485731763014,1.3769326064192597,-1.0770467695239072,0.832126192694407,telemetry
2026-01-01 12:02:45.600,-1.0998073583825994,0.8020315673322905,-1.3991963767088313,0.9204229217922671,telemetry
2026-01-01 12:02:45.800,-1.5504193070722967,1.1576343551936268,-0.33936348810378564,0.4250333893294924,telemetry
2026-01-01 12:02:46.000,-0.7618559289287954,1.1051384269941626,-0.08130301938331588,-1.0414366692450245,telemetry
2026-01-01 12:02:46.200,-1.0982025624356733,-0.250587453091893,0.4145966431073818,-1.1133646910334458,telemetry
2026-01-01 12:02:46.400,-0.8773831095432604,-0.4218746929491097,1.557214776870524,-0.68895630953294,telemetry
2026-01-01 12:02:46.600,0.21435633403600485,-0.5936335440074034,1.0636875177838225,-0.6404082525953807,telemetry
2026-01-01 12:02:46.800,0.13006118013633391,-1.6159019178426213,0.4191008162045524,0.6508059549192712,telemetry
2026-01-01 12:02:47.000,0.5433657753725372,-1.0047129967087278,0.4609902769213543,1.4492591607730723,telemetry
2026-01-01 12:02:47.200,1.4124177888462754,-0.6264582701677701,-0.8179559684026135,0.6642963786987063,telemetry
2026-01-01 12:02:47.400,0.968406326259118,-0.7234845251876754,-1.3550021659690825,0.508176396236901,telemetry
2026-01-01 12:02:47.600,0.9920547045414554,0.5028502110930648,-0.7714205157914358,-0.1766159519949526,telemetry
2026-01-01 12:02:47.800,1.449337505241638,0.9982011748788613,-0.8943798993134099,-1.4784610667917495,telemetry
2026-01-01 12:02:48.000,0.4444728532242031,0.7493548467102189,-0.2417824008123139,-0.9324415310553146,telemetry
2026-01-01 12:02:48.200,0.24683559829979979,1.430258554940068,1.1364584465800114,-0.432736966971767,telemetry
2026-01-01 12:02:48.400,0.2752556294138298,1.1056860052517268,0.8977306581832121,-0.08211948569531108,telemetry
2026-01-01 12:02:48.600,-0.8432646743850701,-0.0012401993453651505,0.9841838008097233,1.2603900430863764,telemetry
2026-01-01 12:02:48.800,-0.9991441620776446,-0.005698909474835284,1.0572585692589263,1.3938559877887,telemetry
2026-01-01 12:02:49.000,-0.8544611070301009,-0.5150832870442184,-0.294628885976266,0.2359604675527729,telemetry
2026-01-01 12:02:49.200,-1.527678329036305,-1.5739042940685068,-0.7769442308348533,0.10015400563656361,telemetry
2026-01-01 12:02:49.400,-1.1861124308423672,-0.9007622190812489,-0.773349881562504,-0.8058537146234435,telemetry
2026-01-01 12:02:49.600,-0.5099694949093826,-0.9436110637929133,-1.450838734506666,-1.543265530567949,telemetry
2026-01-01 12:02:49.800,-0.8177252084443752,-1.012604337804096,-0.8011972684466196,-0.49123387490494924,telemetry
2026-01-01 12:02:50.000,0.0841249122231915,0.30014143852190783,0.2603952474918896,0.09083370176265063,telemetry
2026-01-01 12:02:50.200,0.8304960716189228,0.5992275894332197,0.3317251371404505,0.36722763396495334,telemetry
2026-01-01 12:02:50.400,0.5087483423280051,0.6703211505191143,1.2196076113982504,1.5872812170952237,telemetry
2026-01-01 12:02:50.600,1.1000799937901669,1.5363607085516027,1.5359257821807228,0.9541494108852693,telemetry
2026-01-01 12:02:50.800,1.5303157200472428,1.0121664248643798,0.36230327209759505,-0.11328984240868158,telemetry
2026-01-01 12:02:51.000,0.8630363177444293,0.4089607741770273,0.10817532127787935,-0.38828925413388904,telemetry
2026-01-01 12:02:51.200,1.015919702669339,0.5415630766254309,-0.4432655676071677,-1.2473572427120012,telemetry
2026-01-01 12:02:51.400,0.8047016905322872,-0.5335904460469096,-1.4529078226664347,-1.2703443298883106,telemetry
2026-01-01 12:02:51.600,-0.1817530797148273,-1.1658127226258421,-0.9957885535157389,0.08318952984315771,telemetry
2026-01-01 12:02:51.800,-0.17461114126198604,-0.7252432277345652,-0.48309588555486455,0.4286349225921189,telemetry
2026-01-01 12:02:52.000,-0.5385929230325963,-1.237097860595105,-0.32456139319717314,0.8407051606842795,telemetry
2026-01-01 12:02:52.200,-1.4012808446237122,-1.0700073356862494,0.8717977530571323,1.4569780884065158,telemetry
2026-01-01 12:02:52.400,-0.942887754121631,0.13978443209916422,1.3537943883667314,0.33539104484778715,telemetry
2026-01-01 12:02:52.600,-1.0209691353941825,0.10847419010872869,0.8495459911880443,-0.7893192068787349,telemetry
2026-01-01 12:02:52.800,-1.4871356234369315,0.5396524835270803,0.9465433116698359,-0.7422325117435531,telemetry
2026-01-01 12:02:53.000,-0.3970858329635437,1.5821305865521953,0.11671405309808774,-1.2494468145323883,telemetry
2026-01-01 12:02:53.200,-0.17412532297163588,0.8914196273926258,-1.0604333714979568,-0.7439203160133663,telemetry
2026-01-01 12:02:53.400,-0.3286193040119087,0.7329231023623295,-0.8848460534751849,0.7395495384861117,telemetry
2026-01-01 12:02:53.600,0.8697205709143784,0.8336181777484555,-0.9459870855052529,0.6743112585148425,telemetry
2026-01-01 12:02:53.800,1.0021535480963022,-0.45898643281972995,-1.2109935280587936,1.0389576249930819,telemetry
2026-01-01 12:02:54.000,0.7780501272562502,-0.7852043825777458,0.30855854018494994,1.1294951110080516,telemetry
2026-01-01 12:02:54.200,1.5491391610973315,-0.6296276564912938,0.7998264728572635,-0.4540274089873578,telemetry
2026-01-01 12:02:54.400,1.2065830987779653,-1.514148211478028,0.6805962609691785,-1.0757501418056208,telemetry
2026-01-01 12:02:54.600,0.516356489301544,-1.0649243212531043,1.4086635742325362,-0.8180040518689377,telemetry
2026-01-01 12:02:54.800,0.8606618378760742,-0.17693097889427395,0.7212339881494068,-1.1120561996887293,telemetry
2026-01-01 12:02:55.000,-0.011943498247541538,-0.29671925422895323,-0.3635056338100595,-0.0820150710362807,telemetry
2026-01-01 12:02:55.200,-0.8159491131157109,0.6319677481200123,-0.3518960696848557,1.1606702974579097,telemetry
2026-01-01 12:02:55.400,-0.4078907979316218,1.269105475143587,-1.1318756102830383,0.830395906776833,telemetry
2026-01-01 12:02:55.600,-1.1987084087554598,0.8708271032161596,-1.4291161184377226,0.9341059675727956,telemetry
2026-01-01 12:02:55.800,-1.4477580065629838,1.1557929028664653,-0.33279007518568604,0.467741671279469,telemetry
2026-01-01 12:02:56.000,-0.8127660784975012,1.0110138761542002,0.09560568631319509,-1.041348731562085,telemetry
2026-01-01 12:02:56.200,-0.9960791118462891,-0.24620480226520777,0.4111783655383676,-1.1246979871775424,telemetry
2026-01-01 12:02:56.400,-0.8762686480389815,-0.35481922520214176,1.4291056247055944,-0.6519902539275496,telemetry
2026-01-01 12:02:56.600,0.23486497165478107,-0.7413783060065995,1.0818512558897087,-0.6569756764874195,telemetry
2026-01-01 12:02:56.800,0.18950345251750095,-1.6140413416240196,0.45188963972997304,0.6587724595967173,telemetry
2026-01-01 12:02:57.000,0.5041070658689153,-0.9961866420575154,0.4293544996483645,1.4563272390413762,telemetry
2026-01-01 12:02:57.200,1.4219043213852007,-0.5936093920925894,-0.7909969190112227,0.7257199191862587,telemetry
2026-01-01 12:02:57.400,0.9216336670925256,-0.6956351198901846,-1.3899951631084393,0.592809644484962,telemetry
2026-01-01 12:02:57.600,0.9323057491232427,0.4761307009949321,-0.6488582568224011,-0.3234782847358556,telemetry
2026-01-01 12:02:57.800,1.3505516555734665,1.048426600568426,-0.9053929379526177,-1.5140717291953503,telemetry
2026-01-01 12:02:58.000,0.42357355293725046,0.6924039408878833,-0.1781452973941092,-0.8832578734073037,telemetry
2026-01-01 12:02:58.200,0.15566155489895667,1.38167065130367,1.0401249155765546,-0.41972841115830306,telemetry
2026-01-01 12:02:58.400,0.17118379150029694,1.0642859984579247,0.9211836197382836,-0.13556149149150457,telemetry
2026-01-01 12:02:58.600,-0.8737284968719943,-0.0212725900535011,1.0764717763394147,1.2244049955940672,telemetry
2026-01-01 12:02:58.800,-1.1191145973754792,0.10548573140457955,1.1715265593460042,1.3269451598211621,telemetry
2026-01-01 12:02:59.000,-0.7566692903230863,-0.6031210677745454,-0.3323210640381501,0.34203104419775077,telemetry
2026-01-01 12:02:59.200,-1.4882719369319721,-1.4686508172921489,-0.757939362099126,0.09296399078348525,telemetry
2026-01-01 12:02:59.400,-1.2057086729944893,-0.7980510617027502,-0.7396736328711946,-0.7529342191914569,telemetry
2026-01-01 12:02:59.600,-0.4153397607510517,-1.0152839439136203,-1.4725868635298898,-1.574585599393052,telemetry
2026-01-01 12:02:59.800,-0.7318825554773684,-0.9409993901981286,-0.7348978732883616,-0.5231601221550234,telemetry
